material_id,formula_pretty,nelements,nsites,volume,density_atomic,density,a,b,c,alpha,beta,gamma,energy_per_atom,formation_energy_per_atom,energy_above_hull,total_magnetization,efermi,vbm,cbm,band_gap
mp-1225983,Cs4InSbCl12,4,18,628.9716401418322,34.94286889676845,3.151300890713427,7.676958,7.676958,10.67217,90.0,90.0,90.0,-3.651583188888888,-1.8347721408492967,0.0,0.005924899999999,-0.40642988,-0.3978,0.6929000000000001,1.0907
mp-1033427,Mg6NbCrO8,4,16,163.93981428672927,10.24623839292058,4.241273993946864,8.89480556,4.29312951,4.29312951,90.0,90.0,90.0,-6.916250536875,-2.596196746875,0.24186984553571,2.9912913,7.67818619,7.3294,8.513,1.1836
mp-1210088,NaWO2,3,16,229.1778117501072,14.323613234381702,6.921859781819633,7.277502797326223,7.277502797326223,7.277502797326223,128.57106374665875,128.57106374665875,75.70173631032388,-7.3993484275,-1.350405172844826,0.5876488118750011,10.1212275,3.00698096,2.9734,4.241,1.267599999999999
mp-1199172,K9CuS8(NO9)2,5,76,1379.6838931609825,18.153735436328716,2.378131771717322,12.225745502992403,12.225745502992403,12.225745502992403,114.30144123473718,114.30144123473718,100.19072584568934,-5.682752884210527,-1.6532642143486842,0.270493165479561,0.000782599999999,1.53504254,1.4687,3.2131,1.7444000000000002
mp-8976,Cu2WS4,3,7,160.7421167682391,22.96315953831987,4.537052817275628,5.41400866,5.41400866,5.48392859,90.0,90.0,90.0,-15.561454158571427,-0.533234831607141,0.004176839523811,0.0,2.17268697,1.9771,3.4214,1.4443
mp-1258129,Mg3Mn2(SiO4)3,4,80,823.3993580398868,10.292491975498583,3.702963784459861,10.234578133706975,10.234578504809123,10.234577422600749,106.323327022747,111.06772584884943,111.06773173992208,-7.78481090075,-2.841464561793104,0.08715322996528,32.0024174,4.4322697,4.4323,5.8582,1.4259
mp-1212528,Hg3(N5Cl8)2,3,29,1327.103560321117,45.76219173521092,1.6379933329951082,11.53085686,11.53085686,12.88814091613972,116.57338475946727,116.57338475946727,90.0,-10.95005706525862,0.699251508534483,0.911367752499998,16.0000002,-2.62846409,-2.9303,-1.8045,1.1258
mp-1034467,Mg14VCrO16,4,32,314.3307106454337,9.822834707669804,3.693707152904479,8.52351046,8.52351046,4.3266306,90.0,90.0,90.0,-6.6544588596875,-2.8816179275,0.042270274670137,6.9999999,7.14517243,6.8661,8.739700000000001,1.873599999999998
mp-2782,ZnP2,2,24,465.5333132688376,19.39722138620157,3.634205801572855,5.034404820000009,5.034404840001495,18.367687990011174,90.00010726271377,90.00000678318294,89.99999954476358,-9.28700543875,-0.315420362400793,4.786666666589667e-06,0.0,3.55890404,3.485,4.947,1.462
mp-11025,ZnP2,2,24,470.1431866833324,19.58929944513885,3.598571490192827,5.05271944,5.05271944,18.41534157,90.0,90.0,90.0,-9.287010225416669,-0.315425149067459,0.0,0.0,3.55168789,3.4844,4.9461,1.4617
mp-757326,Zn2Fe7O12,3,42,472.49973710291,11.249993740545476,5.01659357953128,13.55155586021819,13.55155586021819,13.55155586021819,154.14900119827027,154.14900119827027,36.883070427329685,-7.47458362095238,-1.703861347142856,0.007036667142857,68.000187,3.46230058,2.8395,3.999,1.1595
mp-1038043,NaMg30MnO32,4,64,622.2496390490401,9.722650610141253,3.520047618660935,8.554086999999999,8.554086999999999,8.503884,90.0,90.0,90.0,-6.36569079828125,-2.963306600145474,0.011711497695312,4.0038262,4.40036453,4.4003,6.0851,1.6848
mp-1198027,LiSi2B,3,32,409.7964532056764,12.806139162677386,2.396351231642557,6.81721516,6.81721516,8.81767714,90.0,90.0,90.0,-5.0029624165625,-0.1432247421875,0.0,0.0,7.41429677,6.2476,7.4144,1.166799999999999
mp-1185778,Mg2Si2O5,3,9,81.78598641049693,9.087331823388547,3.75163400375439,3.654178,3.654178,6.124907,90.0,90.0,90.0,-6.768747340000001,-2.451927216111112,0.5926424434259221,0.0005574,9.9655117,8.3117,9.9651,1.653399999999999
mp-1217916,TaTiGaO6,4,18,198.75082056290177,11.041712253494545,6.592572379801176,4.678346,4.678346,9.080803,90.0,90.0,90.0,-8.889478476666666,-3.058558297574073,0.042511589999996,4e-07,2.78484231,2.785,4.5306,1.7455999999999992
mp-1038517,Mg30BWO32,4,64,628.4066662706906,9.81885416047954,3.793995032169612,8.555734,8.555734,8.584722,90.0,90.0,90.0,-6.381373212656251,-2.83627360936198,0.154188330234373,3.0007397,6.38668966,6.3867,8.2724,1.885699999999999
mp-616573,Cs2V5O13,3,20,352.48911746716726,17.624455873358364,3.431936641717553,8.000191873933339,8.000200592813881,8.000211952173702,121.66286130099968,121.66281127440318,87.1433765878542,-7.988286874500001,-2.410337946715519,0.001067443749991,0.9997921999999992,0.17764368,0.1137,1.3584,1.2447
mp-1035053,Mg14CoBO16,4,32,302.320448502661,9.447514015708157,3.658127176014944,8.41924197,8.41924197,4.2650246,90.0,90.0,90.0,-6.33041823875,-2.711456839348958,0.234698553072917,1.999999299999999,7.474915399999999,7.2401,9.2001,1.96
mp-19277,VSO5,3,14,155.2872194488918,11.091944246349414,3.486103759255181,3.96703815,6.256547351456067,6.256545407205299,89.99993801027364,90.0,90.0,-7.493575348571428,-2.070559804642857,0.027591024642856,2.0,1.72397486,1.6013000000000002,3.5114,1.9101
mp-9740,BaDy2PdO5,4,18,256.5935900872606,14.255199449292256,8.396661474326004,6.581437,6.581437,5.923854,90.0,90.0,90.0,-7.625391023888889,-3.061456264814813,0.01197508138889,0.0007287,3.14794922,3.0469,4.8325,1.7855999999999992
mp-1228577,Ba2NaSr2(SbO4)3,5,40,577.1947361974842,14.429868404937103,5.927341746993309,8.317112,8.317112,8.344057,90.0,90.0,90.0,-6.5460867095,-2.529733578568965,0.041100248583339,0.000118299999999,5.09482031,3.4137,5.0945,1.6808
mp-29170,Hg(AuF4)2,3,22,345.95923143530183,15.725419610695536,7.166217922480215,5.75104176,5.75104176,10.46000474,90.0,90.0,90.0,-17.251372934545454,-1.292650168863637,0.0,0.0,-2.39848593,-2.4682,-0.8944000000000001,1.573799999999999
mp-541914,MnHgC4(SN)4,5,14,300.2395877387077,21.44568483847912,2.698200742158603,8.398350491258626,8.398350491258626,8.398350491258626,94.3055739688598,94.3055739688598,148.1951981152956,-6.994104771428572,-0.11565336145936,0.159515594056121,5.0136061,0.17509711,0.1405,1.5144000000000002,1.3739
mp-1215430,Zn2SeS,3,4,84.39186443310864,21.09796610827716,4.758631085844241,3.90928706,3.90928706,5.52211514,90.0,90.0,90.0,-3.53436621,-0.996167107460936,0.011429009999999,0.0,1.704366579999999,1.619,3.1101,1.4911
mp-3931,SmSF,3,6,103.40814430194918,17.23469071699153,6.468957202528947,3.87544003,3.87544003,6.88513885,90.0,90.0,90.0,-6.907670453333334,-3.317725045833334,0.0,0.0,3.90254988,3.8653,5.095,1.229699999999999
mp-695514,NaSr2NdTi4O12,5,60,716.7718595481609,11.946197659136017,5.0452848069397,5.50411,5.50411,23.659564,90.0,90.0,90.0,-8.492302687666667,-3.4696914617773,0.015804862388899,0.0002791,3.23810497,3.1688,5.0221,1.8533
mp-33775,La5AgSe8,3,14,373.27130093667023,26.66223578119073,6.379645231913779,7.856514450608214,7.856491265597035,7.856556759342521,109.82172291197509,109.82303267171788,108.770362959973,-22.42473198857143,-2.098141987321428,0.011080011171877,0.0,5.63053012,5.5722000000000005,6.7584,1.1862
mp-1032875,Mg6MnCoO8,4,16,158.09581488658682,9.880988430411676,4.072119714639979,8.64205981,4.27712116,4.27712116,90.0,90.0,90.0,-6.722216948750001,-2.61834568987069,0.073436301718748,7.8848318,5.45046142,5.1162,6.7993,1.6830999999999992
mp-1232208,Pm2MgSe4,3,14,348.83243033702365,24.91660216693026,5.999329759057659,7.68483896295303,7.68483896295303,7.68483896295303,110.784813898668,110.784813898668,106.87481853587497,-5.485931559999999,-1.898045764196428,0.07991834464286,1.1400000000000004e-05,3.5618245,3.4748,5.0812,1.606399999999999
mp-1001023,BeC2,2,6,58.40206917627684,9.73367819604614,1.878479793418562,3.360238,3.360238,5.172353,90.0,90.0,90.0,-6.551243408333334,0.849215976666665,0.964481677499999,6.400000000000002e-05,2.44600617,2.2919,3.9616,1.669699999999999
mp-1228038,Ba4Zr3TiO12,4,20,298.2346307563092,14.91173153781546,5.917780255638519,4.215715,4.215715,16.780912999999998,90.0,90.0,90.0,-8.6167994515,-3.587298165166667,0.015201847499991,9.77e-05,3.99001994,2.2826,3.9902,1.7076
mp-1033557,RbMg6BO8,4,16,187.4653060808536,11.71658163005335,3.278324739404644,4.876717,4.876717,7.882533,90.0,90.0,90.0,-5.967326875625,-2.403174752291666,0.5311510193749991,0.0027458,3.5680886,3.5681000000000003,5.2964,1.7283
mp-2228701,MgFe2W2(ClO4)2,5,15,274.32820022245306,18.28854668149687,4.252771776351585,5.691886,6.94236,6.94236,90.0,90.0,90.0,-7.746976885333334,-1.895807935,0.173440258666666,7.999970699999999,0.37627383,0.2886,1.8372,1.5486
mp-2227068,Ba2MgMnO4,4,8,135.35843086263887,16.91980385782986,5.126613682819917,10.593181628613124,10.594110413579376,10.594110413579376,160.26964718896235,160.28196454076388,28.03616651851683,-6.642482548749999,-2.339697647866378,0.341590662812497,4.9999997,2.90838401,2.7982,4.3369,1.5387
mp-1009083,MgSnP2,3,8,199.97326922537133,24.996658653171416,3.40393773237127,5.9004912,5.9004912,7.099196209096446,114.55551564506104,114.55551564506104,90.0,-4.41879466875,-0.301047438571427,0.010045734249999,0.0,3.8057074,3.7477,4.9619,1.2142
mp-1384340,SnO2,2,12,186.65849287488228,15.55487440624019,5.362903047720515,7.768985121783217,7.768985121783217,7.768985121783217,92.48049105184836,92.48049105184836,155.98537026323598,-6.6740556600000005,-2.038891038333332,0.068590966666667,0.006384799999999,2.51133741,2.5054,4.3071,1.8017
mp-20396,RbCa2Nb3O10,4,16,240.4062359998148,15.025389749988426,4.174288965866397,3.966101,3.966101,15.283337,90.0,90.0,90.0,-8.405075370625,-3.106621682968748,0.047629975781223,0.0095801,1.44877925,1.3786,2.8564,1.4777999999999991
mp-1217849,TaV(Cu3S4)2,4,16,331.5679590489702,20.72299744056064,4.355506947303,7.764438,7.764438,5.499871,90.0,90.0,90.0,-5.777716609375,-0.8623881510833331,0.0,0.0003989,3.07378458,3.0681,4.2579,1.1898
mp-1212776,Fe3Pb4BrO8,4,16,249.06472851353024,15.56654553209564,8.028747973951546,3.985096,3.985096,15.683199,90.0,90.0,90.0,-6.604677284375,-1.512096879062499,0.069323758330081,15.006712,6.03764192,4.8044,6.0377,1.233299999999999
mp-699498,U2CuP2(HO)24,5,106,1048.1973513721346,9.888654258227684,3.199191382839591,7.048174,7.048174,21.100358,90.0,90.0,90.0,-6.305257943584906,-1.819446011684636,0.0,2.8572856,0.573083799999999,0.4788,1.5599,1.0811
mp-1038048,BaMg30MnO32,4,64,652.7032932868767,10.198488957607449,3.646694942411553,8.675632,8.675632,8.671886,90.0,90.0,90.0,-6.32658933390625,-2.915185539498922,0.085095148613281,5.0020174,6.01727113,6.017,7.6019,1.584899999999999
mp-1219633,RbLa2Ti2NbO10,5,16,233.45398055022312,14.590873784388943,5.063779786486762,3.885529,3.885529,15.463257,90.0,90.0,90.0,-8.84819554875,-3.459167585885417,0.029542367656246,0.0230315,3.0222541,3.0167,4.6839,1.6672
mp-1181437,FeO,2,2,98.2365765156388,49.1182882578194,1.214419691197656,5.512634481981006,5.512634481981006,5.512634481981006,96.20340083535496,96.20340083535496,141.61751219970114,-7.137647555000001,-0.4286564475,1.052862939999999,4.0012665,-3.17004158,-3.1702,-1.2841,1.886099999999999
mp-765962,V3H8(NO4)2,4,42,464.0020665409714,11.04766825097551,2.268176180793063,9.028631,9.028631,5.692147,90.0,90.0,90.0,-6.788963940714286,-1.518807119285714,0.067267476825396,2.0033537,0.22593419,0.1424,2.121,1.9786
mp-1211773,K2TbNb5O15,4,46,643.7870166253945,13.995369926639013,4.85762533231559,12.757534,12.757534,3.955567,90.0,90.0,90.0,-8.791735957391305,-3.068842768528986,0.044374546340582,0.0065978,1.22593519,1.2198,3.0868,1.867
mp-996959,LiAuO2,3,8,94.02731333947168,11.75341416743396,8.332296816138216,4.209500074415044,4.209500536309945,6.084152710631711,110.23916814978044,110.239171346243,90.00001153671249,-5.00680094875,-1.237119229583332,0.0,0.0,1.12493505,1.1248,2.6507,1.5259
mp-1016136,MnHO2,3,32,333.7533741348786,10.429792941714956,3.500447036972174,6.07632,6.101868,9.001652,90.0,90.0,90.0,-6.81793857375,-1.204662638545259,0.534038386171873,1.0100000000000002e-05,1.165199289999999,1.069,2.4578,1.3888
mp-776661,NbV3O10,3,14,203.51248447988607,14.536606034277575,3.310470191808717,6.716405,6.716405,4.511462,90.0,90.0,90.0,-8.622575730714285,-2.420244780714285,0.082008259642858,0.0046241,-0.29734148,-0.3059,1.21,1.5159
mp-1036757,Mg30VSiO32,4,64,627.103246416586,9.798488225259156,3.495714004836205,8.55931,8.55931,8.559759,90.0,90.0,90.0,-6.389153064218751,-2.924183115625,0.085773031875,3.0059798,6.87459254,6.8742,8.5693,1.6951
mp-1223929,InCuGeS4,4,7,160.36757471353764,22.909653530505377,3.927119866219554,6.451921123841176,6.451921123841176,6.451921123841176,128.40439369456237,128.40439369456237,75.97083607488277,-4.706669431428572,-0.70224098595238,0.0,9.580000000000002e-05,3.81117418,3.7224,4.857,1.1346
mp-1520127,BaYInWO6,5,40,612.9013221524342,15.322533053810854,6.728701651078636,8.50580887,8.48860263,8.4886521,90.0,90.0,90.0,-8.102690197,-2.719376552666666,0.08469915445832,0.0,4.13000112,4.0448,5.3434,1.298599999999999
mp-757186,MnF3,2,16,219.38213407662383,13.711383379788993,3.388964063045631,4.999746,4.999746,8.776177,90.0,90.0,90.0,-6.448189243750001,-2.722296139482759,0.042534918749998,16.0037361,-1.27766444,-1.288,-0.2181,1.0699
mp-1036923,Mg30CoBiO32,4,64,639.1042516501409,9.986003932033451,3.92084259283414,8.612204,8.612204,8.616742,90.0,90.0,90.0,-6.2783311975,-2.867826453124999,0.064590724746094,1.9998859,7.17693861,7.1769,8.279,1.1021
mp-863435,Co3(AsO4)2,3,39,458.1147643829119,11.746532420074663,4.943810114500851,10.65690880150703,10.65690880150703,10.65690880150703,141.870001152228,141.870001152228,55.02466888669116,-6.949699031282052,-1.540146472435897,0.011999354871795,27.0014308,2.62381527,2.6031,4.2784,1.6753
mp-31213,Sr4Ti3O10,3,17,215.50989030830584,12.677052371076812,5.039755198393024,3.91068857133501,3.910687454753429,14.360376652566476,97.82583190948236,97.82583055226743,90.00000304107697,-8.210772392352942,-3.508666600588235,0.00125413117645,0.0,3.14253414,3.0838,4.5469,1.463099999999999
mp-1227238,CaBiIO2,4,5,110.65538382421856,22.131076764843712,6.122036427857116,7.366431956386212,7.366431956386212,7.366431956386212,148.19640827603806,148.19640827603806,45.5955110082614,-5.632031042,-2.168917279,0.0,0.003362,3.51993946,3.4873,5.0403,1.553
mp-7911,KCuO,3,12,234.5558145823458,19.546317881862148,3.359754678548887,5.484766290382501,7.091235101024129,7.091236043748812,81.39863468917629,67.24891856031222,67.24891061929546,-4.610652090833333,-1.217806291583332,0.0,0.0,1.520070609999999,1.4695,2.4989,1.029399999999999
mp-19471,Ba5Sm8Mn4O21,4,38,599.0527973555656,15.764547298830674,6.778101656142529,5.891464716975058,10.50518018256636,10.505180467647854,85.49026967365886,73.7154620763542,73.71546504606256,-8.158039166315788,-3.213333743861161,0.0,19.9953499,3.33056175,3.3306,5.3073,1.9766999999999992
mp-9562,LiBeAs,3,6,86.07705830986724,14.346176384977872,3.506186866575579,3.73657199,3.73657199,6.16510828,90.0,90.0,90.0,-3.9178650716666654,-0.478378983611111,0.0,0.0,3.86092244,3.6263,4.634,1.0077
mp-754901,Li2CrFeO4,4,8,73.62635420222583,9.203294275278228,4.188669684488809,5.280437837508079,5.280437837508079,5.280437837508079,134.54499386802544,134.54499386802544,66.23800429759922,-7.3629287275,-2.146333923333333,0.030843375416666,2.0,3.87620254,3.2289,4.5089,1.279999999999999
mp-1103149,AgMoH4S4N,5,11,200.268985910678,18.206271446425276,2.902924702810142,6.537079790924461,6.537079790924461,6.537079790924461,101.62686992694316,101.62686992694316,126.65001310099194,-5.319688820909091,-0.578132262878787,0.041689485681818,0.002002599999999,1.36937336,1.3387,2.3747,1.035999999999999
mp-4666,CdSiP2,3,8,169.76227734194765,21.220284667743456,3.960434743397996,5.6872275571836095,5.687227410132427,6.612082805943362,115.4715758199704,115.47156866915094,90.00000776698373,-11.99330840625,-0.272582178988093,0.0,0.0,3.92531796,3.7873,5.213,1.4257
mp-870,TlN3,2,8,140.53352166702985,17.56669020837873,5.822987526243125,5.700200957935067,5.700200266801923,5.70019971258789,101.4714928319617,113.61317821254556,113.61317564955786,-19.83083430375,0.310554844687501,0.310554844687501,0.0,2.23962284,2.156,3.9144,1.7584
mp-1198947,FeHg2C6S2(NO2)2,6,68,1562.5261414422878,22.97832560944541,2.912851149264841,12.662595117254323,12.662595117254323,12.662595117254323,108.927112321959,108.927112321959,110.56500524887429,-6.686956964558824,-0.262341900441177,0.5114681595588201,0.0150155,-1.0560535,-1.076,0.4795,1.555499999999999
mp-1038344,Mg30AlCoO32,4,64,614.6987594770934,9.604668116829584,3.584863183349176,8.496541,8.496541,8.51487,90.0,90.0,90.0,-6.3848660275,-2.976618446875,0.029573655117187,2.0000029,6.94877301,6.9487000000000005,8.2925,1.343799999999999
mp-1232184,Pm2Se3,2,40,1047.9726410637431,26.19931602659358,6.678837130878813,14.70586309899253,14.70586309899253,14.70586309899253,144.8662739400899,144.8662739400899,50.53385136105564,-22.59411070125,-2.190929577687498,0.022085285750002,0.0,4.95499099,3.3359,4.9551,1.619199999999999
mp-1039978,RbLaMg30O32,4,64,666.9699415939506,10.421405337405478,3.64863033359579,8.694582,8.694582,8.822849,90.0,90.0,90.0,-6.228564194375,-2.897854916445312,0.135616968281249,0.0030367,5.57273199,5.5727,7.5521,1.9794
mp-684708,Er2S3,2,40,840.2262306464423,21.00565576616106,6.809744679760566,13.654434094694954,13.654434094694954,13.654434094694954,144.8335057038718,144.8335057038718,50.58270815766113,-20.71581181125,-2.32521540827083,0.040974032416666,0.0046345,4.19942613,4.1092,6.0811,1.971899999999999
mp-28855,Cd4OF6,3,22,307.09123955443454,13.958692707019752,6.268525292357282,7.52515639,7.52515639,5.42295958,90.0,90.0,90.0,-4.126121581363643,-2.283292852727279,0.0,0.0,-0.97171713,-1.0371,0.8626,1.8997
mp-1040003,LaMg30BO32,4,64,646.4349069590838,10.100545421235685,3.572759148130504,8.644752,8.644752,8.650072,90.0,90.0,90.0,-6.301176006093749,-2.881422076627603,0.163003241774146,0.0050447,7.00518086,7.0051,8.2211,1.216
mp-676077,Ce3Nd2O9,3,14,212.1764912279565,15.155463659139752,6.674405246970445,14.216334610864925,14.216334610864925,14.216334610864925,164.23017157435868,164.23017157435868,22.37345518888436,-8.955563230000001,-3.821363692857143,0.053802198392842,0.0057223,3.72239973,3.673,5.4699,1.7969
mp-552488,LaCuSeO,4,8,146.14257085077844,18.267821356347305,6.758638028487416,4.069512,4.069512,8.82454,90.0,90.0,90.0,-6.68391434375,-2.314142779335937,0.0,1.04e-05,7.09944263,6.8349,8.373,1.5380999999999991
mp-545847,LuBi2BrO4,4,8,139.43952836009333,17.429941045011667,8.774656788566745,3.877089,3.877089,9.276291,90.0,90.0,90.0,-6.644609340000001,-2.428291011458334,0.0,0.0007704,3.68937843,3.63,5.0284,1.3984
mp-1078191,Ba2TeO,3,8,263.2618769603321,32.90773462004151,5.276313596616395,5.09666846,5.09666846,10.13480055,90.0,90.0,90.0,-5.42122402875,-2.438919834166666,0.0,0.0,2.00055659,1.9537,3.7367,1.783
mp-1180767,KCrF3,3,10,144.81653079525373,14.481653079525373,3.396139663724107,5.8469319098321,5.8469319098321,5.8469319098321,118.2713750347546,118.2713750347546,93.02108625962023,-6.231186697,-2.925991833449999,0.002180736999999,7.999999499999999,2.01901568,1.9039,3.4759,1.572
mp-1034447,Mg14VCO16,4,32,309.9860187626008,9.687063086331277,3.531282732894101,8.53184568,8.53184568,4.25849482,90.0,90.0,90.0,-6.41325786125,-2.65360645484375,0.253379572174479,2.8972067999999997,6.48658044,6.2302,7.4165,1.1863
mp-1225275,Dy2O3,2,5,79.72847892795205,15.945695785590411,7.768592754623437,3.787963,3.787963,5.556509,90.0,90.0,90.0,-8.56731074,-3.751183925666665,0.253861854,6.48e-05,2.18907261,2.0764,3.6173,1.5409000000000002
mp-559885,Cr2AgBiO8,4,12,156.20440996888811,13.01703416407401,5.834429510267972,6.940710381432365,6.940710381432365,6.940710381432365,136.53702139367,136.53702139367,63.1511754498852,-6.959047374166666,-1.490484460138888,0.010533770145285,4.5e-05,1.91912893,1.8846,3.3726000000000003,1.487999999999999
mp-1271121,CoF3,2,8,110.76910997682208,13.84613874710276,3.475764043011478,3.832972663860805,5.376628276451677,5.375332335617163,89.9895830291525,90.373092450086,90.59193233323352,-5.358878181250001,-2.14013472,0.010794163124999,7.9426517,-2.84233686,-2.9453,-1.3071000000000002,1.638199999999999
mp-1217194,Ti2AgBiO6,4,10,118.62389518349224,11.862389518349223,7.119267974180334,5.53797709012253,5.53797709012253,5.53797709012253,120.79228324394168,120.79228324394168,88.63311698567514,-7.685268231,-2.464096025833334,0.110536402374995,2.2300000000000003e-05,4.59087897,4.5085,5.9205000000000005,1.412
mp-1029396,SrHfN2,3,8,132.94097552148477,16.617621940185597,7.347672817735369,4.02121058,4.02121058,8.22138958,90.0,90.0,90.0,-21.3095768125,-1.670932361874999,0.0,0.0,3.2848852,3.1857,4.7314,1.5456999999999992
mp-1039763,CsMg30WO32,4,64,660.5916801791591,10.32174500279936,3.916056551766948,8.664976,8.664976,8.798292,90.0,90.0,90.0,-6.265956912031252,-2.8110356556196123,0.160588507285155,3.0060281,5.51666575,5.5165,7.4606,1.9441
mp-542296,Cs4Mn2PdF12,4,38,754.182043719185,19.84689588734697,4.297418613103308,8.737572,8.737572,11.651565745232745,112.02138925133151,112.02138925133151,90.0,-5.383474266315789,-2.746524204446461,0.00962759526315,15.9907771,-0.34279318,-0.3428,0.7394000000000001,1.082199999999999
mp-561066,TlS,2,64,1932.5754526955384,30.19649144836779,6.50127913126112,8.027244,8.027244,29.991869,90.0,90.0,90.0,-3.72855722421875,-0.474122309635419,0.028092917447914,0.004774,3.37271786,2.8432,3.8819,1.0387
mp-19970,Li3CuO3,3,28,265.3866298411937,9.478093922899776,3.31291605561265,8.63940865,8.63940865,3.55558451,90.0,90.0,90.0,-5.305655165714285,-1.78138969642857,0.0,0.0,0.62370327,0.4884,1.666399999999999,1.178
mp-1222336,LiZnRhF6,4,18,214.05590007006765,11.891994448337092,4.487651576331298,4.762509,4.762509,9.43747,90.0,90.0,90.0,-4.857079505555555,-2.410847439259258,0.0,0.0034403,0.03770193,0.0377,1.6273,1.5896
mp-1037960,CaMg30CrO32,4,64,630.2802571907886,9.848129018606071,3.512467342860792,8.552187,8.552187,8.617461,90.0,90.0,90.0,-6.41029746890625,-2.98986778203125,0.026624385221357,4.0052242,6.37653835,6.3761,8.0879,1.711799999999999
mp-1096860,Ca2TiO4,3,7,89.0983158449353,12.728330834990755,3.578717564615976,6.584048037818375,6.584048037818375,6.584048037818375,145.94720540847703,145.94720540847703,48.92518716844963,-7.976906235714286,-3.448543979047618,0.036095245357146,0.00038,3.09746612,3.0623,4.6346,1.572299999999999
mp-1218162,SrNd2Ti4O12,4,19,236.45871646115825,12.445195603218854,5.33406863950985,5.500063,5.500063,7.816638,90.0,90.0,90.0,-8.929817730526315,-3.551595463070175,0.098350005921064,0.0001696,3.04150332,3.0415,4.766,1.7245
mp-36358,Ca(GdS2)2,3,14,300.5017566265973,21.464411187614093,5.336217470670494,7.308414161851667,7.308414161851667,7.308414161851667,109.50831486703764,109.50831486703764,109.39705761441816,-20.338994545,-2.343501229464284,0.02026983964286,28.0001026,5.3928468800000005,3.9895,5.3929,1.4034
mp-19414,K3CrO4,3,16,321.21608364846554,20.076005228029096,2.411989024287895,6.144239830935069,8.508655618649753,6.144240082005341,89.99999225205977,89.99999519341125,89.99998945214787,-6.032684341875,-1.92780925959375,0.014111196249997,2.0070662,0.70621374,0.6325000000000001,1.8719,1.239399999999999
mp-1040297,KMg30BO31,4,63,629.2910337786441,9.988746567914983,3.364508280281273,8.568835,8.568835,8.570536,90.0,90.0,90.0,-6.157625442857143,-2.822519838117725,0.155684659724385,0.00062,6.5055498,6.5053,8.1238,1.6184999999999992
mp-1209307,Rb3CoCl5,3,18,549.5959463836426,30.53310813242459,2.976674766796701,8.81417761,8.81417761,9.428135982553046,117.86824847987532,117.86824847987532,90.0,-4.015680738333335,-1.869265967500001,0.002274393055558,6.0000001,0.18059482,0.1806,1.2679,1.0873
mp-1095708,Mg30CrSnO32,4,64,638.4401904098672,9.975627975154175,3.672090766423034,8.587669,8.587669,8.657043999999999,90.0,90.0,90.0,-6.35348701484375,-2.901745265859374,0.06842893765625,3.9998396,6.66028883,6.6603,8.5989,1.9386
mp-1103169,NaAgO,3,12,217.48439590336,18.12369965861333,4.485147504851868,7.20421425432316,7.20421425432316,7.20421425432316,96.07181657087168,96.07181657087168,142.04090592695593,-4.08052156,-1.036315072681991,0.000581675833325,0.000158,0.399929,0.2496,1.5074,1.2578
mp-1034479,SrMg14NbO16,4,32,336.91273236830415,10.528522886509505,3.828542737287682,8.71975539,8.71975539,4.43107213,90.0,90.0,90.0,-6.3676341625,-2.811768868125,0.193322706562499,2.8333334,7.75756771,7.4361,8.6464,1.2103
mp-725147,Mo(NCl2)3,3,20,585.651912362088,29.2825956181044,1.988603375347767,8.902246,8.902246,7.389931,90.0,90.0,90.0,-4.019346938,0.6758270764999991,1.5539896814999992,17.9888666,-1.85772904,-1.8943,-0.7406,1.1537
mp-1232187,Y2MgSe4,3,14,331.1204452105693,23.65146037218352,5.195011951679765,7.551069347011852,7.551069347011852,7.551069347011852,110.50857121376102,110.50857121376102,107.4158646455224,-5.958423126428571,-1.868094708482142,0.097574245714286,0.001843899999999,3.63920223,3.639,5.5321,1.8931
mp-1223243,La2Cu2SeSO2,5,8,141.93405140766197,17.741756425957746,6.410397986819283,4.036014,4.036014,8.713272,90.0,90.0,90.0,-6.7831993675,-2.333242023730468,0.001393555625,8.170000000000002e-05,7.17405599,6.9971,8.6088,1.6117
mp-31285,Cs2PdSe8,3,44,1524.986979497323,34.65879498857553,4.372583628733966,12.616153364250373,12.616098897919349,12.616002095259493,105.79734105288028,105.79876074712624,117.09796485810207,-17.646942109772727,-0.5860474318181801,0.0,0.0,1.09551956,1.0304,2.2191,1.1887
mp-540740,SrTb2Fe2O7,4,48,613.2004248750058,12.77500885156262,6.814991672377146,5.592176,5.592176,19.608338,90.0,90.0,90.0,-8.110114685416667,-2.898120952777777,0.014154409166662,40.0001497,4.7773479,3.6072,4.7773,1.1701
mp-1227444,BiPbBrO2,4,5,106.06848147333676,21.213696294667358,8.267326653823874,7.180147959561976,7.180147959561976,7.180147959561976,147.57085550021574,147.57085550021574,46.51927458278262,-5.41543906,-1.588329075,0.0,0.0018604,3.93511941,3.8694,5.3796,1.510199999999998
mp-1031273,KMg6BO7,4,15,173.9374103345711,11.595827355638074,2.937873771554549,8.62808826,4.48992628,4.48992628,90.0,90.0,90.0,-5.491597354,-2.009643446094444,0.776226100842422,0.222199099999999,4.30603904,3.9876,5.1038,1.116199999999999
mp-567914,TeI4,2,40,1817.62887801806,45.4407219504515,4.642549949653939,13.669341154878085,13.669341154878085,13.669341154878085,101.2875665690341,101.2875665690341,127.48352754869768,-2.26608918725,-0.418217916583333,0.006924536249995,0.0,1.23615217,1.1646,2.6665,1.5019
mp-1211765,K2SmNb5O15,4,46,646.5325563906064,14.055055573708836,4.792999042905139,12.771413,12.771413,3.963807,90.0,90.0,90.0,-8.803025054130435,-3.076622190847827,0.029026030253611,0.0110339,1.1679925,1.1607,3.0246,1.8639
mp-1209583,Rb2LaNb5O15,4,46,647.0836505746461,14.067035882057525,5.20609970114571,12.78124723,12.78124723,3.96108312,90.0,90.0,90.0,-8.819501049782609,-3.096761244347826,0.0,0.0,1.6739781,1.6914,3.5547,1.8633
mp-8778,Sm2Au5F21,3,112,1843.2550656461865,16.457634514698093,6.070153129609653,8.383869,8.383869,26.223851,90.0,90.0,90.0,-4.582134260625,-2.225081326875,0.0,0.0046123,-1.91279102,-2.0591,-0.429,1.630099999999999
mp-1100,YbC2,2,3,38.54972148581464,12.849907161938214,8.48846997089982,3.9399894875386208,3.9399894875386208,3.9399894875386208,126.12657469158876,126.12657469158876,79.68020615631006,-19.184964166666667,-0.377014445,0.0,0.0,0.92883801,0.7348,1.7723,1.0375
mp-1233800,CaCu2B2H8(ClO4)2,6,23,246.44534085636917,10.715014819842136,2.666593298724533,6.14402815435517,6.326404273048791,6.340311406212631,90.0325237369425,90.02466812262108,89.99153551155393,-5.725799243478261,-1.638630129057971,0.106938140652175,0.0,3.01616732,2.8219000000000003,4.2531,1.4312
mp-1272202,FeMoClO4,4,14,252.55060111021064,18.03932865072933,3.303785672152367,5.541713619505613,6.750981965930956,6.750530206114702,90.06780495426325,89.99843568284231,89.94490051486271,-7.588823298571429,-1.737958727142857,0.025906566607141,0.0024909,-0.46556621,-0.5223,1.3512,1.8735
mp-1040192,KMg30SbO32,4,64,648.3993992855674,10.13124061383699,3.590468581652792,8.636992,8.636992,8.691957,90.0,90.0,90.0,-6.18914168890625,-2.868685070582031,0.097320803671876,0.0010312,6.39497012,6.3949,8.2294,1.8345
mp-1196177,GdPS4,3,48,1117.3674489091593,23.27848851894082,3.762655883763886,12.250506253036908,12.250506253036908,12.250504692522195,127.68713897686366,127.68715377500205,77.13239853871394,-15.299630847708334,-1.210425760912699,0.0,0.0436572,2.74063842,2.7406,4.2201,1.4795
mp-36007,Ba(NdSe2)2,3,14,391.5521955166535,27.968013965475247,6.290555759279743,7.982269393364922,7.982491346341002,7.982631010917744,109.38194985922011,109.37852844245616,109.65260188818084,-5.819586518571425,-2.185455702053567,0.013085294107147,0.0,4.04123338,3.1677,4.9193,1.751599999999999
mp-560835,Pr10Se14O,3,100,2642.9093320437887,26.42909332043789,6.359689240422019,15.364236697313537,15.364236697313537,15.364236697313537,117.81494910786272,117.81494910786272,93.82820940998708,-6.3514756981,-2.277658247079165,0.003470962875038,5.6500000000000025e-05,4.80880361,3.4107,4.8088,1.3981
mp-1209231,RbCrH8(NO4)2,5,20,207.3638193023631,10.368190965118156,2.414656244670031,6.501828365725752,6.501828365725752,6.501828365725752,100.01142749959662,114.39831856353364,114.39831856353364,-5.3987372045,-0.6959793753750001,0.6870598375249971,1.0002836,2.40345895,0.5511,2.4038,1.8527
mp-20652,PbF3,2,16,253.37151531377543,15.835719707110966,6.925900351601574,5.34222739,5.34222739,8.87795725,90.0,90.0,90.0,-18.68023273375,-2.26442824375,0.0,0.0,0.27437861,0.1374,2.0452,1.9078
mp-1036672,SrMg30SnO32,4,64,652.5190489633299,10.195610140052027,3.6835173005151054,8.676182,8.676182,8.668339,90.0,90.0,90.0,-6.236289577812499,-2.908932506640624,0.091802069101563,0.0024232,6.58666345,6.5866,8.3332,1.7466
mp-10523,CeSiO4,3,12,156.2047646719938,13.01706372266615,4.936797895877379,5.893599740421723,5.893599740421723,5.893599740421723,106.48031182143764,106.48031182143764,115.63447404396676,-8.75594508,-3.563593093333333,0.036410676944445,6.99e-05,3.45946367,3.3462,4.7940000000000005,1.447799999999999
mp-1227688,BaSr3Ti4O12,4,20,250.01888749687416,12.500944374843709,5.204717929046109,3.968352,3.968352,15.876415,90.0,90.0,90.0,-8.430794239499999,-3.533106272666666,0.0037099405,0.0048458,4.88622448,3.1429,4.8863,1.7434
mp-545728,PrBi2IO4,4,8,158.78711632992378,19.848389541240472,7.840832859878374,4.023883,4.023883,9.806738,90.0,90.0,90.0,-6.4974222775,-2.260997688333334,0.0,0.000770499999999,4.06878921,3.9226,5.1423,1.2196999999999991
mp-32850,Tm2Se3,2,40,957.86951478509,23.94673786962725,7.970957965737156,14.285355400099572,14.285355400099572,14.285355400099572,144.9247333590882,144.9247333590882,50.446702940355536,-24.72087504875,-2.085519594187494,0.087484974250003,0.003884599999999,4.40336171,3.5377,5.2341,1.696399999999999
mp-1030846,BaMg6SiO8,4,16,198.8380932515188,12.427380828219922,3.6681671426556974,8.63398655,4.79892664,4.79892664,90.0,90.0,90.0,-5.909992945,-2.36556787625,0.648596437890624,0.0,6.41926479,6.1616,7.6262,1.4646
mp-554766,AgP(XeF5)2,4,28,481.6837596252473,17.202991415187405,4.077624378521106,8.864043691791348,8.864043691791348,8.864043691791348,121.38811712526064,121.38811712526064,87.61206884742116,-3.763183854642857,-1.801092190807823,0.016416138035714,0.001763399999999,-2.41928931,-2.4928,-1.1662,1.3266
mp-1226259,Cs3Ag9(SbS3)4,4,28,763.6704627540192,27.27394509835783,4.873632904496218,9.98325362147822,9.98325362147822,9.98325362147822,111.30872139517908,111.30872139517908,105.855603030975,-3.957020514285714,-0.5829080383559101,0.0,0.0001757,2.56909745,2.5693,4.1632,1.5938999999999992
mp-3808,K2UO4,3,7,124.03025951364324,17.718608501949035,5.090494292722964,4.327535561428397,4.327536093767651,7.295629729203955,107.25256083586324,107.25256185987132,89.99998652632107,-7.823658391428572,-3.059945037785713,0.0,0.0,1.5691352200000002,1.4421,3.4194,1.9773
mp-1036736,Mg30VSiO32,4,64,625.9362040554524,9.780253188366444,3.502231675965657,8.554675,8.554675,8.553090000000001,90.0,90.0,90.0,-6.38962020171875,-2.924650253125,0.085305894375,2.9998184,6.77717298,6.7771,8.672,1.8949
mp-780087,LiMnSiO4,4,28,269.251937693598,9.616140631914217,3.7980808419060472,5.577795170423077,5.577723170883349,8.654448001721024,89.99823589518383,90.00145778022063,90.02829988395271,-7.771696567142858,-2.587682251609197,0.075910995787188,8.7e-06,3.41361864,3.3304,4.8071,1.4767
mp-1203593,Cs4Zr6BBr17,4,56,1956.2010387701728,34.93216140661023,4.156260029663905,12.8644,12.8644,11.820461,90.0,90.0,90.0,-5.073203371964285,-1.879432053135263,0.0,0.0005898,1.5359984,1.4091,2.4403,1.0312
mp-33526,LiBiS2,3,8,171.85244388205314,21.48155548525664,5.412041631193675,6.821059298687919,6.821059298687919,6.821059298687919,131.98765244653774,131.98765244653774,70.24852920363553,-4.49119437125,-0.9727562208333332,0.013500853749999,0.0,4.31122256,3.7403,4.8718,1.1315
mp-561894,Ba2CoMoO6,4,20,277.16717209981965,13.858358604990984,6.296939520696896,5.73464297956926,9.997354680303284,5.848629903680775,91.28313521068898,119.35313751665912,73.3353212994745,-7.604548041000001,-2.454069767000001,0.009215750999985,2.1e-06,3.06245207,2.9764,4.2504,1.274
mp-568804,Hg9Bi2(AsBr3)4,4,108,3684.393408277625,34.11475378034837,6.276933992880889,11.231117,11.231117,29.209229,90.0,90.0,90.0,-2.471231934537036,-0.660455434259261,0.0,0.2092794,0.0008024,-0.275,0.9229,1.1979
mp-1047822,ZnMo4O9,3,28,386.6430292607303,13.808679616454654,5.094990759659533,8.805655,8.805655,4.986397,90.0,90.0,90.0,-7.933718791428572,-1.56414785607143,0.424456464285714,16.0017857,3.37364051,3.3969,4.9165,1.5196
mp-36194,Ba2TiO4,3,7,139.3514790498418,19.9073541499774,4.60583008981179,3.982053,3.982053,8.788151,90.0,90.0,90.0,-7.742861982857143,-3.239249709047619,0.159841505,0.000455899999999,1.48128296,1.3546,3.2356,1.8809999999999991
mp-29143,Na3VS4,3,64,1430.426163183347,22.3504087997398,2.304752707771497,13.44344728,13.44344728,7.914876599999999,90.0,90.0,90.0,-4.991795598749999,-1.284463191767239,0.0,0.0,1.47047008,1.2309,2.6995,1.4686
mp-559788,RhC2ClO2,4,48,1153.936748477165,24.04034892660761,2.237720051750712,12.158997397483809,12.158997397483809,12.158997397483809,97.9871500768303,97.9871500768303,136.22796686448186,-7.209166574791666,-0.947376913124999,0.177129780763889,0.000451199999999,0.64732057,-0.5638000000000001,0.6476000000000001,1.211399999999999
mp-557373,Cu2WS4,3,7,154.65899716304307,22.09414245186329,4.71550628877644,6.507119497188828,6.507119497188828,6.507119497188828,130.73581689384537,130.73581689384537,72.2331480276787,-15.564617014285714,-0.536397687321427,0.001013983809524,0.0,2.57165351,2.5069,4.069,1.5621
mp-1216798,TiNbFeO6,4,36,406.1319414150432,11.281442817084532,4.785619884627637,4.7217860000072,4.721785000006882,18.216068000001098,90.00001842500116,90.0000431407362,90.00019414953262,-9.0299734775,-2.790575222314815,0.041373580555552,0.0,2.53943091,2.3803,3.6216,1.241299999999999
mp-27138,K2PdBr4,3,7,239.305784744677,34.186540677811,3.498862059881381,4.33208369,7.43238468,7.43238468,90.0,90.0,90.0,-3.482016345714285,-1.483386717785713,0.0,0.0,-0.797167299999999,-0.84,0.3649,1.204899999999999
mp-8203,Zr(PS3)2,3,18,439.9249852520908,24.44027695844949,2.6087102563043443,6.790880510000295,6.790880510000295,9.53951841,90.0,90.0,90.0,-5.905767003333333,-0.994318786031744,0.0,0.0,2.1279227,2.0829,3.618,1.5351
mp-1030924,NaLiMg6O7,4,15,158.42177894582125,10.561451929721416,3.016195299281692,8.66805032,4.27510446,4.27510446,90.0,90.0,90.0,-5.622511182666667,-2.444565131314176,0.334815864666666,0.0,3.60671356,3.2152,4.4443,1.2291
mp-1025377,Cd(AgI2)2,3,7,267.5417288767736,38.22024698239623,5.187306308344524,6.48685173,6.48685173,7.839920284182421,114.43787986250253,114.43787986250253,90.0,-2.4530859571428563,-0.6328093847619031,0.0,0.0,0.8864854,0.8152,2.5893,1.7741
mp-2468774,LiCuS,3,12,170.88253903765812,14.24021158647151,3.986167418086766,3.72920693,3.72872994,12.28910559,90.0,90.0,90.0,-4.266157994999999,-0.8843155786111101,0.024423602013888,0.0,4.94880549,4.7566,5.7939,1.0373
mp-557090,Bi2Au5F21,3,112,1849.8650209689408,16.51665197293697,6.469429976858691,8.409604999999999,8.409604999999999,26.157055,90.0,90.0,90.0,-4.049257413035714,-1.7513867525,0.0,0.0353481,-0.92811075,-0.9281,0.3004,1.2285
mp-1019089,KMgAs,3,6,160.2895460635227,26.714924343920448,2.865987283319284,4.55263303,4.55263303,7.73356801,90.0,90.0,90.0,-3.139035448333333,-0.6617146915833331,0.0,0.0,1.922067419999999,1.8507,3.0128,1.1621
mp-1032937,YMg6FeO8,4,16,173.81054705748,10.8631591910925,3.998962635669367,8.98144953,4.39911025,4.39911025,90.0,90.0,90.0,-6.729832334375,-2.708231031874999,0.282861054648437,3.1965366,7.85153317,7.4478,8.5593,1.1115
mp-1106129,Bi4Te2Br2O9,4,17,304.6241002935588,17.919064723150516,7.603883365805806,5.570488,5.570488,9.816977,90.0,90.0,90.0,-5.645303584117648,-1.54810998754902,0.04556907080882,0.0002259,4.21678702,4.2168,6.0479,1.8311
mp-560004,Na2USiO6,4,80,1161.117880273669,14.513973503420862,4.6689486261399935,11.487152409783768,11.487152409783768,11.487152409783768,111.85154814411555,111.85154814411555,104.80878175523748,-7.973310381625,-3.06451681890086,0.042598571000022,0.0003505,2.78677089,1.8641,3.792,1.927899999999999
mp-755401,Na3CuO2,3,24,397.1849240433879,16.549371835141162,2.751183003565596,9.36361486,9.36361486,4.53007791,90.0,90.0,90.0,-4.354305002499996,-1.3509231665229842,0.0,0.0,1.30843653,1.1204,2.4251,1.3047
mp-563025,Na6PbO5,3,12,163.55512898549716,13.629594082124765,4.316307919039837,5.517801121272045,6.103515335431489,6.103514147530459,78.2102584825983,63.12675876602901,63.12673723450722,-4.568625973333334,-1.526727909439655,0.033761816249999,1.3e-06,1.22855992,1.194,2.2496,1.0556
mp-1038542,Mg30CrCO32,4,64,619.7000894199809,9.682813897187202,3.497227141143423,8.473558,8.473558,8.630778,90.0,90.0,90.0,-6.37417427140625,-2.8408479788281253,0.127821245878904,4.0064109,6.71721011,6.717,7.8918,1.1748
mp-4651,SrTiO3,3,10,119.6250779514464,11.962507795144642,5.093987781835845,5.522329700714994,5.522329559400709,5.534898478941332,119.92490712678152,119.92490461029364,89.99999866323975,-8.438022916,-3.551662291666667,0.0,0.0,3.23055315,3.1582,5.007,1.848799999999999
mp-1185757,Mg2Al2O5,3,9,90.9203462826419,10.102260698071325,3.334399372395007,3.601366999999999,3.601366999999999,7.010134,90.0,90.0,90.0,-6.843530644444445,-2.899986565,0.39630543277777,0.0002516,7.15281794,5.8567,7.1529,1.296199999999999
mp-1009087,BeSiAs2,3,8,151.63648820777536,18.95456102597192,4.094300011489495,5.33761396,5.33761396,6.524818357542103,114.14354043678098,114.14354043678098,90.0,-4.83157439625,-0.205330406249999,0.0,0.0,4.40342348,4.2734,5.296,1.0226
mp-6625,LaAgSO,4,8,152.39454329083125,19.049317911353903,6.425297428420475,4.091723,4.091723,9.102422,90.0,90.0,90.0,-6.5191699575,-2.303094082291666,0.008491333124998,3.3600000000000004e-05,5.53431778,5.4554,6.8185,1.3631
mp-1233372,CaGa4(WO6)2,4,19,216.0689055413816,11.372047660072717,6.752571321315728,4.844862000180087,4.844823000188654,9.205194000678096,90.00099464367564,90.00097036503053,89.99981077757704,-7.306858083157894,-2.07476458368421,0.301884807368423,2.0099242,3.11701833,3.0828,4.9585,1.875699999999999
mp-1208734,Sr4SnPbO8,4,14,225.52173991119275,16.10869570794234,5.922768464454198,4.208985,4.208985,12.730154,90.0,90.0,90.0,-6.421639132857143,-2.559094895357142,0.066569317500006,0.0052809,2.74824525,2.7613000000000003,4.6206,1.859299999999999
mp-6304,Sr2GaSbO6,4,10,126.85609035632396,12.685609035632396,6.05697084322454,5.663603354849984,5.663603354849984,5.663603354849984,120.8045797408686,120.8045797408686,88.61198613920033,-6.652706065999999,-2.6297341187499983,0.026484868749999,7.480000000000004e-05,3.74374365,3.6111,4.9025,1.291399999999999
mp-1228360,Ba2InCuO4,4,8,147.31341871909677,18.414177339887097,5.827877794885125,4.221779,4.221779,8.265160999999999,90.0,90.0,90.0,-6.036271109999999,-2.225249320833332,0.0,0.0003785,3.28503349,3.0707,4.1815,1.110799999999999
mp-1031185,LiMg6BO7,4,15,148.19188600783508,9.879459067189003,3.087940339483142,8.47188434,4.18236762,4.18236762,90.0,90.0,90.0,-5.894188491333334,-2.360397707166667,0.470954749641028,0.0,5.27479911,4.969,6.5857,1.616699999999999
mp-1033386,BaMg6NbO8,4,16,196.2201570679167,12.263759816744791,4.2656624908072605,8.97796923,4.67501225,4.67501225,90.0,90.0,90.0,-6.2662643275,-2.429590070625,0.526750133499999,2.2222209,6.17301419,5.8867,7.2129,1.3262
mp-764417,Fe14O15,2,29,306.5112489771459,10.56935341300503,5.535763190533974,8.106142067386248,8.106142067386248,8.106142067386248,129.82779738554353,129.82779738554353,73.68220918793257,-8.110395819310344,-1.46212988775862,0.058281217931034,58.000045,4.30236305,4.2293,5.2483,1.019
mp-774164,Li2V3SnO8,4,56,637.8413114704779,11.390023419115677,4.305059995922154,8.565578021216316,8.658611017739856,8.600184000963527,89.99963439801273,89.99841801777848,90.00762585991619,-7.742177779821429,-2.40911893422619,0.020113366964285,20.0001022,3.31391677,3.3139,4.5088,1.1949
mp-1098202,Mg30BiBO32,4,64,640.205760370656,10.0032150057915,3.7892792232277,8.651718,8.651718,8.552929,90.0,90.0,90.0,-6.270761793125,-2.867351188580729,0.120275507695312,0.001102299999999,6.36205393,6.362,8.2397,1.877699999999999
mp-18876,K3CrO8,3,12,181.9566432446543,15.16305360372119,2.713038338464534,6.2097651889220415,6.2097651889220415,6.2097651889220415,113.39083235766186,113.39083235766186,101.8879226017938,-5.520598939166667,-1.134695215979166,0.315831927291664,1.0001209,0.88134182,0.7833,2.6022,1.818899999999999
mp-549237,Sr2Fe2S2OF2,5,18,305.663607673212,16.981311537400668,4.40099271232242,4.09511820771098,4.096245261706139,18.221802884118052,90.00234299823323,90.00367972478396,89.99348080731362,-6.553944491666666,-2.401126738333333,0.041536015185184,0.000884799999999,3.23393914,3.0335,4.5012,1.4676999999999991
mp-556056,Pr10S14O,3,100,2355.7730345172777,23.55773034517277,5.283746356906927,14.790307914284613,14.790307914284613,14.790307914284613,117.87926435892058,117.87926435892058,93.71422785193836,-6.8894851968,-2.456435454266666,0.0,0.0005013,5.55149856,3.74,5.5515,1.8114999999999992
mp-555223,Cs2MnF5,3,8,171.79439807986878,21.4742997599836,4.018490249696171,4.26884963,6.343793999052941,6.343793999052941,90.00612192408735,90.0,90.0,-5.5449619225,-2.9765578840301723,0.0,4.0000008,-0.10760909,-0.2794,1.0361,1.3155
mp-775811,LiVFeO4,4,28,294.8827539118495,10.531526925423195,4.003211008448638,5.953310000830799,5.952871000068875,8.32078700150106,89.99991203990793,89.99798811201669,89.99949952186586,-7.7705885725,-2.162775120119047,0.062411588482143,23.999879,2.79930985,2.6975,3.8825,1.185
mp-1235154,LiTiV2CrO10,5,15,227.34381796619328,15.15625453107955,2.692878896571089,6.561202,6.561202,5.281002,90.0,90.0,90.0,-8.154531536,-2.347539233111112,0.139181714845699,0.9997435,-0.52312122,-0.5805,0.4792,1.0597
mp-674804,Sm2PbSe4,3,14,365.2968891701187,26.092634940722764,7.48917224348654,7.799910350131981,7.799910350131981,7.799910350131981,109.4218458664809,109.4218458664809,109.57001536461796,-26.43125358821428,-1.717364491964279,0.044833321785716,0.0001013,5.70298837,3.9371,5.7031,1.766
mp-5339,CsNaTe,3,6,243.46072370294152,40.57678728382359,3.867193712429682,5.31929495,5.31929495,8.60440342,90.0,90.0,90.0,-19.25993426,-1.229981633333333,0.0,0.0,1.39847709,1.2747,3.2443,1.9696
mp-669555,KC(NO2)3,4,44,706.8557893204766,16.064904302738103,1.777167484429405,10.07159893396237,10.07159893396237,10.07159893396237,100.16344344846156,100.16344344846156,130.32229405302294,-6.623632659999999,-0.7086370570227271,0.51367129727272,0.003058999999999,-0.93190148,-0.9989,0.7023,1.7012
mp-1521669,Ca2BiSbO6,4,20,290.3879091310725,14.519395456553625,5.797178673843028,5.83865533,5.83865533,8.51829846,90.0,90.0,90.0,-6.5539572050000015,-2.382157071,0.124481262374994,1.6e-06,5.00508863,4.9724,6.947,1.974599999999999
mp-705516,Li10Sn(PSe6)2,4,50,1175.1154116766645,23.50230823353329,3.384588185150862,9.322181,9.322181,13.522141,90.0,90.0,90.0,-4.0769627984,-1.041735386229761,0.012183067799999,0.001095399999999,1.82431817,1.1147,2.5085,1.3938
mp-705002,Li3V4P9O32,4,96,1204.531220208314,12.54720021050327,2.799431308142105,13.777688,13.777688,6.345493,90.0,90.0,90.0,-7.809153658020833,-2.618811850349702,0.034386225902805,8.0031562,1.51391596,1.2359,2.5997,1.3638
mp-20187,LiInSe2,3,8,210.40947671206865,26.301184589008574,4.414420042906587,5.981418040960378,5.981418528532349,7.244016131474505,114.38414330790168,114.38414736157144,90.0000087851799,-14.4540687475,-1.056964433697915,0.0,0.0,1.5806244,1.4454,3.0185,1.5731000000000002
mp-1047736,Ca(CoO2)2,3,14,160.44103288397616,11.460073777426867,4.594128301086926,6.307626849174338,6.307626849174338,6.307626849174338,125.47992776241315,125.47992776241315,80.74460926734142,-7.010498388571428,-1.858458768571428,0.020126389642856,8.0001662,2.31910879,2.3152,3.4839,1.1687
mp-28599,Na4Br2O,3,7,148.47421690461363,21.210602414944805,2.9947064564702783,4.473201976411465,4.473201859000278,8.0662087452405,106.09794143716692,106.09793866899952,90.0000103881628,-3.619488305714284,-1.678240135788176,0.000261245714286,0.0,0.8846137,0.843,2.8261000000000003,1.983099999999999
mp-866482,CsSi,2,32,1213.0213553867152,37.90691735583485,3.5261607068916963,12.317121879930626,12.317105715933684,12.317132966598557,124.76082201009017,124.76068096206596,81.93468385077078,-17.079619315625,-0.138510518124999,0.01320130421875,1e-06,2.61489762,2.5703,3.7815,1.211199999999999
mp-8789,Ca4As2O,3,7,159.2019150725174,22.743130724645344,3.401921734450228,4.546088593648021,4.546089036021199,8.347040942131278,105.80220578674016,105.80220121438036,90.00000398256,-4.99683507,-1.8096056999999992,0.0,0.0,3.25380141,3.1784,4.3919,1.213499999999999
mp-770528,Li5MnO4,3,80,770.8408526703156,9.635510658378944,2.6477713769977163,12.804222,12.804222,4.701737,90.0,90.0,90.0,-5.852280334125,-2.002432969584769,0.098473764375,31.9927182,1.88199928,1.7916,3.5584,1.766799999999999
mp-1039905,SrMg30SiO32,4,64,643.5502589135261,10.055472795523846,3.501015891027314,8.64587,8.64587,8.609245,90.0,90.0,90.0,-6.267057090781249,-2.917578985624999,0.117977838027344,0.0009702,7.27180968,7.2718,8.3549,1.0831
mp-677234,Ce8Gd2O19,3,29,407.6461191399056,14.056762728962262,7.085481945680554,3.861294,3.861294,27.3412,90.0,90.0,90.0,-9.743766116551724,-3.893452236034481,0.028247339137928,14.0000001,4.58846289,4.5224,6.175,1.6525999999999992
mp-1033673,HfMg14CO16,4,32,325.8307990195861,10.182212469362067,4.0095888619561,8.799086280000001,8.799086280000001,4.2083997,90.0,90.0,90.0,-6.4796577503125,-2.692716251406249,0.342661557421876,2.0000002,7.41003042,7.0893,8.4388,1.3495
mp-1036235,Mg14MnCoO16,4,32,313.20355078308364,9.787610961971364,3.76496795039661,8.540437,8.540437,4.294043999999999,90.0,90.0,90.0,-6.5454801071875,-2.848936722747845,0.016108858046875,7.9994629,5.80890497,5.809,7.212,1.4029999999999991
mp-1035292,Mg14CuBiO16,4,32,332.3045932916172,10.384518540363038,4.341361663575878,8.72483659,8.72483659,4.36537685,90.0,90.0,90.0,-6.129016794062499,-2.692041879374999,0.125230516523438,0.0,7.5822165,7.1377,9.0735,1.935799999999999
mp-1220731,NaLaNb2O7,4,11,167.4070737859738,15.218824889633982,4.559879702244951,3.931069,3.931069,11.184031104971096,79.87800304665795,79.87800304665795,90.0,-8.730272759090909,-3.174266850125391,0.059666848181819,0.0006074,1.88326172,1.8831,3.3755,1.4924
mp-6144,Na2La2Ti3O10,4,17,216.40687742837216,12.72981631931601,4.814071111539596,14.69641333960317,14.69641333960317,14.69641333960317,164.86303528512423,164.86303528512423,21.47009583106022,-8.455197014117646,-3.412753374868154,0.01250480404412,0.0027594,4.20946098,4.1652000000000005,5.9323,1.7671
mp-1038118,CaMg30SnO32,4,64,645.3113319699476,10.08298956203043,3.6023230064338163,8.624611999999999,8.624611999999999,8.675413,90.0,90.0,90.0,-6.264315928593749,-2.932065548203124,0.074180059960937,0.0006045,7.07217553,7.0721,8.4642,1.3921
mp-1080438,SrAgTeF,4,8,188.27367349055643,23.534209186319558,6.034281461051804,4.39882,4.39882,9.730098,90.0,90.0,90.0,-4.55828642375,-2.160155414583333,0.0,0.0025533,3.770317829999999,3.6785,4.9632000000000005,1.284699999999999
mp-1036878,Mg30VCO32,4,64,616.5455664721366,9.633524476127134,3.512280170920331,8.512029,8.512029,8.509401,90.0,90.0,90.0,-6.367879944218752,-2.843446486015625,0.129201112493488,2.9991242,6.10997642,6.1098,7.5122,1.4024
mp-1232185,Pr2MgSe4,3,14,355.34564973854987,25.38183212418213,5.8128719278490895,7.733460818480689,7.733460818480689,7.733460818480689,110.95728242748174,110.95728242748174,106.53831014890312,-5.493284994285714,-1.892562302529761,0.073723908392855,0.0002127,3.52350048,3.5235000000000003,5.1841,1.6606
mp-2482,CaC2,2,3,47.92293866708488,15.974312889028292,2.221056574467479,3.868597249942698,3.868597147813767,4.211476484143248,117.3414341071381,117.34144362008212,90.00000368970838,-9.112689,-0.135100973333332,0.002929060000001,0.0,1.37513685,1.3585,2.7178,1.3593
mp-1096995,HfSO,3,6,81.39480105429922,13.565800175716538,9.243893394595434,3.576540999999999,3.576540999999999,6.363122,90.0,90.0,90.0,-9.252449011666668,-2.904933095833333,0.060834363749997,0.0010872,6.54300148,6.478,7.5431,1.0651
mp-8453,RbNaO,3,6,106.52674955308318,17.754458258847198,3.8800706952405952,4.05017426,4.05017426,6.49398464,90.0,90.0,90.0,-3.690886644999999,-1.267481359626435,0.01197217,0.0,1.24477766,1.209,3.1946,1.985599999999999
mp-2235359,WO3,2,16,231.3076291201412,14.456726820008823,6.657391970936978,3.88256,7.718553000001619,7.718553000001619,89.99992576875547,90.0,90.0,-9.134994480625,-2.184491169374999,0.006369437187499,0.0,0.404395799999999,0.3544,1.665,1.3106
mp-726654,Li2Th5OF22,4,60,884.0720211388923,14.734533685648206,6.040701394962883,11.337657,11.337657,6.877665,90.0,90.0,90.0,-6.954575441166667,-4.023247099888889,0.149752040833337,4.0005679,0.27755364,0.2193,1.605,1.3857
mp-1031323,KMg6CrO8,4,16,171.96174192427895,10.747608870267436,3.523825969586148,8.70486303,4.44462318,4.44462318,90.0,90.0,90.0,-6.278856833125,-2.519424000453125,0.288979300624999,3.2652103,4.6692423,4.3474,5.4334,1.085999999999999
mp-18408,Rb3MnF7,3,22,372.11083810192,16.914129004632727,3.965634386002138,7.9630439,7.9630439,5.86832421,90.0,90.0,90.0,-5.208148014090909,-2.889913092766458,0.006992815909098,5.9999996,-1.543043739999999,-1.6899000000000002,-0.0253,1.6645999999999992
mp-1394584,CrO2,2,12,146.47441222597683,12.206201018831402,3.808905889445842,2.998847908474852,7.14697304598898,7.148640264855199,87.73894631631659,77.88991975605613,77.89865887223024,-8.497756616666667,-1.9814334566666671,0.066267404999967,7.9998433,0.991158499999999,0.9217,1.9784,1.0567
mp-1038158,Mg30MnSnO32,4,64,640.5242461258817,10.008191345716902,3.667769888386115,8.621358,8.621358,8.617558,90.0,90.0,90.0,-6.3504056409375,-2.906336269733297,0.056524582421874,5.0009751,7.08204388,7.082,8.476,1.394000000000001
mp-17004,UOF4,3,24,412.4597571088738,17.185823212869742,5.314596502554736,8.882677823555913,8.882677823555913,8.882677823555913,96.26261339074604,96.26261339074604,141.4283049006611,-7.57013598125,-3.5876725620833323,0.093979636458349,6e-07,-0.7242493600000001,-0.9044,1.0482,1.9526
mp-551244,CsK2CoO2,4,24,541.7758259868706,22.57399274945294,3.7029288518524712,6.143855990397299,9.651384268320111,9.656930591654904,75.09866503311157,99.83114900630176,86.37250289476803,-4.596480021666665,-1.229804064025859,0.0,0.0,1.68249862,1.6103,3.2861,1.675799999999999
mp-6119,Na2Nd2Ti3O10,4,17,213.3423200106038,12.54954823591787,4.966296091670517,14.641152089245708,14.641152089245708,14.641152089245708,164.88596718000437,164.88596718000437,21.43737557160857,-8.38205352,-3.359358077515213,0.03189625367648,0.002611199999999,2.93151055,2.8993,4.6113,1.711999999999999
mp-7724,Li2UO4,3,7,100.36507188226282,14.337867411751832,5.2267030002407004,6.118021451129605,6.118021451129605,6.118021451129605,138.27436840671555,138.27436840671555,60.483049523599526,-7.944109867142857,-2.958238472380951,0.184952928928571,2.05e-05,1.69246852,1.6569,3.4204,1.7634999999999992
mp-755071,SnO2,2,6,81.98448645980456,13.664081076634092,6.105005004894499,5.8525742891011845,5.852575544603684,5.852574809409731,140.0339580094419,140.03395964172415,57.80173702950635,-6.655199423333333,-2.020034801666666,0.087447203333333,0.0,3.83119367,3.6792,4.9868,1.307599999999999
mp-38695,LiTbSe2,3,8,187.2708612198708,23.408857652483853,5.742055970742458,7.050445088427895,7.050445088427895,7.050445088427895,132.43459704717077,132.43459704717077,69.54348813937267,-5.297894002499998,-1.913241641171872,0.013312272500002,0.0,2.83103107,2.0092,3.6424,1.6332
mp-546011,YZnAsO,4,8,141.60195113136348,17.700243891420435,5.751668055450422,3.9747179999999993,3.9747179999999993,8.963066,90.0,90.0,90.0,-6.313727393750001,-1.966997731875,0.0,0.0,4.28902801,4.1572,5.3587,1.2015
mp-1080625,Sr2LiReO6,4,10,127.17159722661064,12.717159722661064,6.063684462069825,5.6585466845771455,5.6585466845771455,5.6585466845771455,120.47968844509222,120.47968844509222,89.17114403643397,-7.492308652,-2.749342723583333,0.0,0.0001602,1.90945298,1.9048,3.7472,1.8423999999999991
mp-755692,NbVO5,3,14,203.4891778817239,14.534941277265991,3.653296671279863,6.879965,6.879965,4.299014,90.0,90.0,90.0,-8.961308967142857,-2.686306662142857,0.029177601428571,0.0004071,-0.29801857,-0.4074,1.3779,1.785299999999999
mp-15155,Na2Sm2Ti3O10,4,17,211.2259536840381,12.425056099061065,5.112248126907622,14.603207882670269,14.603207882670269,14.603207882670269,164.90286601405276,164.90286601405276,21.4132641307464,-8.369917257058823,-3.353052555456389,0.051819894088236,0.002545,2.9815115800000003,2.9142,4.6241,1.7099000000000002
mp-2215960,MgCr2O4,3,7,75.98388407265622,10.854840581808032,4.202378327997878,3.006335,5.0274330032223205,5.027335003222383,90.0041028257674,90.0,90.0,-8.063656504285715,-2.245312365,0.383603518571419,5.9999915,2.79224951,2.706,4.5037,1.7977
mp-769210,Tb2Pb2O7,3,44,704.272863030475,16.006201432510796,7.962279216938417,7.387628,7.387628,12.904195,90.0,90.0,90.0,-7.142193544545455,-2.475216415303029,0.075676780909089,0.001548,2.13953647,2.0859,3.179,1.093099999999999
mp-2228679,MgMo2(PO5)2,4,15,225.5033080055344,15.033553867035629,3.226232979242181,5.329556,6.504755,6.504755,90.0,90.0,90.0,-7.858926804666667,-2.283438315619048,0.252995551222206,3.9980667,2.4378285,2.3735,4.194,1.8205
mp-29420,Hf(Se2Cl3)2,3,44,1284.6415537660553,29.196398949228527,3.655746064011276,10.99167943,10.99167943,10.63295212,90.0,90.0,90.0,-13.70102623909091,-1.036272630113638,0.0,0.0,-0.33485914,-0.604,0.7386,1.3426
mp-2646981,CsPbI2Br,4,5,242.33084912816585,48.466169825633166,4.617248557371106,5.96222,6.375296,6.375296,90.0,90.0,90.0,-3.212106902,-1.350987620931034,0.035953406166669,0.0,1.35910424,1.3187,2.7571,1.4384
mp-1383701,MoO2,2,12,184.16755577723364,15.347296314769473,4.614219364259735,7.686731165759539,7.686731165759539,7.686731165759539,92.58375764695184,92.58375764695184,155.483306519131,-8.8529153425,-1.939057969166666,0.082497219166667,7.9984998,1.93208099,1.9556,3.0203,1.0647
mp-8161,CaPdF4,3,12,161.502089904444,13.458507492037,4.575247481488774,5.543757965002398,5.543757779868252,6.556008932753292,115.01147291670809,115.01146739104864,89.99999538421713,-9.883004811666668,-2.79919496,0.001513387083337,0.0,1.02650358,0.9461,2.1074,1.1613
mp-32536,WBr4O,3,6,194.15977304596325,32.35996217432721,4.442609153916414,7.362252800997871,7.362252800997871,7.362252800997871,93.90811927017468,93.90811927017468,149.73307569859836,-5.140627856666667,-1.0649816275,0.148717958402781,7.570000000000002e-05,-0.91530769,-1.0265,0.4315,1.458
mp-1096874,Co(AsO2)2,3,28,393.4640536928883,14.052287631888868,4.604759909311531,8.36484865,8.36484865,5.62326936,90.0,90.0,90.0,-6.703239681071429,-1.522453137500001,0.013419314999995,11.9999997,2.46092985,2.4605,3.8852,1.4247
mp-1215842,ZnFe8Co3O16,4,28,312.281504743878,11.152910883709929,5.024765434680918,6.044342,6.044342,8.547679,90.0,90.0,90.0,-7.671344810714286,-1.614646970357142,0.008657977946427,49.0013655,4.20884968,2.651,4.2088,1.5578
mp-28423,Ga2TeSe2,3,10,290.9726209732,29.09726209732,4.850440172800529,7.341016997322593,7.341017560040731,7.489858708910173,119.34476036828016,119.344766659867,90.00000693391554,-16.005362421,-0.6201830866250021,0.0,0.0,1.67965935,1.6139,3.228,1.6141
mp-27801,TlAgI2,3,8,284.9997257200932,35.62496571501165,6.5962552932416045,7.190582601408733,7.190582601408733,7.190582601408733,107.37996110221556,107.37996110221556,113.73993749530948,-2.699752703749999,-0.634143947500001,0.032808308749999,0.001280299999999,2.49854661,2.4753,4.0412,1.5659
mp-562220,CoSb(CO)3,4,64,1245.5466706578472,19.461666729028863,2.823394518406729,12.00282019349086,12.00282019349086,12.00282019349086,101.85650873613264,101.85650873613264,126.0915545981812,-7.436007041718749,-0.711100927968749,0.373264431656251,0.103486799999999,0.83630075,0.7774000000000001,2.1117,1.334299999999999
mp-28518,Tl6SBr4,3,22,776.470483948279,35.294112906739954,6.749255300525397,9.008798,9.008798,9.567341,90.0,90.0,90.0,-3.235402667272727,-0.9704920715909132,0.004373740202019,0.007618499999999,2.13196634,2.0884,3.9005,1.8121
mp-1227710,BaSr4Ti5O15,4,25,309.64020862244354,12.385608344897742,5.186542588389321,3.9568,3.9568,19.777398,90.0,90.0,90.0,-8.4295960716,-3.534173573266666,0.005611855599992,0.0088077,4.96240241,3.1576,4.9624,1.804799999999999
mp-706455,As4S11(N6Cl7)2,4,164,4580.435656256112,27.929485708878733,1.909545316495894,16.725249,16.725249,16.374257,90.0,90.0,90.0,-8.419955063300302,-0.056938329908534,0.254638959435977,0.0075486,0.133464,-0.4823,0.75,1.2323
mp-753010,Li4CoO4,3,36,373.2313655511719,10.367537931976996,2.681817417582177,4.80287200004768,8.829088005053805,8.801592865496733,89.99978860621594,90.00092356229804,89.99979363311984,-5.589057143055556,-1.748951342314815,0.122947731944441,4e-07,0.16244302,0.0334,1.0822,1.0488
mp-1203906,Cs5Na(W2N5)2,4,40,908.3127301560012,22.707818253900037,5.714616855039874,11.02153944958353,11.02153944958353,11.02153944958353,99.5008981346842,99.5008981346842,132.05733058000064,-7.721678668000001,-0.666833317982759,0.0,0.0025623,1.81168782,1.8117,3.6618,1.850099999999999
mp-552604,YBi2ClO4,4,8,137.6370782335932,17.20463477919915,7.314987307924014,3.901229,3.901229,9.043417,90.0,90.0,90.0,-6.9399707400000015,-2.4487773725000013,0.0,0.0002284,3.75291283,3.6381,4.9469,1.3088
mp-1209483,Rb2LaNb2ClO7,5,13,234.4234289510989,18.032571457776843,4.555419420859039,3.929045,3.929045,15.185427,90.0,90.0,90.0,-7.925658045384616,-3.034584571153846,0.04496549307692,0.0225911,1.45895982,1.4758,2.8024,1.3266
mp-10163,NaAlTe2,3,8,233.947090661952,29.243386332743995,4.332166536513134,6.850563729863328,6.773669444463056,6.77366985946835,75.18445409009257,59.623769432857664,59.62377639094213,-16.10640907,-0.823727190000003,0.006037781093755,0.0,3.79437726,3.7337,5.0212,1.2875
mp-1105187,CuPS3,3,20,420.37823665904114,21.018911832952057,3.013374958658294,5.31083413,5.31083413,14.90440863,90.0,90.0,90.0,-9.0914456775,-0.301248878782739,0.0,0.0,3.88391309,3.6849,4.8404,1.1555
mp-1223800,K2NbO3F,4,7,112.29225042744838,16.041750061064054,3.5209345091915,7.525466228615207,7.525466228615207,7.525466228615207,149.06540471219446,149.06540471219446,44.31504264522653,-7.038163104285715,-2.8779088363571432,0.003312135535712,0.0007216,0.64979337,0.5883,1.845899999999999,1.2576
mp-549687,K4CO4,3,9,192.06874896225904,21.340972106917675,2.009237692084257,6.54558107008759,6.54558107008759,6.54558107008759,99.80941622298754,99.80941622298754,131.2432406918754,-5.362509826666666,-1.6349203204444431,0.182840253611108,7.390000000000003e-05,0.44851607,0.3282,1.7645,1.4363
mp-1039913,LaMg30BO32,4,64,643.2324605311835,10.050507195799742,3.5905467606558883,8.632406,8.632406,8.631857,90.0,90.0,90.0,-6.307693446562499,-2.887939517096353,0.156485801305396,0.003590899999999,6.35529485,6.3552,8.342,1.9868
mp-1064492,CaO,2,4,94.70419254893255,23.676048137233145,1.966517235342912,8.834112991691695,8.834112991691695,8.834112991691695,158.23773274279702,158.23773274279702,30.96737989474474,-6.5728595975,-3.096079154999999,0.209940237499999,2e-06,0.14828297,0.104,1.8462,1.7422
mp-727776,Th6OF24,3,31,517.4498644553531,16.691931111463003,5.982336840705743,8.856172390440522,8.856172390440522,8.856172390440522,115.8307205282832,115.8307205282832,97.38710864729086,-7.350402425161291,-4.274158312096774,0.07816742145161,1.9957987,-1.24191153,-1.303,0.0692,1.372199999999999
mp-1218463,Sr4LaCl11,3,16,431.07165250192105,26.941978281370066,3.387431509114979,18.284787517721284,18.284787517721284,18.284787517721284,164.5992789972102,164.5992789972102,21.84650034892819,-12.51369457375,-2.638428801406251,0.099957989375001,0.0,1.65202165,1.6456,3.5137,1.8681
mp-1021466,CsPPb(IF3)2,5,11,341.05863915400204,31.005330832182004,3.597436321066775,6.296384,6.296384,8.602935,90.0,90.0,90.0,-4.6677224081818185,-2.434337167663457,0.08003353863637,1.13e-05,0.43501403,0.4343,2.2253,1.791
mp-1232063,Dy2MgSe4,3,14,327.1410657930276,23.367218985216255,6.752434181726611,7.52063907688562,7.52063907688562,7.52063907688562,110.49567773632292,110.49567773632292,107.44118044877706,-5.421364962142857,-1.87124110752976,0.082272162857141,3.15e-05,5.61831312,3.697,5.6183,1.9212999999999991
mp-1232048,Nd2MgSe4,3,14,351.90608359673945,25.13614882833853,5.932622716996774,7.708275446376381,7.708275446376381,7.708275446376381,110.93420562219262,110.93420562219262,106.58327931880127,-5.489814899285713,-1.89689907205357,0.070366190535716,0.000228899999999,3.4784389,3.4784,5.1639,1.685499999999998
mp-35663,Sr(InTe2)2,3,7,281.4621245786177,40.20887493980253,4.882913193963353,7.21114885386032,7.21114885386032,7.21114885386032,104.5487271692214,104.5487271692214,119.84091136122817,-3.720617709999999,-0.8943321171428551,0.071681262857151,6.740000000000001e-05,3.06772761,2.9865,4.0075,1.021
mp-1031492,Mg6NbSnO8,4,16,180.07823198245822,11.25488949890364,4.47635840971913,8.88068939,4.5030551800000005,4.5030551800000005,90.0,90.0,90.0,-6.359698556874999,-2.392361992812499,0.445704599598211,2.785057,7.68275476,7.4372,9.0531,1.6159
mp-1033060,Mg6AlCO8,4,16,154.2975922056399,9.643599512852491,3.366517714785571,9.15221793,4.10597592,4.10597592,90.0,90.0,90.0,-6.254006569375,-2.3575649065625,0.5642969339843741,0.999999899999999,6.87656057,6.7082,8.5768,1.8686
mp-1213922,ClO,2,16,1843.8151225645463,115.23844516028414,0.370704065607158,13.39868881510676,13.39868881510676,13.39868881510676,111.67980239056466,111.67980239056466,105.13899838006196,-3.446621819375,-0.048369916875,0.2162824965625,7.9729937,-6.03750535,-6.1055,-4.4131,1.6924
mp-704360,K6Na2V2S7O30,5,188,2836.163307443112,15.08597503959102,2.545441869321715,9.709171,9.709171,30.086172,90.0,90.0,90.0,-6.52828489218085,-2.16572986726082,0.001587065797871,0.000224,-0.10082741,-0.1728,1.5849,1.7577
mp-35388,LiSmSe2,3,8,195.77890168871656,24.47236271108957,5.347223634393145,8.181347606886854,10.859038121541332,7.139653759052443,29.144164476386447,55.03012312375058,41.100101631477216,-17.114039415,-1.9283516161979184,0.0,0.0,2.61552027,1.8213,3.4042,1.5829
mp-1201758,KGe,2,32,996.2085787233392,31.13151808510435,2.980031553203468,10.70239106,10.70239106,11.528879612329948,117.65559320120268,117.65559320120268,90.0,-3.0699419146875,-0.192743125812499,0.00940166234375,0.0,1.71902145,1.6545,2.6642,1.0097
mp-1039826,RbNaMg30O31,4,63,649.9388470461687,10.316489635653472,3.4072076047470983,8.684367,8.684367,8.617795,90.0,90.0,90.0,-6.085362706507937,-2.8373762548234813,0.117409223035713,0.000804799999999,3.90957849,3.9095,5.8232,1.9137
mp-1265277,Ca3Mn2(SiO4)3,4,80,913.34091924378,11.41676149054725,3.6824345920291313,10.590980224600411,10.590980185323122,10.590980597859907,107.10356251441192,110.6678620182102,110.66786548059156,-8.067893683125002,-3.068277864418105,0.025516219097221,32.005086,3.61046708,3.6105,4.7173,1.106799999999999
mp-557398,CaFeSbAs2O7,5,96,1476.903847227839,15.384415075289988,4.313158318539214,12.848125259322584,12.848125259322584,12.848125259322584,100.4002159103008,100.4002159103008,129.71388815636396,-6.753496975,-1.871780772499999,0.144449460110118,8.0023139,2.49009885,2.4177,3.9414,1.523699999999999
mp-1079339,K2NaMnF6,4,10,150.89798291059512,15.089798291059513,2.972446846605264,5.879834,6.027995852727423,5.879834,60.80978845476281,90.0,119.19021154523722,-5.408433609,-2.983474632381034,0.0,3.9999997,-0.75197735,-0.8995000000000001,0.6319,1.5314
mp-753864,Sr2Li2Nb4O13,4,21,276.8060991553325,13.181242816920596,4.611612030957497,17.48993072550086,17.48993072550086,17.48993072550086,166.85181211938632,166.85181211938632,18.635607973550503,-8.419092680476192,-3.089025292936508,0.027410544047615,0.0008297,2.72218885,1.2976,2.7224,1.424799999999999
mp-1032360,BaMg6CoO8,4,16,189.1274002661657,11.820462516635358,4.127350991643902,8.98368476,4.58828065,4.58828065,90.0,90.0,90.0,-6.055291974375,-2.4041107375,0.393358094791666,2.9999458,4.10027316,3.838,5.1316,1.293599999999999
mp-1212605,GdNb5Ag2O15,4,46,635.0163856069654,13.80470403493403,5.635275963988269,12.698859,12.698859,3.937817,90.0,90.0,90.0,-9.014407775217393,-2.732323519927536,0.076406552857148,14.0000008,1.23484815,1.2508,3.1675,1.9167
mp-758604,LiAgF2,3,8,113.5247451584568,14.1905931448071,4.47022088240165,5.609891448208601,5.609891448208601,5.609891448208601,125.2107866578811,125.2107866578811,81.1891897095454,-9.6008957775,-2.102235912916667,0.053544515,2.1e-06,-1.30358447,-1.3036,0.1731,1.4767
mp-32736,Er2Se3,2,40,965.8575265674712,24.146438164186783,7.858953731605672,14.317345338628735,14.317345338628735,14.317345338628735,144.89224436323653,144.89224436323653,50.49513381213496,-24.25535176025,-2.098241555020834,0.075611638249998,0.003671299999999,4.40841262,3.5656,5.2332,1.6676000000000002
mp-1183496,Ca2Pr2O5,3,9,144.1082514553114,16.012027939479044,5.092738416692094,4.291877,4.291877,7.823378,90.0,90.0,90.0,-7.218609862222221,-2.958393450925925,0.582765373194445,1.9100000000000003e-05,2.72444732,2.6617,3.9903,1.328599999999999
mp-1048638,Sr4MgFe2(SO3)2,5,15,252.55951551298952,16.837301034199303,4.251302442663384,3.955049,3.955049,16.145816,90.0,90.0,90.0,-6.608258313333334,-2.388072563333333,0.086390492000003,10.0015038,3.22495189,3.1769,4.3522,1.1753
mp-9298,Sr(AuO2)2,3,14,197.3461446556185,14.096153189687035,9.18090712987911,6.217431688142824,6.217430805581392,6.737252288525964,117.47890779728256,117.47890330097498,89.99998935557528,-5.481598025714281,-1.477021438571423,0.0,0.0,2.34704291,2.2817,3.5178000000000003,1.2361
mp-532680,Ba6CdAg2(SnS4)4,5,58,1671.786471643709,28.82390468351223,4.251184060983624,12.949958333303586,12.949958333303586,12.949958333303586,109.3932685169974,109.3932685169974,109.62723761148052,-4.889535408965517,-1.4275910639080451,0.0,0.0008395,2.57406883,2.5397,4.2431,1.7034
mp-752773,Li4CuF5,3,10,93.49628785079328,9.349628785079329,3.308813460573273,5.1989252957444005,5.1989252957444005,5.1989252957444005,98.91686708836475,98.91686708836475,133.62991550431246,-6.318980808499998,-2.716604668166664,0.106806066999999,0.000375299999999,2.9479421,2.9477,4.1567,1.208999999999999
mp-1227937,BaBiBrO2,4,5,118.80197845894786,23.76039569178957,6.40457295143044,7.58739763977617,7.58739763977617,7.58739763977617,148.51005264221465,148.51005264221465,45.13298627117764,-5.695481336,-2.227105777000001,0.098901155,3.6800000000000014e-05,2.10799649,1.9856,3.6311,1.6455000000000002
mp-1075943,Ba3Sr5Ti8O24,4,40,503.88711983446245,12.59717799586156,5.328764880864356,7.95834,7.95834,7.955881,90.0,90.0,90.0,-8.4249312225,-3.521579584416666,0.007813589499999,8.09e-05,3.22068389,3.144,4.8972,1.7531999999999992
mp-1031821,Mg6SiNiO8,4,16,159.0295736509665,9.939348353185409,3.765319757068302,8.60750908,4.29833443,4.29833443,90.0,90.0,90.0,-6.26758058375,-2.48183290625,0.443064173749998,1.779959299999999,7.18556745,6.9054,8.1844,1.279
mp-29537,Cl2O,2,12,266.61799756726697,22.218166463938918,2.165042316951475,7.074163484111986,7.074334844138319,7.0743349598521,99.59893753598938,114.62231386650804,114.6222919529746,-2.878203185833333,0.003479015833332,0.179913958124999,0.0,-0.77085967,-0.8231,0.2298,1.0529
mp-1250185,Ca2Mn2(SiO4)3,4,76,857.2175841546833,11.279178738877413,3.612984513783998,10.365328310830195,10.365328310830195,10.365328310830195,109.17013959140334,109.17013959140334,110.0750755255377,-7.97745402894737,-2.8202584239927413,0.092921453859632,24.0006769,2.79821688,2.7982,3.843,1.0448
mp-8666,CsAgO,3,12,327.12422955475057,27.26035246289588,5.213697371306408,6.197754590681237,7.898362829852095,7.898362405336289,81.14502730768476,66.89954875223862,66.89955099401112,-3.8893903125,-0.9897648946072792,0.0,0.0,0.95464524,0.8832000000000001,2.3551,1.4719
mp-505357,InSeI,3,48,1946.0997315004192,40.54374440625873,4.378034780350969,14.635270975048496,14.635270975048496,14.635270975048496,97.24963831198346,97.24963831198346,138.38416632422357,-3.412301513125,-0.8192689011284711,0.0,0.0003095,1.25105315,1.1983,2.8737,1.6754
mp-37473,TiOF2,3,8,114.26496934733672,14.28312116841709,2.960624496597418,3.804702,3.804702,7.89354,90.0,90.0,90.0,-7.705990843749999,-3.538201400833334,0.081185492812498,7.52e-05,-0.600148799999999,-0.6769000000000001,1.1754,1.8523
mp-10422,NaAuC2,3,4,76.17860494344895,19.04465123586224,5.318219808506616,3.810663,3.810663,5.246044,90.0,90.0,90.0,-18.26754887,0.243353904999999,0.419021284166667,4.85e-05,0.17094052,0.1141,1.4444,1.330299999999999
mp-1032207,Mg6CuBiO8,4,16,179.61465914715848,11.225916196697405,5.05102523483963,8.9827125,4.47164316,4.47164316,90.0,90.0,90.0,-5.926090674999999,-2.341356355624999,0.254879266171875,8.8e-06,7.61681938,7.2883,8.9323,1.644
mp-1043306,MgCu(Si2O5)2,4,64,778.7038508372764,12.167247669332443,3.072308344890609,7.236797,7.236797,14.868924,90.0,90.0,90.0,-7.6996870121875,-2.892777083749999,0.075739100989583,4.0039014,3.00143069,3.0014,4.1262,1.1248
mp-1032771,YMg6CuO8,4,16,173.8444670559875,10.86527919099922,4.071741290978417,9.07031686,4.37793397,4.37793397,90.0,90.0,90.0,-6.50387207,-2.75544667625,0.201500074023437,0.1095029,7.36186599,6.9587,8.645199999999999,1.6865
mp-1222145,Mg3MnTe4,3,8,267.17352074247265,33.39669009280908,3.966875582032272,4.56791572,4.56791366,12.80434728,90.0,90.0,90.0,-4.205292903749999,-0.8769617899497111,0.002563446066812,4.9999993,2.77507724,2.7353,3.8511,1.1158
mp-1037669,CsYMg30O32,4,64,644.3379629835129,10.067780671617388,3.770183741976766,8.5882574,8.5882574,8.73581876,90.0,90.0,90.0,-6.23670753296875,-2.882552506713362,0.14926792703125,0.0,5.55370688,5.5537,7.3271,1.7733999999999992
mp-1032083,Mg6NbZnO8,4,16,163.83939325135148,10.239962078209468,4.379815507814469,8.75989809,4.32473637,4.32473637,90.0,90.0,90.0,-6.362997238749999,-2.5675249399999998,0.271440395211536,2.7765907,7.71722228,7.3573,8.4053,1.048
mp-1207110,K2TaNbO6,4,10,132.95695966132962,13.295695966132962,5.59579566807347,4.051501,4.051501,8.099891,90.0,90.0,90.0,-8.346332276,-2.954458470183333,0.007399298999997,5.12e-05,1.5821671,1.4856,2.8008,1.3152
mp-558243,Ba2InClO3,4,14,280.7862199086928,20.056158564906628,5.593632403733022,4.287995,4.287995,15.270992,90.0,90.0,90.0,-5.9732427221428575,-2.64616423095238,0.0,0.003944299999999,2.61771162,2.539,4.4535,1.914499999999999
mp-23412,SbCl4F,3,24,681.342668791525,28.389277866313545,2.754673764440745,10.067899330233791,10.068746229046898,10.07252721719668,99.00528262437572,98.973358641131,133.4144427081598,-3.709537985416666,-1.470033849583333,0.001631771249999,0.0,-1.53597909,-1.6513,-0.2663,1.385
mp-755959,NaLiO,3,12,187.1052502314544,15.592104185954527,1.630501342546925,6.800546003633018,6.800546003633018,6.800546003633018,96.44666150526314,96.44666150526314,140.84526518032305,-4.372432584999999,-1.6395643682375471,0.104103931666666,0.0001107,0.10580192,-0.7631,0.9464,1.7095
mp-698410,MnGe4H24C8(S5N)2,6,49,684.2542663718228,13.964372783098426,1.976466244896958,9.99998526929175,9.99998526929175,9.99998526929175,122.01154324200382,122.01154324200382,86.54984296100842,-5.262222987346939,-0.343110435978185,0.058102412448982,4.9994631,0.97921522,0.8956000000000001,2.3047,1.4091
mp-570256,Ag2HgI4,3,7,267.8769872409628,38.26814103442326,5.727425816244202,6.47862847,6.47862847,6.38218304,90.0,90.0,90.0,-2.237328304285711,-0.509957182261901,0.002405364285717,0.0,0.97060761,0.913,2.0134,1.100399999999999
mp-28768,Na4SnSe4,3,18,485.4194067820355,26.967744821224198,3.6021999914389413,7.2829605,8.16402997,8.16402997,90.0,90.0,90.0,-3.7164535755555552,-1.120886811099137,0.0,0.0,1.13860655,1.0674,2.5321,1.4647
mp-22978,Rb2MnCl4,3,7,206.42802071514225,29.489717245020323,2.957720447230604,5.044657812270403,5.04465873416016,8.861259747261201,106.53773638124144,106.53773810337351,89.9999968341411,-4.599409265714286,-1.954087174704433,0.0,5.0,1.18056017,1.0572,2.3449,1.2877
mp-5782,AlAgS2,3,8,169.43391449112187,21.179239311390237,3.900206524762422,5.70249387055302,5.702493725607133,6.588432650633701,115.64320525940325,115.64320249647966,89.99999698441553,-11.94301553125,-0.904003048906249,0.0,3e-07,2.88185789,2.8066,4.7058,1.8992
mp-675067,Sm2ZnS4,3,14,307.2129622105798,21.94378301504141,5.344515691591058,7.369589626224855,7.369589626224855,7.369589626224855,111.29417894496568,111.29417894496568,105.88377464002232,-5.717994184285715,-1.82563608,0.168779667499999,0.000424,3.400352,3.4003,5.0222,1.621899999999999
mp-27938,Tl6SI4,3,22,857.3843353617087,38.97201524371403,6.840533725967423,9.33454223,9.33454223,9.83987304,90.0,90.0,90.0,-2.993423355454545,-0.76957963977273,0.0,0.0,2.54501135,2.4429,4.2213,1.7784
mp-698375,CuH12C5S4N,5,184,2306.562602647943,12.53566631873882,1.6008788004108792,14.168328,14.168328,11.490212,90.0,90.0,90.0,-5.240804790652175,-0.202370627391304,0.110113758009831,0.0037738,1.93688157,1.0552,2.7986,1.7434
mp-754501,Ca(CuO)2,3,10,134.91451621856865,13.491451621856864,4.902772251905731,6.0588276529034895,6.0588276529034895,6.0588276529034895,127.7668818585776,127.7668818585776,77.00297561607972,-5.696780578,-1.676793532,0.037194397333334,0.0046789,4.16335706,4.1089,5.6389,1.529999999999999
mp-1245523,ZrGeN2,3,8,122.65893357399791,15.33236669674974,5.195217493154172,3.955632999999999,3.955632999999999,7.839118,90.0,90.0,90.0,-14.586676577291666,-0.8668588704166651,0.269870783541669,3.01e-05,4.41302312,2.9907,4.4133,1.422599999999999
mp-35031,Pr5CuSe8,3,14,358.69731972427985,25.62123712316285,6.480012794468938,7.754427483053085,7.754427483053085,7.754427483053085,110.34789230094432,110.34789230094432,107.73175561577666,-21.364701033392844,-1.910482484166652,0.068527396607141,0.0017212,5.0952829,4.083,5.0953,1.012299999999999
mp-7909,Al2CdTe4,3,7,231.64033150563444,33.09147592937635,4.851529037055572,6.245187161588777,6.245188002456547,7.4009800495628815,114.95561796442348,114.9556333695428,89.99999885718702,-19.901839472857144,-0.582113531428575,0.0,0.0,3.050266,3.0374,4.6619,1.6245
mp-1096838,Ba(AgO)2,3,10,187.4619492921981,18.74619492921981,6.821766535397419,6.848977201682931,6.848977201682931,6.848977201682931,129.30366059928227,129.30366059928227,74.5224593037522,-4.898956491000002,-1.398802029666667,0.001692350666669,0.0,1.453641,1.3891,3.1164,1.7273
mp-1038314,Mg30AlNiO32,4,64,614.3153193203273,9.598676864380112,3.586452581342073,8.473273,8.473273,8.556358,90.0,90.0,90.0,-6.358940265156249,-2.971837685156249,0.033116900664063,1.0030854,6.573983,6.5739,8.3596,1.7857
mp-867660,Li3CoO3,3,28,276.7193174854403,9.882832767337153,3.066517592701269,8.738797,8.738797,3.623566,90.0,90.0,90.0,-5.615552591428572,-1.6578285435714282,0.223233288571433,0.232832999999999,0.93860929,0.8551000000000001,2.0657,1.2106
mp-694876,NaSr2LaTi4O12,5,60,722.5353209745712,12.042255349576186,4.968246560656847,5.530738,5.530738,23.620708,90.0,90.0,90.0,-8.520379244333334,-3.4893750348189663,0.009482034654157,1.1400000000000004e-05,3.81997918,3.786299999999999,5.6672,1.8809
mp-569118,Cs3MnI5,3,18,881.6749040662489,48.98193911479161,4.09892580035923,10.330037813408394,10.33003644931554,11.030225783554464,117.94660136487076,117.94660429132703,89.95252645971664,-3.588776875000001,-1.421442310766285,0.0,9.9999998,0.67632979,0.6433,2.6252,1.9819
mp-38099,Rb4Cl2O,3,14,449.9389433024567,32.138495950175475,3.164875171364318,8.379207405055206,8.379207405055206,8.379207405055206,112.22059352297826,112.22059352297826,104.10223907932424,-3.5302122949999992,-1.734900452857143,0.046309342619048,0.000192099999999,2.05768777,1.1478,2.9038,1.756
mp-983603,ErZnAsO,4,8,137.45407710300134,17.181759637875167,7.81835195211237,3.93513,3.93513,8.876453,90.0,90.0,90.0,-5.862334405,-2.000947915625,0.000575866692706,0.0037337,4.3493683,4.1873000000000005,5.339,1.1517
mp-1037716,YMg30CuO32,4,64,632.4867456979578,9.88260540153059,3.658730319016116,8.586156,8.586156,8.57934,90.0,90.0,90.0,-6.37567627171875,-2.97165829078125,0.046310274287109,4.75e-05,6.90601209,6.9059,7.9584,1.0525
mp-560861,Cs2KMnF6,4,10,196.02478412073387,19.60247841207339,4.013910600488281,6.5735518439884535,6.5735518439884535,6.5735518439884535,121.5185615646214,121.5185615646214,87.38930157202965,-5.34270701,-2.983461569449137,0.0,3.999872899999999,-0.40957645,-0.5468000000000001,1.1967,1.7435
mp-37091,Sr(AlTe2)2,3,7,237.38920103108637,33.912743004440905,4.560626034167874,6.718572835243059,6.8276777184921285,6.8276777184921285,76.02825330560295,60.528522207226274,60.528522207226274,-19.608138668571428,-0.996887958571428,0.0,0.0,3.56022874,3.4669,4.9123,1.4454
mp-761827,Na3CuO3,3,28,364.5992621751621,13.021402220541502,3.288539093897766,9.0679785,9.0679785,4.43399115,90.0,90.0,90.0,-4.7048318675,-1.423653007376847,0.018883875357142,0.0,1.15463333,1.0676,2.2091,1.141499999999999
mp-1035459,Mg14FeCO16,4,32,309.73206301455247,9.679126969204765,3.560466805001775,8.53207944,8.53207944,4.2547729,90.0,90.0,90.0,-6.328610256562499,-2.588142752031249,0.2620507415625,4.2003137,5.4847136800000005,5.1974,7.1655,1.968099999999999
mp-38394,Ba(AlTe2)2,3,7,254.06025984077905,36.294322834397,4.586249681734549,6.729622704581115,7.005034661292711,7.005034661292711,76.65521142693386,61.29777325428586,61.29777325428586,-4.272944575714285,-1.132465979523808,0.008024420714282,1e-07,3.2097058,3.0651,4.5698,1.504699999999999
mp-546625,HoBi2BrO4,4,8,142.46529738069583,17.80816217258698,8.471310045810544,3.9055459999999993,3.9055459999999993,9.339972,90.0,90.0,90.0,-6.644518402499999,-2.418701072499999,0.0,0.0004395,3.54824264,3.4862,4.8527000000000005,1.366499999999999
mp-1185179,Li10Co4O9,3,46,420.4261811177374,9.139699589516033,3.54787688900616,9.56489841,9.56491499,4.59545245,90.0,90.0,90.0,-5.781422755434782,-1.774703425362318,0.031534399660325,24.0000002,2.19182519,2.1569,3.5656,1.4087
mp-560547,KCrF3,3,10,143.9373720095832,14.393737200958322,3.416883032739683,5.914091052270556,5.914091052270556,5.914091052270556,121.02082466621154,121.02082466621154,88.24079060605888,-6.22976257,-2.924567706449999,0.003604863999999,7.9999997,1.7436103900000002,1.5652,3.5332,1.968
mp-1097057,La3Zr2Cu7O12,4,96,1192.675368953613,12.423701759933472,6.883320699449201,11.585399241544462,11.585399241544462,11.585399241544462,107.51696586905132,107.51696586905132,113.45468321365836,-7.24368844,-2.244796718125,0.236871561249992,0.0005246,6.73104163,6.731,7.855,1.124
mp-1096842,Ba3SnS5,3,18,533.7380925356209,29.65211625197894,4.299708338951227,9.465150649771614,9.465150649771614,9.465150649771614,126.18719354615816,126.18719354615816,79.58069295137471,-5.184562779444445,-1.800842197499999,0.042095887777773,0.0012875,3.03422659,3.0319,4.7128,1.680899999999999
mp-1079645,K2CdSnSe4,4,8,242.7105356810374,30.33881696012968,4.277105708118633,6.842013553579969,6.84201251884093,6.842013036210396,105.52573446273992,105.5257410487032,117.68806215190176,-3.7049404225,-1.052944497359374,0.0,0.0,1.3471954,1.1854,2.8575,1.6721
mp-643451,BaMg2H8Ru,4,24,267.02935829191443,11.1262232621631,3.66982963218852,4.969616,4.969616,10.812182,90.0,90.0,90.0,-3.99227172375,-0.524300972083333,0.0,0.000101599999999,1.38522096,1.2639,3.1746,1.910699999999999
mp-574580,Tl4Pd3Cl10,3,68,1939.9346823757635,28.52845121140828,5.106152195792845,13.664421094022828,13.664421094022828,13.664421094022828,105.95546999153916,105.95546999153916,116.75777610554748,-3.66669222117647,-1.107223874313726,0.019906994999999,9.28e-05,1.57777982,1.5776,2.687599999999999,1.11
mp-1330795,CaCu2(Si2O5)4,4,62,817.2177272503337,13.180931084682802,2.892843390032309,7.270886,7.270886,15.458349,90.0,90.0,90.0,-7.763301110645162,-2.841824415161291,0.078164319301073,0.021164199999999,1.22755713,1.2275,2.5114,1.2839
mp-1227869,BaLaMnSbO6,5,20,281.8224230581196,14.09112115290598,6.468715847196713,5.801121000001121,8.374383000000597,5.801106000000862,90.00001671847984,89.99994073988428,89.99995972128258,-7.748317831,-2.764941370293103,0.07908887931349,0.0,5.70803155,5.6276,7.1387,1.511099999999999
mp-557738,Li3BiO4,3,32,321.12812542354715,10.035253919485848,6.076926929557232,8.69686507,8.69686507,4.24573496,90.0,90.0,90.0,-5.5632937390625,-1.8872128728125,0.0,0.0,2.06593126,2.0328,3.2564,1.2236
mp-675103,Sr6Bi2O11,3,38,698.1370868737415,18.372028601940567,5.326354339059344,8.744515,8.744515,9.129968,90.0,90.0,90.0,-6.269224384210526,-2.460687109736842,0.081985404736841,0.0017813,2.5090375700000003,1.9014,3.044,1.1426
mp-1217673,Tb2O3,2,5,81.05964694615568,16.211929389231138,7.494560040783008,3.808718,3.808718,5.58788,90.0,90.0,90.0,-8.561542165999999,-3.737620113666666,0.244560959750002,0.0,2.18026596,2.1207,3.6816,1.5609000000000002
mp-756450,CrPO5,3,28,360.5880252669776,12.878143759534916,3.001906019611722,7.841933783517239,7.843363124651887,7.84165738515851,64.52171952766548,98.033333755785,64.53909057702879,-7.869060892142857,-2.182157174948979,0.043133437142857,0.0,0.95747884,0.8377,2.5835,1.7458
mp-28273,K3CuO2,3,48,970.2777395941904,20.214119574878964,2.914040978998382,8.5825484,8.5825484,13.1723586,90.0,90.0,90.0,-4.186012822916667,-1.287806514875,0.0,0.0,1.32930781,1.1151,2.6367000000000003,1.521599999999999
mp-1033312,Mg6BCO8,4,16,147.10777086735445,9.194235679209651,3.348523082984855,8.40672685,4.18315868,4.18315868,90.0,90.0,90.0,-6.044676340624999,-1.964871181510416,0.881037952734375,0.0447385,6.84700395,6.6786,7.774,1.095399999999999
mp-20782,LiInTe2,3,8,266.1031655628087,33.26289569535109,4.704605033033507,6.486789505803771,6.486789937863914,7.812293968818259,114.52975253288652,114.5297391695436,89.99999445376181,-3.57577265375,-0.8370955545833321,0.0,0.0,2.66456219,2.6056,3.9903,1.3847
mp-1195765,Nd8Sb2S15,3,100,2450.1170126208444,24.501170126208443,5.092341375281412,14.902203642666604,14.902203642666604,14.902203642666604,116.43801799737298,116.43801799737298,96.28886600592756,-18.2534341874,-1.962743718287499,0.0,0.0,5.4056009,3.5742000000000003,5.4055,1.8313
mp-549127,HoBi2ClO4,4,8,136.85991564229317,17.107489455286647,8.278940385967152,3.888732,3.888732,9.050243,90.0,90.0,90.0,-6.72239778625,-2.470130923125,0.0,0.0005312,3.64886018,3.575,4.946,1.370999999999999
mp-35630,Pr2CdSe4,3,14,366.6446995134471,26.188907108103365,6.4318007738326575,7.814004639882676,7.814004639882676,7.814004639882676,110.87031611588496,110.87031611588496,106.70787024200912,-5.194438537142857,-1.6894958203869042,0.09487881339286,0.0006167,3.15221333,3.1522,4.4994,1.347199999999999
mp-7089,KMgSb,3,6,191.6846050640215,31.94743417733692,3.208091680058315,4.8260220700000005,4.8260220700000005,8.23016661,90.0,90.0,90.0,-2.929808336666667,-0.632861344083333,0.0,0.0,2.64009536,2.5206,3.7878,1.267199999999999
mp-1217913,TaTiAlO6,4,18,191.2576833310017,10.625426851722317,6.108677136108941,4.626783,4.626783,8.934302,90.0,90.0,90.0,-9.302751101666663,-3.392110943962961,0.051438643888891,0.000997799999999,3.65226359,3.6523,5.578699999999999,1.9264
mp-558965,Gd4Si2Se3O7,4,64,1026.8772969647416,16.044957765074088,6.6885308037019495,11.07984550799291,11.07984507846036,11.079845228290868,100.17078142903968,114.31221055468204,114.31221189190197,-10.1920314971875,-3.174619841689453,0.003296716692705,112.0005435,4.24165602,4.1701,5.173,1.0029
mp-1191683,Ce7ZrO16,3,24,320.0210952456414,13.334212301901724,6.890919853216123,7.679714,7.679714,5.426109,90.0,90.0,90.0,-9.27751946375,-3.891114222083332,0.021867169374999,0.0048566,4.92739412,4.9275,6.7544,1.8269
mp-1232037,La2MgSe4,3,14,364.830449896155,26.05931784972536,5.625297888921306,7.8028598783914465,7.8028598783914465,7.8028598783914465,111.1257165456841,111.1257165456841,106.21061224845106,-5.639987238571428,-1.9991115049107144,0.074474469821431,0.000264199999999,5.00389604,5.0039,6.8208,1.8169
mp-1193609,PH8IN4,4,28,470.8355782753566,16.815556366977024,1.565673747522428,7.932095,7.704433,7.704433,90.0,90.0,90.0,-4.818608514285714,-0.000470754974488,0.537269000892857,3.998603799999999,0.19932614,0.1993,1.3104,1.1111
mp-1032403,LiMg6MnO8,4,16,154.09270019436624,9.63079376214789,3.617627654929876,8.50253428,4.25712926,4.25712926,90.0,90.0,90.0,-6.57151918625,-2.794178793204023,0.024520575312499,4.0000007,4.22293147,3.8994,5.431,1.5316
mp-1034765,Mg14NbSiO16,4,32,323.3181018100619,10.103690681564434,3.683757342629729,8.6633236,8.6633236,4.30785371,90.0,90.0,90.0,-6.396786874062499,-2.724268769062499,0.263776338700656,1.666893599999999,8.14119175,7.846999999999999,9.4233,1.576299999999999
mp-505153,K3NiO2,3,24,522.866502956441,21.786104289851707,2.6421329570436303,6.093920584945787,6.094957106916258,14.077446204139584,89.97903550727159,90.08414653051132,90.00662586890597,-4.301997625416667,-1.123636315708332,0.035289159583332,0.0013809,1.21981297,1.0041,2.6361,1.632
mp-35539,Zn2GeSe4,3,7,171.64367915067547,24.52052559295364,5.023864674039488,8.056141561768161,10.445915000504968,6.649746944064507,29.516281690268745,52.715279402969074,39.53536698697996,-3.797190095714285,-0.7791670977678561,0.012863098035715,0.0,1.28646831,1.2488,2.6361,1.3873
mp-696127,Li10Ge(PSe6)2,4,50,1153.1586697826085,23.06317339565217,3.316351660152675,9.287435,9.287435,13.368956,90.0,90.0,90.0,-4.0981350138,-1.038369361629762,0.011314149999999,0.0023308,1.63362094,0.9475,2.2933,1.345799999999999
mp-27293,Tl4HgBr6,3,22,719.124823000532,32.68749195456964,6.916005539348775,8.98204314,8.98204314,8.91361777,90.0,90.0,90.0,-2.833224249545455,-1.049838820984852,0.013296229999999,0.0,1.04069555,0.9685,2.8005,1.831999999999999
mp-551900,PrBi2BrO4,4,8,150.9524964299667,18.86906205374584,7.730757360497485,3.993484,3.993484,9.465344,90.0,90.0,90.0,-6.594036133749999,-2.343494804583335,0.0,7.730000000000002e-05,3.30704816,3.1723,4.3992,1.2269
mp-1226805,Ce3SnO8,3,12,157.48893939248532,13.12407828270711,7.033305972936129,3.814410999999999,3.814410999999999,10.824182,90.0,90.0,90.0,-8.468285179166665,-3.351276053749998,0.120976595000001,0.0012797,5.64736011,5.6406,6.7221,1.0815
mp-1209848,Nd2Pd2O5,3,18,242.53845991818437,13.474358884343577,7.960026059871954,6.594473750000001,6.594473750000001,5.57725277,90.0,90.0,90.0,-7.462894016666667,-2.503353626666666,0.0,0.0,3.47054533,3.4703,4.5512,1.080899999999999
mp-1226753,CdBiIO2,4,5,106.98303090136577,21.396606180273157,7.45490248589109,7.192594357144159,7.192594357144159,7.192594357144159,147.5085559994286,147.5085559994286,46.61136762151237,-4.57241163,-1.318415804999999,0.031731053141665,0.0004368,3.45739084,3.4133,4.6691,1.2558
mp-1037433,YMg30BO32,4,64,635.6802752923131,9.932504301442393,3.5025939795913112,8.58733,8.58733,8.620301,90.0,90.0,90.0,-6.355640122343749,-2.9113067492057283,0.133336178286025,0.0010238,6.5093849,6.5094,8.1807,1.6712999999999991
mp-861268,LiLaNb2O7,4,11,158.60632764204905,14.418757058368096,4.644874642525185,10.690147440499452,10.690147440499452,10.690147440499452,158.87364080005207,158.87364080005207,30.05149954903056,-8.78953823090909,-3.181968495757575,0.076826514545457,0.022565599999999,2.09395304,2.0301,3.4151,1.384999999999999
mp-567471,HgI2,2,24,1029.3535130192772,42.88972970913655,5.86424144590255,8.983066046486144,8.983974156909564,14.259091559249482,108.42925736658692,108.4223622304527,90.01827462446298,-1.683276793541665,-0.564044371041667,0.00057302333333,0.0,0.27111519,0.2317,1.5812,1.3495
mp-36734,CeThO4,3,6,84.16036825195879,14.026728041993133,8.605557288249912,3.9046539916053074,7.808072411724474,6.761367584875938,30.00713587097182,54.72230084616356,59.99265522134844,-9.664104346666669,-4.140328989999998,0.007154194999998,0.0,4.98453604,4.9152000000000005,6.5688,1.6536
mp-559549,K2LaNb5O15,4,46,652.4067097067923,14.18275455884331,4.691534420689359,12.80775,12.80775,3.977157,90.0,90.0,90.0,-8.839422830434783,-3.103566881499999,0.007359213731904,0.0023204,3.48906308,1.6028,3.4891,1.8863
mp-568100,ReNCl4,3,6,159.04340223022663,26.507233705037773,3.5710191599716152,6.55375976080204,6.55375976080204,6.55375976080204,95.63047588858812,95.63047588858812,143.49216335698392,-14.903688141967592,-0.545501313842592,0.036167690462972,0.0012024,-0.97136153,-1.0657,0.012,1.0777
mp-1036772,Mg30VCrO32,4,64,622.4656380665381,9.726025594789656,3.585544245165192,8.511564,8.511564,8.592046999999999,90.0,90.0,90.0,-6.4953788990625,-2.964350677968749,0.016748008116319,7.0005247,6.46287719,6.4626,8.1927,1.7301000000000002
mp-2232092,MgNbV3O10,4,15,250.5621432649137,16.70414288432758,2.849917414660393,6.627554,6.627554,5.704386,90.0,90.0,90.0,-8.356456236,-2.458916015,0.246035762444453,2.02566,0.49336286,0.4756,1.5216,1.046
mp-557631,AgAs(XeF5)2,4,28,496.7072023347361,17.739542940526288,4.248135792778018,8.945459545752303,8.945459545752303,8.945459545752303,121.1911580432995,121.1911580432995,87.94894575237426,-3.513619352142857,-1.6047670449404752,0.01257865589286,0.000790399999999,-2.539214969999999,-2.6282,-1.2233,1.4049
mp-560340,La2Pd2O5,3,18,252.7100317220284,14.039446206779354,7.499371443133834,5.62290793,6.7039498208836825,6.7039498208836825,90.0,90.0,90.0,-7.569045280555558,-2.572202741111114,0.0,0.0,5.39637036,5.3397,6.5187,1.179
mp-752760,Li2CoO3,3,24,271.2473176448796,11.30197156853665,2.958412476229169,9.105545,9.105545,3.27155,90.0,90.0,90.0,-5.927941001666666,-1.628750090277777,0.148299564166676,12.0692162,-0.37155724,-0.407,0.7721,1.1791
mp-555014,Rb2MnF5,3,8,149.1685252624626,18.646065657807824,3.571865876420315,4.16371982,5.98546436,5.98546436,90.0,90.0,90.0,-5.558675035,-2.972131870991379,0.0,4.0000004,-1.33006713,-1.4777,0.1096,1.5873
mp-1211788,La4CI6N,4,48,2012.9538654502144,41.93653886354614,4.431723481307497,14.323904,14.323904,9.810949,90.0,90.0,90.0,-5.565804271458334,-1.694357229791668,0.0,0.007264899999999,3.21318219,3.1524,4.3365,1.1841
mp-35269,Ca4Sb2S,3,14,401.3634274212327,28.668816244373765,3.606825874317061,8.051376359930083,8.051376359930083,8.051376359930083,110.54950673161672,110.54950673161672,107.33552681113686,-4.312457712142857,-1.3956291817857132,0.071027154489793,0.0021782,4.31204413,4.2243,5.3062000000000005,1.081899999999999
mp-1211474,K2Ti(CuS2)2,4,18,398.5077399150707,22.1393188841706,3.178635900751431,5.54633,5.54633,12.95464,90.0,90.0,90.0,-5.151748867222222,-1.273278239203703,0.0,0.0029062,2.77683465,2.7658,4.4393,1.6735
mp-561045,Ba8Ce3(SbO6)4,4,39,633.5393461702952,16.24459861975116,6.264285120660729,10.535820468755436,10.535820468755436,10.535820468755436,131.97451165339248,131.97451165339248,70.26928593757252,-7.310804028974358,-2.992093305641025,0.0,0.000593,3.15066021,3.0685,4.9457,1.8772
mp-754700,Li4V3FeO10,4,18,208.66119497352292,11.592288609640164,3.1547952694706902,6.695954,6.695954,4.653897,90.0,90.0,90.0,-7.47530186111111,-2.317688475740741,0.080404494270825,7.0055737,2.8208674,1.5871,2.821,1.2339
mp-744259,Ca3Mn2(GeO4)3,4,80,971.9594883895576,12.14949360486947,4.373774936336749,10.808301702145116,10.808301702145116,10.808301702145116,109.54778654451287,109.54778654451287,109.31819709945376,-7.46414884175,-2.584876549293104,0.0,31.9997689,2.76708836,2.6799,3.6969,1.017
mp-1192660,AgH2CS2N,5,28,409.38153054252354,14.62076894794727,3.245481901927807,8.060139,8.060139,8.496568478311877,118.31490558782497,118.31490558782497,90.0,-5.331300469285714,-0.263110987738095,0.075084745145772,0.000752899999999,1.68940157,1.6891,3.649,1.9599
mp-756490,Li6MnS4,3,22,369.7247538777745,16.805670630807928,2.019677160909255,8.0141621,8.0141621,5.75655003,90.0,90.0,90.0,-4.757734745000004,-1.37908535026646,0.0,9.9999987,1.7893990400000002,1.6901000000000002,3.6369,1.9467999999999992
mp-1102791,INO4,3,12,182.41743772861483,15.201453144051236,3.730553634682255,9.54876384505251,9.54876384505251,9.54876384505251,152.73348904734922,152.73348904734922,38.94312130691966,-5.168060668333333,-0.225704938333333,0.482500350674598,0.000223499999999,1.55007648,1.3911,3.0852,1.6941000000000002
mp-12867,SrSnO3,3,10,132.91090821475046,13.291090821475049,6.354962395647654,5.755857675696124,5.755857372322541,5.755854613948988,120.91879939293918,120.91880339267504,88.41596686931939,-6.7398282725000005,-2.630651680499999,0.006706956999999,0.0,4.07669845,4.0234,5.5784,1.5550000000000002
mp-1030833,Mg6NbSiO8,4,16,167.68808585535112,10.480505365959443,3.909694491154669,8.81809439,4.36077553,4.36077553,90.0,90.0,90.0,-6.472420080625,-2.416599380624999,0.52118166490132,0.889519499999999,8.26197383,8.0194,9.5038,1.4844
mp-37605,LiNdSe2,3,8,202.57078451986013,25.32134806498252,5.0676370565464,8.283642799999999,10.983822800614728,7.212188425345362,29.163010260868703,54.95071767963946,41.04731425588934,-17.01846811125,-1.911509146822918,0.002252994531247,0.0,2.53241833,1.736899999999999,3.3242,1.587299999999999
mp-10322,BaHfN2,3,8,143.91670443254245,17.989588054067806,7.934364724872101,4.13241419,4.13241419,8.42759229,90.0,90.0,90.0,-8.65930405375,-1.52112418875,0.0,0.0,3.37402275,3.3174,4.5711,1.2537
mp-1078562,SrAgSF,4,8,154.1235121830915,19.26543902288644,5.312733446667156,4.108626,4.108626,9.130103,90.0,90.0,90.0,-14.1371769875,-2.221776139453126,0.007166428124998,0.0,2.8482662,2.7651,4.0184,1.253299999999999
mp-1029542,Na6MoN4,3,22,329.0549372815088,14.957042603704943,2.92595073839425,7.521833,7.521833,5.815955,90.0,90.0,90.0,-5.095343959090909,-0.345427071661442,0.004607027014105,0.0007516,3.82958121,2.4615,3.8293,1.3678
mp-19443,WO3,2,8,111.84849695087402,13.981062118859253,6.883890239478372,3.94449455,5.32499735,5.32499735,90.0,90.0,90.0,-9.13545015,-2.18494683875,0.005913767812499,0.0,0.48813013,0.3944,1.5447000000000002,1.1503
mp-33322,LiHoSe2,3,8,182.94509070266471,22.86813633783309,5.986838658334167,6.997467540296592,6.997467540296592,6.997467540296592,132.45929007321635,132.45929007321635,69.50458831297627,-17.92016304375,-1.947370346197917,0.015179663749997,0.0,2.86875388,2.0013,3.6927,1.691399999999999
mp-1211969,K2Hg6S7,3,30,801.4766343929779,26.71588781309926,6.241205011494901,4.112458591776671,13.959892964389203,13.960701464506704,90.00166615557848,90.00239471974479,90.00235147090386,-2.819383682,-0.6138799714666691,0.0,0.0,2.38361432,0.9921,2.3839,1.3918
mp-705116,Sr2MnMoO6,4,40,535.0186753817643,13.375466884544108,5.240471473251065,8.096076,8.096076,8.162436,90.0,90.0,90.0,-7.950498417,-2.642469655793103,0.006339866999999,19.9989049,3.46354474,3.481,4.7356,1.2546
mp-651051,Te2W3(CO)15,4,140,2620.2796823149088,18.71628344510649,3.110000919670223,11.022666,11.022666,21.566236,90.0,90.0,90.0,-8.098733910642856,-0.731729418452381,0.48444915564286,0.0458577,0.6075687200000001,0.0041,1.2395,1.2354
mp-341,PbF4,2,5,72.5019564660598,14.500391293211958,6.486087829728194,4.293503067574802,4.293504321296013,4.968473075587722,115.59930369564992,115.59930644597804,89.9999839414233,-15.7487542,-1.990905017999998,0.0,0.0,-1.93674298,-1.972999999999999,-0.0708,1.9022
mp-571085,Ga2BiSe4,3,28,777.5222865646157,27.768653091593418,5.674642782026927,7.84300707,7.84300707,12.64001628,90.0,90.0,90.0,-20.443879880714288,-0.639013228035716,0.0,0.0,1.74563435,1.7000000000000002,3.5901,1.8901
mp-1103519,KCuO,3,12,244.84857311296517,20.40404775941376,3.218519860682631,7.195623209832557,7.195623209832557,7.195623209832557,98.57753056600924,98.57753056600924,134.56394477732078,-4.6096085075,-1.216762708249999,0.001043583333332,0.00019,1.301205449999999,1.2903,2.5076,1.2173
mp-22621,LaTiAgO4,4,14,191.1339587914792,13.6524256279628,6.231575611977413,3.748582,3.748582,13.602033,90.0,90.0,90.0,-8.017173206428572,-2.950561660714286,0.090224463392857,0.0003027,4.15479601,4.0133,5.479,1.4657
mp-1031860,CaMg6NbO8,4,16,170.28030850248163,10.642519281405102,3.967124597071616,8.86383533,4.38299903,4.38299903,90.0,90.0,90.0,-6.59841137875,-2.756323063124999,0.238923238958335,0.111167599999999,7.33693764,7.2074,8.7793,1.571899999999999
mp-1212097,K2GdNb5O15,4,46,644.9574985006915,14.02081518479764,4.84018274007491,12.761036,12.761036,3.960584,90.0,90.0,90.0,-8.970882074565218,-2.837629815413043,0.265724949384065,1.9999299,1.167552919999999,1.1596,3.0369,1.8773
mp-675146,Pr2PbSe4,3,14,377.038789198468,26.931342085604854,7.089422663653586,7.882596715167153,7.882596715167153,7.882596715167153,109.47295363029974,109.47295363029974,109.46775469846648,-26.35574552214286,-1.735847269226192,0.021157599107137,0.000697599999999,4.13885264,4.0898,5.5353,1.4455
mp-40286,NaLiLa2Ti4O12,5,20,239.793310426459,11.98966552132295,4.786492031617338,7.833769,7.833769,3.907469,90.0,90.0,90.0,-8.6428569495,-3.438849050402299,0.037703630249975,0.009087,4.95739894,4.0985,5.9999,1.9014
mp-754172,La3Ti2N3O4,4,12,162.3906387685063,13.532553230708858,6.32419741611632,10.752196233824652,10.752196233824652,10.752196233824652,158.80460826530552,158.80460826530552,30.15087535470287,-9.093800225,-2.809993341388889,0.059605085277777,0.000155299999999,7.62564069,7.5243,8.5417,1.0174
mp-1228411,Ba5Li2U3O15,4,50,781.5783921908924,15.631567843817848,7.030693826766965,10.478005928488455,10.478005928488455,10.478005928488455,99.54696523154868,99.54696523154868,131.93506792784788,-8.2495583644,-3.389303742866665,0.0,0.0,2.92084727,2.9208,4.1933,1.2725
mp-1036911,Mg30CoBiO32,4,64,637.5197247708184,9.961245699544037,3.930587672455279,8.608596,8.608596,8.602585,90.0,90.0,90.0,-6.2807267490625,-2.8702220046875,0.062195173183593,2.0013383,7.04058858,7.0406,8.3157,1.275099999999999
mp-1264019,Mn2Zn3(SiO4)3,4,80,835.0832538180562,10.438540672725702,4.631964009344479,10.28216086499122,10.282160833721772,10.282160102040718,112.47533622005656,107.99037215317266,107.9903726157779,-7.263319074,-2.375581695793104,0.156574730916673,32.0041873,3.76481587,3.7648,5.0198,1.255
mp-34486,Pr5AgS8,3,14,322.92747413753887,23.066248152681347,5.496572053175813,7.48605103788693,7.48605103788693,7.48605103788693,109.75368059747191,109.75368059747191,108.90776576103688,-6.379685579285714,-2.099722959999998,0.022918237142852,0.000779299999999,4.33261992,4.2827,5.6545000000000005,1.371799999999999
mp-32891,Y2S3,2,40,870.8137239135814,21.770343097839536,4.179987681547378,13.80739017317469,13.80739017317469,13.80739017317469,144.7856774484743,144.7856774484743,50.65402887128039,-15.29279423425,-2.346931513937499,0.03571585675,0.0006383,4.13538514,4.078,5.9799,1.901899999999999
mp-1035146,NaMg14CoO16,4,32,309.1558332550869,9.661119789221466,3.642661239310868,8.52115062,8.52115062,4.25775788,90.0,90.0,90.0,-6.245487702812499,-2.793328521918103,0.059879961249999,0.663184,4.33178709,4.0283,5.5312,1.5029
mp-553243,YBi2BrO4,4,8,138.96068058286153,17.37008507285769,7.776488269165777,3.88104827,3.88104827,9.2255835,90.0,90.0,90.0,-6.863023013750002,-2.398279179375002,0.0,0.0,3.70173793,3.5045,4.8445,1.339999999999999
mp-15776,Zn(GaSe2)2,3,7,169.39174072865404,24.19882010409344,5.104347978029998,5.561611556032173,5.561343486003799,6.742787223658779,114.36558753663492,114.3612855945205,89.99187896454826,-3.958072944285713,-0.915275577767856,0.0,0.0,1.5741208,1.5011,2.9012,1.400099999999999
mp-1195298,CaSiP2,3,64,1366.162275192255,21.346285549878985,2.530351683932137,7.204562,7.204562,26.320075,90.0,90.0,90.0,-5.23860535375,-0.6731391135714271,0.020473860208335,0.0064638,4.72599696,4.6741,5.6991,1.024999999999999
mp-698605,CaGaBiB2O7,5,48,646.8053098747771,13.47511062239119,4.645766098883918,7.721488,7.721488,10.848547,90.0,90.0,90.0,-6.489543713958333,-1.746356981527776,0.907240026874999,0.000566099999999,2.84603137,2.7769,4.0586,1.2817
mp-1032800,Mg6MnNbO8,4,16,165.93958697639383,10.371224186024614,4.219601231203984,8.83219094,4.33451767,4.33451767,90.0,90.0,90.0,-6.8804119425,-2.59104766362069,0.247018928790014,0.9425009,8.08517822,7.8575,9.0774,1.2199
mp-35907,La5TlTe8,3,14,469.2228185369663,33.515915609783306,6.793690342751184,8.478896447529904,8.478895933343566,8.478897625171511,109.26502298154678,109.88441331753698,109.2650284417585,-5.446872235000037,-1.7184468929762282,0.0,0.0,7.23603219,6.6266,7.8382,1.211599999999999
mp-569711,K5Nb(CN)8,4,22,400.6794985062728,18.212704477557853,2.057802364306846,8.044455558213185,8.044455558213185,8.044455558213185,109.05042127513867,109.05042127513867,110.31613759228088,-7.458611753181819,-0.353510081647728,0.143791754840906,0.001779099999999,1.11730494,1.0108,2.7656,1.7548
mp-2761457,RbFeF4,3,24,365.4482144168366,15.227008934034858,3.949624309457089,6.19954031,7.67654759,7.67892471,90.0,90.0,90.0,-5.6707978766666685,-2.81980374625,0.004999598333332,20.0000008,-0.50510621,-0.5051,0.7888000000000001,1.293899999999999
mp-1103118,RbCuO,3,12,275.1674427495093,22.930620229125772,3.983187289407882,5.915551,7.434001451226183,7.434001451226183,80.89167802143035,66.5548364632434,66.5548364632434,-4.530838750833333,-1.188271501666666,0.000627319166667,0.010376699999999,1.4078202,1.4078,2.4872,1.0794
mp-1037183,Mg30CuBiO32,4,64,638.6940136373314,9.979593963083303,3.9353538006817743,8.612365,8.612365,8.610889,90.0,90.0,90.0,-6.231244733593749,-2.868149521249999,0.059641261699218,0.015595099999999,7.03255352,7.0325,8.2869,1.254399999999999
mp-973793,Li8SeN2,3,22,243.54533907657,11.070242685298636,2.215931736573749,7.004617523813018,7.004620519259626,7.00430287044283,119.85455964310816,119.85448599995402,90.2491365029522,-5.447051049090909,-0.750440787263257,0.0,0.0,1.39249325,1.2551,3.0074,1.7523
mp-1207949,VP2(NO4)2,4,26,380.68621677341,14.641777568208076,2.345842795951239,8.495068999999999,8.495068999999999,5.275132,90.0,90.0,90.0,-7.342724414615384,-1.48310159532967,0.6166498944230621,6.1708649,0.88114883,0.881,2.4764,1.5954000000000002
mp-626316,FeHO2,3,16,173.0138155631187,10.81336347269492,3.411098354779878,3.064922000426112,7.668038163901768,7.667909896425884,87.71176954121944,78.47343773857837,78.47130320200347,-6.934243724375,-1.493966309687499,0.05515319875,0.0,0.75969695,0.7572,2.0147,1.257499999999999
mp-23192,HgI2,2,6,256.0028709572018,42.66714515953364,5.894833826436059,4.46038977,4.46038977,12.86764923,90.0,90.0,90.0,-1.683849816874996,-0.564617394374998,0.0,0.0,0.16554319,0.1122,1.444599999999999,1.3324
mp-758834,Mn3(Ni17O20)2,3,77,748.715679561411,9.7235802540443,6.21079113296987,5.96249832723314,5.96249832723314,21.477975251888456,97.97869944581416,97.97869944581416,90.0,-6.744138551818181,-1.264539419399909,0.03732001051948,76.9958138,5.76995129,5.1917,6.3277,1.136
mp-1147526,BaCu2(HgO2)2,4,18,321.7253681036945,17.873631561316362,7.5314151588323,6.962272,6.962272,6.637176,90.0,90.0,90.0,-4.627760463333333,-1.235696421666667,0.054851816388889,0.00029,3.0123173,1.8175,3.0124,1.1949
mp-557410,NdTe2BrO5,4,18,282.3197662567804,15.68443145871002,6.579850326770641,10.256938164423287,10.256938164423287,10.256938164423287,149.18697094054608,149.18697094054608,44.136166923775086,-6.276522022222222,-2.117465268981481,0.013871382808652,2.9300000000000004e-05,4.97819925,4.9174,6.8859,1.9685
mp-1222351,LiFeF6,3,16,178.52932297956295,11.158082686222684,3.288469874149039,4.624682950000103,4.624682950000103,8.34729244,90.0,90.0,89.99997596509567,-4.915051543749995,-2.182294252916662,0.0,6.0000004,-3.47782566,-3.4778,-2.2209,1.2569
mp-23335,Ti3(BiO3)4,3,19,244.8437162714585,12.886511382708342,7.945260423456065,16.841035515614205,16.841035515614205,16.841035515614205,166.91375080304385,166.91375080304385,18.54742870629997,-7.676749859473685,-2.486110630526317,0.064976853815789,0.0006072,5.68142434,5.6233,6.7257,1.102399999999999
mp-1177856,Li2TiV3O8,4,56,606.3277987496728,10.82728212052987,3.752747015838072,8.454878,8.454878,8.481893,90.0,90.0,90.0,-8.324308539285715,-2.713683967857143,0.0169351782143,20.0004922,2.88621213,2.886,3.9787,1.092699999999999
mp-1038011,NaMg30MnO32,4,64,622.1225211626121,9.720664393165814,3.520766867680524,8.512298,8.512298,8.58583,90.0,90.0,90.0,-6.3601656540625005,-2.957781455926723,0.017236641914062,4.0038835,4.34215909,4.3421,5.8555,1.513399999999999
mp-707284,H24PdC8(NCl2)2,5,78,935.0371396763484,11.987655636876262,1.408370883229486,8.980622,8.980622,11.593539,90.0,90.0,90.0,-5.068867435641025,-0.335984368205128,0.095796183717948,0.0008074,0.12721515,-0.7781,1.0036,1.7817
mp-761341,TiVO4,3,24,252.22064504983237,10.509193543743017,4.287450605439104,5.479279144231382,5.479273863675824,8.830860935847308,86.27780615421368,86.2777858329136,72.63693276412317,-9.089250447916667,-2.960710096805556,0.054551717499991,0.0002919,3.35046127,3.2031,4.3845,1.1814
mp-1036802,BaMg30VO32,4,64,649.4581025511736,10.147782852362088,3.654698232413951,8.662714,8.662714,8.654524,90.0,90.0,90.0,-6.33348243109375,-2.92329909328125,0.085392450488281,3.0099649,5.95475525,5.9547,7.6924,1.7377
mp-1036735,Mg30VCdO32,4,64,629.584450700095,9.837257042188984,3.70434718558232,8.571304,8.571304,8.569593,90.0,90.0,90.0,-6.336812024218751,-2.941612510625,0.029036746953124,3.004524,6.06389985,6.0638,7.8105,1.7467
mp-771962,LiNbCrO4,4,28,336.8446593913552,12.030166406834114,4.256116705721287,6.308244,6.308244,8.464722,90.0,90.0,90.0,-8.500531659642856,-2.578371745833333,0.069918170357148,16.0055275,3.53395327,3.4696,4.6282,1.158599999999999
mp-774243,LiCrSnO4,4,28,317.9061273610597,11.35379026289499,5.048791829433449,6.097207008261569,6.09669300062501,8.552117012462059,90.0016322584213,90.00596018660248,90.00029127851745,-7.243935885357144,-2.192023569404762,0.087571622499998,0.009908499999999,3.81488101,3.7707,5.3626000000000005,1.591899999999999
mp-866830,Ca3SnS5,3,18,422.22799726636566,23.457110959242534,3.140491757414446,8.960431450034312,8.960431450034312,8.960431450034312,129.08051067843985,129.08051067843985,74.8810631499606,-4.995536339444444,-1.582940777499998,0.255630111944445,0.0004482,4.59947144,4.5877,5.6025,1.0148
mp-19921,PbO,2,4,84.13662656060738,21.03415664015185,8.81022542720316,3.99951433,3.99951433,5.25981635,90.0,90.0,90.0,-5.800276374531251,-1.469972337031249,0.0,0.0,4.32134305,4.2812,5.7448,1.4635999999999991
mp-1035309,CsMg14BiO16,4,32,364.2220023195965,11.381937572487391,4.277140017744879,8.9226857,8.9226857,4.5748302800000005,90.0,90.0,90.0,-5.8574239015625,-2.520174896239224,0.347635270312502,0.1666673,6.48977339,6.2542,8.214,1.9598
mp-28365,Na3AuO2,3,24,422.2454330523813,17.593559710515887,4.686678708269582,9.63584962,9.63584962,4.54762802,90.0,90.0,90.0,-4.181844761250001,-1.316017036939655,0.0,0.0,0.72418833,0.5992000000000001,2.5707,1.9715
mp-1037552,Mg30CrFeO32,4,64,621.6502823497628,9.713285661715044,3.603345165755611,8.545174,8.545174,8.513425,90.0,90.0,90.0,-6.44976506078125,-2.928328790624999,0.040023243125003,7.999938699999999,6.83434913,6.8407,8.1418,1.3011
mp-684580,AgI,2,2,73.27548446624623,36.63774223312311,5.320322248904008,4.655598916823592,4.655598916823592,4.655598916823592,118.09274768037989,118.09274768037989,93.33647444412568,-2.64737652,-0.463901373333332,0.003858525,0.000145499999999,1.44498379,1.2975,2.6118,1.3143
mp-1036862,Mg30NiBiO32,4,64,639.6552395728128,9.9946131183252,3.916842741472752,8.625759,8.625759,8.597087,90.0,90.0,90.0,-6.250348222343749,-2.860988478593749,0.07127270703125,0.998294799999999,6.99370175,6.9935,8.3066,1.313099999999999
mp-37183,Sr(GdS2)2,3,14,315.83095555769575,22.55935396840684,5.5771398885719385,7.430674904253852,7.430674904253852,7.430674904253852,109.3277298267951,109.3277298267951,109.7585849874327,-21.490763992142863,-2.337075338035719,0.023524695357142,28.0009002,5.0194807,3.6814,5.0196,1.338199999999999
mp-779502,Na3CuO2,3,48,716.9201060885661,14.935835543511793,3.048396614965821,7.867531,7.867531,11.582274,90.0,90.0,90.0,-4.338227534375,-1.334845698397988,0.016077468124992,0.0034693,1.80111344,1.7045,3.3095,1.605
mp-1147547,Sr2TaAlO6,4,10,124.05932442235034,12.405932442235034,6.413653829484513,3.965652,3.965652,7.888605,90.0,90.0,90.0,-8.30244337,-3.433930811733333,0.051430603999998,0.0004231,3.96078923,3.8698,4.9641,1.0943
mp-16036,Tb2TeO2,3,5,96.5366804303954,19.30733608607908,8.212666351732242,3.930731939978125,3.930731649111011,6.838394041112652,106.70245309772714,106.70245110994937,89.99999694276916,-7.7904021079999985,-3.327411077999997,0.0,0.0,4.78171167,4.7446,5.9161,1.1715
mp-770414,LiAlVO4,4,28,275.6096542950882,9.843201939110292,3.587545828837039,5.812731108001814,5.812788102711039,8.156992087239267,89.98856584575591,90.01231300534705,90.06965932007651,-7.734411625,-2.8015189411904773,0.049220811785714,2.4300000000000005e-05,3.51606261,3.3821,5.1422,1.7601
mp-557125,K3ReClF6,4,22,433.40370215572113,19.700168279805503,3.470821286593287,8.434646,8.434646,6.091986,90.0,90.0,90.0,-5.314372674545455,-2.662201726749999,0.009153729999994,6.0078504,0.332413299999999,0.3061,2.1201,1.8139999999999992
mp-27954,CuN3,2,16,251.79903663571773,15.737439789732358,2.784706971094685,7.198834236104274,7.198834236104274,7.198834236104274,99.33969714952124,99.33969714952124,132.48715929158269,-9.2644665459375,0.293795457499999,0.293795457499999,0.0002674,2.05601251,1.6654,3.2933,1.6279
mp-28070,Rb2TeI6,3,18,806.8840467017882,44.82689148343268,4.362730964213464,8.10855166,8.10855166,12.27226015,90.0,90.0,90.0,-2.612818761111109,-1.029657680185183,0.0,0.0,0.97959161,0.9241,2.546599999999999,1.6225
mp-1038483,Mg30BiBO32,4,64,639.6114283238655,9.9939285675604,3.7928002517410633,8.612614,8.612614,8.622759,90.0,90.0,90.0,-6.213473304218749,-2.810062699674478,0.177563996601563,0.0007576,7.37945294,7.3794,8.4612,1.081799999999999
mp-7387,KAgF4,3,12,195.2207825350668,16.268398544588898,3.792977087687259,5.803510785142299,5.803511300470629,7.101863474691005,114.11633085101714,114.1163369879549,90.00000181563445,-3.966239883333333,-2.027953733152777,0.0,2.2e-06,-3.25020433,-3.2989,-1.8399,1.459
mp-1039623,RbMg30SbO32,4,64,658.4600534200039,10.28843833468756,3.6525466127434143,8.675628,8.675628,8.748379,90.0,90.0,90.0,-6.1532734490625,-2.835173637773437,0.1297645578125,0.0013528,6.573430529999999,6.5731,8.0329,1.459799999999999
mp-2615276,Sr2CoO3,3,6,92.50658383594929,15.417763972658213,5.065116507874249,3.5784187447028746,3.5784187447028746,7.64878243386131,76.68367357700221,76.68367357700221,90.86719243815276,-6.5063000933333335,-2.2792741075,0.195085292916667,3.0000002,2.20327672,2.1191,3.5215,1.4024
mp-1079680,CaFeO2,3,16,213.75514977036048,13.35969686064753,3.974999369100508,5.564270000118705,5.564252000117266,6.904013000005359,90.00007238553681,90.00010957753997,90.00074139152898,-7.448766978125,-2.355881203124999,0.037888186875,2e-07,2.39768167,2.2421,4.0481,1.8059999999999992
mp-541103,MnF4,2,40,470.4465202723201,11.761163006808005,3.697204650692276,9.385954738257157,9.385888494024403,9.3857812707501,95.732235025831,95.73290169323931,143.1513662573623,-5.760018024500001,-2.396533066086208,0.0,24.0000004,-2.93513043,-2.9689,-1.6435,1.3254
mp-556437,Gd10S14O,3,100,2138.640512620142,21.38640512620142,6.327754259575231,14.324444531564112,14.324444531564112,14.324444531564112,117.93397188492162,117.93397188492162,93.61733825805368,-10.6240993172,-2.478789261999999,0.144242157699999,279.9888876,4.56890539,3.9321,5.2786,1.346499999999999
mp-978985,SnBr2,2,6,219.79086561206253,36.63181093534376,4.208455328326587,7.04698238,7.04698238,4.42591703,90.0,90.0,90.0,-3.560702819999998,-1.132881178333331,0.040465399999999,0.0,1.19027403,1.149,2.805,1.656
mp-1210707,MgBi2F12,3,15,275.7245362512595,18.38163575008397,4.036531323807565,6.105249,6.105249,7.397222,90.0,90.0,90.0,-4.490968301333334,-2.332517159,0.132929196666665,1.18e-05,-1.46939858,-3.3504,-1.4696,1.8808
mp-36733,La2CdSe4,3,14,375.1773359216712,26.798381137262226,6.250076017673764,7.874278678050008,7.874278678050008,7.874278678050008,110.88918496861768,110.88918496861768,106.67106013854348,-5.346293885,-1.801198126339285,0.090476271250002,0.0008332,6.01907826,4.5892,6.0191,1.4299
mp-1205991,LaBi2ClO4,4,8,148.503099738958,18.562887467369748,7.338835382018139,3.988896999999999,3.988896999999999,9.333185,90.0,90.0,90.0,-6.7218508475,-2.427293029375001,0.0,0.0025395,4.08909277,4.0271,5.3425,1.3154
mp-560608,Nd10S14O,3,100,2302.868979831509,23.02868979831509,5.501302956117751,14.67889284306044,14.67889284306044,14.67889284306044,117.88156456310536,117.88156456310536,93.71015288369188,-6.8894130338,-2.467292901599998,0.00238827025,0.0001255,5.57761163,3.7753,5.5776,1.8023
mp-1196619,Ir2(Se3Cl2)3,3,68,1886.4569763223133,27.74201435768108,4.604694905304659,14.955044932227736,14.955044932227736,14.955044932227736,130.5641219651083,130.5641219651083,72.5065191246619,-16.294481459558824,-0.3864001440625,0.0,1e-07,1.1080446,1.0607,2.6596,1.5989
mp-1038281,Mg30MnCoO32,4,64,621.0692984689725,9.704207788577696,3.622838591908118,8.526545,8.526545,8.542675,90.0,90.0,90.0,-6.42537522921875,-2.932495781998923,0.019181593398436,5.9995541,5.2653903,5.2651,6.4835,1.2184
mp-22720,RbSr2Nb3O10,4,16,245.33049696160737,15.33315606010046,4.734086504744042,3.9860819999999992,3.9860819999999992,15.440419,90.0,90.0,90.0,-8.40767980625,-3.14837259234375,0.007831626875001,0.0209482,1.19518776,1.1453,2.6114,1.4661
mp-1103360,Rb3NiO2,3,12,304.06071143418694,25.338392619515577,3.791123166991073,6.337473,6.337473,7.570561,90.0,90.0,90.0,-4.170787024166667,-1.067843539583333,0.026020371249999,1.9994549,1.35898934,1.3491,2.6208,1.2717
mp-33406,La2PbSe4,3,14,383.65059108482274,27.40361364891591,6.932580338964275,7.928543505219057,7.928385961579847,7.928323658010277,109.41368754103917,109.41675365256636,109.5833830597254,-5.803298797857143,-1.864969199196428,0.015000764821429,0.0,7.22450829,5.3045,7.2245,1.92
mp-36912,Pr2CdS4,3,14,323.8092098448404,23.129229274631456,5.358766128542295,7.496546311628242,7.496546311628242,7.496546311628242,110.79182760158234,110.79182760158234,106.86111474937752,-17.67882297464286,-1.814673069583331,0.096745204285713,0.0006874,3.61150393,3.5695,5.2165,1.646999999999999
mp-1037835,CaMg30SiO32,4,64,634.5736316627653,9.915212994730709,3.426134062850741,8.599519,8.599519,8.580917,90.0,90.0,90.0,-6.302227959375,-2.947856545,0.09068658220703,0.000717499999999,7.06498285,7.0646,8.5082,1.4436
mp-1080650,BaCuSF,4,8,155.32251372898918,19.415314216123647,5.386858991250138,4.129926,4.129926,9.106466,90.0,90.0,90.0,-5.27838468875,-2.261026764375,0.003987369374993,0.001217599999999,4.08381546,3.9828,5.6051,1.6223
mp-6548,K2La2Ti3O10,4,17,229.90248601795105,13.523675648114766,4.7641754774807765,15.281157250629189,15.281157250629189,15.281157250629189,165.29487936228475,165.29487936228475,20.854070931602397,-8.44945492117647,-3.431758464970588,0.000859938676471,0.014995,3.91247182,3.8572,5.5907,1.733499999999999
mp-10932,ErSF,3,6,93.6867085869724,15.614451431162063,7.739259604601134,3.72002033,3.72002033,6.76997952,90.0,90.0,90.0,-18.35225866,-3.323758545381942,0.0,0.0,4.26637536,4.2267,5.5511,1.324399999999999
mp-1222364,LiLaNb4O12,4,18,253.7181485704318,14.095452698357322,4.643317818650752,8.962935049426667,8.962935049426667,8.962935049426667,143.45991877000716,143.45991877000716,52.6356728900455,-9.028237547777778,-3.104588537129629,0.068569535277774,0.0001507,1.6651789300000002,1.6648,3.0061,1.3413
mp-552857,TbBi2IO4,4,8,152.27013805818757,19.03376725727345,8.372897998543069,3.95449,3.95449,9.737193,90.0,90.0,90.0,-6.5400105225,-2.323286912708334,0.0,9.350000000000002e-05,4.215383089999999,4.178,5.5047,1.326699999999999
mp-12623,BaPdF4,3,12,209.51956411708267,17.459963676423556,5.068183307562875,6.2032971910370405,6.203297386003722,6.991849014503615,116.33438260541496,116.33440224173,90.00000506360873,-5.310839361666663,-2.851794986666661,0.0,0.0,-0.30216251,-0.4082,1.0445,1.4527
mp-27243,K2PtBr4,3,7,239.39554100530063,34.19936300075724,4.112557663438326,4.36522548,7.40550514,7.40550514,90.0,90.0,90.0,-3.561889221428572,-1.435937949214286,0.006333842142856,0.0,-0.22831237,-0.329,1.148,1.476999999999999
mp-1036231,CaMg14CO16,4,32,316.93268279468487,9.904146337333902,3.396964301224806,8.584972,8.584972,4.300206,90.0,90.0,90.0,-6.239469842499999,-2.701015504531249,0.270782536015625,0.001550199999999,4.62344959,4.6234,5.6922,1.068799999999999
mp-558314,TaBi4ClO8,4,14,218.55655879400496,15.611182771000356,8.967763902642666,3.907064,3.907064,14.317355,90.0,90.0,90.0,-6.974739274999999,-2.056218159095238,0.06981820464287,0.0004254,4.93715115,4.8476,5.8542000000000005,1.006599999999999
mp-9986,CsAuO,3,12,324.8637387404581,27.071978228371503,7.071678835584058,6.224723970109075,7.866782253903936,7.866782847047202,80.9950552962612,66.68151109548059,66.68151329104387,-4.10462064666667,-1.061347121551727,0.0,0.0,1.451468,1.4368,2.8203,1.3835
mp-1031043,RbLiMg6O7,4,15,172.78292823955658,11.518861882637106,3.3659473288280517,8.53237557,4.50003025,4.50003025,90.0,90.0,90.0,-5.369278961999999,-2.215412024388888,0.5356835614166641,0.0,3.73193501,3.4041,5.1585,1.7544
mp-1018737,KMgP,3,6,149.25533260165312,24.875888766942182,2.099982569603607,4.44860499,4.44860499,7.54192427,90.0,90.0,90.0,-3.35476738,-0.628996292297619,0.0,0.0,2.24438962,2.1417,3.8006,1.6589
mp-1038168,Mg30MnVO32,4,64,623.7100216019934,9.745469087531148,3.586223122151762,8.541852,8.541852,8.548278,90.0,90.0,90.0,-6.4939178375,-2.970561994186422,0.010661514010415,7.9998728,6.24093041,6.2407,8.1275,1.8867999999999991
mp-776961,Na3NiO2,3,24,373.9745762673325,15.582274011138855,2.835745401163959,5.540888,5.540888,12.181011,90.0,90.0,90.0,-4.453200889583333,-1.169664051939654,0.102654179166666,3.9991819,1.603377179999999,1.4741,3.1881,1.714
mp-2230362,MgMn2Te2(MoO6)2,5,19,285.99614910494864,15.052428900260455,4.489634901602251,5.287480000765961,5.287731000765923,10.22921,90.0,90.0,90.00195045570574,-7.570909691578947,-1.92312313022081,0.099066532368421,11.9995128,3.82137227,3.6978,4.7168,1.019
mp-1520451,KCeNbSnO6,5,20,308.3563818709473,15.417819093547363,5.24325379688189,6.02611195,6.02611195,8.49138535,90.0,90.0,90.0,-7.832241741500001,-2.745545489725,0.184611689999998,0.0,3.2826205,3.1775,4.8014,1.6239
mp-1209265,RbIO2,3,16,476.2520634849377,29.765753967808603,3.408175960540921,9.651613972950274,9.651613972950274,9.651613972950274,132.72266873837353,132.72266873837353,69.09001720328632,-3.728757857499999,-0.628640683125,0.7977756783333341,0.0006014,1.03306326,1.0431,2.731,1.6879
mp-568742,HgI2,2,24,1027.212638420675,42.80052660086145,5.876463458251333,8.9912094,8.9912094,12.70644701,90.0,90.0,90.0,-1.68312442645833,-0.563892003958332,0.000725390416666,0.0,0.27769785,0.2402,1.6153,1.3751
mp-1038125,CaMg30VO32,4,64,630.592297103855,9.853004642247734,3.507952167973582,8.568696,8.568696,8.588537,90.0,90.0,90.0,-6.4120107196875,-3.0004738671875,0.01895174480469,3.0000129,6.3017662,6.3014,8.0819,1.780499999999999
mp-1036266,Mg14MnNiO16,4,32,312.3574133864084,9.761169168325262,3.773891994120812,8.544996,8.544996,4.277875,90.0,90.0,90.0,-6.5071323675,-2.852878984310345,0.0115426275,7.0032616,5.95422242,5.9542,7.9295,1.975299999999999
mp-1222182,Mg(InTe2)2,3,7,253.3950353475435,36.19929076393479,5.008851451897298,7.728980442233303,7.728980442233303,7.728980442233303,131.52789341431767,131.52789341431767,70.97569777712569,-3.5362314957142877,-0.7187970564285721,0.0,0.0,3.2255144,3.2254,4.7023,1.4769
mp-758521,LiCoSiO4,4,28,343.9516173529459,12.283986334033782,3.050362271537832,6.34342807103186,8.280172632653198,8.280621948181489,79.99484737908271,112.5264731486631,67.48100376742747,-7.207063865714287,-2.312849346190477,0.087312527380952,2e-07,0.99571367,0.8213,2.1348,1.3135
mp-557605,Hg2Pb(SI)2,4,28,899.3113160821075,32.1182612886467,6.841629858290647,13.816989,13.816989,4.710676,90.0,90.0,90.0,-2.8260223942857143,-0.589620708571429,0.020059193571428,0.008585599999999,2.28580451,2.2508,3.8825,1.6317
mp-36395,La2CdS4,3,14,332.51451349667013,23.75103667833358,5.178477821270673,7.563038734818895,7.563038734818895,7.563038734818895,110.77568689173212,110.77568689173212,106.89265386294632,-5.84976401,-1.938104688571428,0.090265652142856,0.0009203,7.14702599,5.1498,7.1472,1.997399999999999
mp-1037374,Mg30ZnSnO32,4,64,637.1229788436051,9.95504654443133,3.714640738369582,8.603464,8.603464,8.607491,90.0,90.0,90.0,-6.22186862515625,-2.901272248984375,0.054036395234374,0.0061931,6.62633118,6.6262,8.4592,1.832999999999999
mp-554845,Na2Zn2O3,3,28,354.20745990688965,12.65026642524606,4.215406485026651,6.15717705,6.15717705,9.34317363,90.0,90.0,90.0,-4.569212344999999,-1.705382088965517,0.0,0.0,0.76115725,0.683,1.9318,1.2488
mp-23493,Ce(IO3)4,3,34,524.3357602973116,15.42164000874446,5.318725377859627,9.930095370017892,9.930095370017892,5.3174405,90.0,90.0,90.0,-5.537420243235293,-1.336918337941175,0.0,0.0,2.30003245,2.2647,3.7523,1.4876
mp-1193105,Ba4In2Te2Se5,4,26,882.3539074048504,33.9366887463404,5.378380071920395,8.762231,8.762231,11.492471,90.0,90.0,90.0,-4.511856753076923,-1.6687477975681082,0.009866815865382,0.004872899999999,2.7157870600000003,2.7109,4.5542,1.843299999999999
mp-2898,Ca(AuO2)2,3,14,182.7984316990949,13.057030835649638,9.047812470496794,6.017926102294822,6.017926946371812,6.601912370212146,117.11457894594676,117.1145742934758,89.99999810925213,-5.515531293571423,-1.466215879285709,0.0,0.0,2.47158167,2.3941,4.0559,1.6618
mp-1520966,BaSrLaBiO6,5,20,336.7851546292532,16.83925773146266,6.595404319072032,6.14831827,6.14831827,8.90923179,90.0,90.0,90.0,-6.8876429285,-2.675121881,0.1221300105,0.0,3.340510929999999,3.3366,5.241,1.904399999999999
mp-1227336,BaSrTi2O6,4,10,127.02800592752548,12.702800592752547,5.446902010443873,3.991018,3.991018,7.975026,90.0,90.0,90.0,-8.422420001,-3.513404691666667,0.008565442999982,3.94e-05,3.1920805,3.1208,4.8383,1.7175
mp-1217907,TaNb(AgO3)2,4,10,128.90805800728566,12.890805800728566,7.543284764793217,4.008597,4.008597,8.022233,90.0,90.0,90.0,-8.003511933999999,-2.269324537066666,0.058634562392857,0.001660499999999,2.09569123,1.9125,3.2738,1.3613
mp-1036151,Mg14MnVO16,4,32,316.09326470402993,9.877914522000935,3.688565809792184,8.578091,8.578091,4.2957,90.0,90.0,90.0,-6.6599380225,-2.902441845872845,0.021696000520832,8.0098322,6.49020125,6.4898,7.8538,1.363999999999999
mp-1209830,PBr2,2,3,1483.3235612507174,494.44118708357246,0.213574824314569,10.104816,10.104816,14.527105,90.0,90.0,90.0,-1.990820446666666,0.905635085119048,1.6056350711507932,2.9999403,-5.63941417,-5.9463,-4.1921,1.7542
mp-35714,La5TlS8,3,14,344.25718379903054,24.589798842787896,5.573268542718597,7.647522676486479,7.647678473876607,7.6475223003312465,109.0560302005196,109.05507630024084,110.30524423798684,-6.566175361428569,-2.269697551309522,0.011025801507937,0.0,8.14079774,6.5798,8.141,1.5612
mp-753333,FeOF,3,12,157.29560635845442,13.107967196537867,3.836039089084133,3.964685000021439,6.298737177028503,6.298764609555908,89.87942372703263,90.00024072122743,89.9997115187485,-7.134985693333334,-2.024374163333334,0.101241928518518,0.0,-1.04658569,-1.1777,0.7228,1.9005
mp-22255,RbInTe2,3,8,300.4374799500486,37.55468499375608,5.035004056799484,7.362715609107617,7.362716220796853,7.362716834283927,104.81431158651446,104.81431580259624,119.2502868277793,-3.4174415899999997,-0.910861689374998,0.0,0.0,2.78316982,2.7351,3.8462,1.1111
mp-755190,TaVO4,3,12,133.06058275559766,11.088381896299806,7.385085491332305,5.579665970422935,5.579679621882298,5.579684217185092,72.79467583643712,107.20418847730726,65.8938283473677,-9.8298830525,-3.039436780388889,0.0,3.9999998,3.29941421,3.156,4.9839,1.8279
mp-20025,Mn(GaS2)2,3,7,152.93032801395523,21.84718971627932,3.503314537319627,5.452650659940242,5.452760321264617,6.427867054987576,115.09177036029205,115.09265411852512,89.9978311051059,-10.883485397142858,-0.9256231851046792,0.0,5.0000003,2.73043654,2.5391,3.7182,1.1791
mp-1079714,SiHgP2,3,8,173.83815411740483,21.729769264675603,5.552186025623611,6.69350953430366,6.69350953430366,6.69350953430366,129.5530867247418,129.5530867247418,74.12224678345112,-19.100755871562495,-0.064324936175594,0.042468112499999,0.0001369,4.35507302,4.2432,5.2634,1.0202
mp-29889,Tl2PdCl4,3,7,216.05964324017216,30.865663320024595,5.049401293275214,4.20660064,7.16673235,7.16673235,90.0,90.0,90.0,-3.651760194285714,-1.177903445238097,0.0,0.0,0.62398104,0.5573,1.6107,1.0534
mp-761149,LiMnF5,3,56,677.7023056476927,12.101826886565942,3.07498467145436,10.585148581375606,10.585148581375606,10.585148581375606,95.79667882059508,95.79667882059508,142.93979944201152,-5.624002115178572,-2.675402110359196,0.024496223333341,24.0014482,-1.832236,-2.7851,-0.9409,1.844199999999999
mp-989193,SnBrF,3,6,133.17573739740033,22.195956232900052,5.426722674146268,4.106257,4.106257,7.898286,90.0,90.0,90.0,-4.340466276666667,-1.820342688333333,0.053294531041665,3e-06,3.27770154,3.2127,5.2068,1.9941
mp-1217930,TaTiCrO6,4,36,399.6176063239203,11.100489064553342,6.263021099886289,4.691573000000959,10.220350602124569,9.380485004208843,62.67964136803331,90.00000610687873,89.99993381249695,-9.687350600555554,-3.120324705074073,0.013002260277744,5e-07,3.06592306,3.0645,4.8934,1.8289
mp-1147776,K3VSe4,3,8,318.639422277935,39.82992778474189,2.522687769368176,8.164267162535872,8.164267162535872,8.164267162535872,129.1702838070263,129.1702838070263,74.73673383676558,-4.48847244125,-1.180764797640624,0.0,0.0,-0.46260413,-0.5158,0.4934,1.0092
mp-1208159,Tl4GeI6,3,22,888.2207521621083,40.37367055282311,6.175371041335007,9.282074,9.282074,10.30934,90.0,90.0,90.0,-2.889529173636363,-0.7756208089393961,0.016573329696968,0.0013503,2.39196922,2.3919,4.2282,1.8363
mp-28260,WBr4O,3,6,188.95756322547888,31.49292720424648,4.564919076708439,3.911606,7.220253889561016,7.220253889561016,85.79216816053436,74.28352102893219,74.28352102893219,-5.130235283333335,-1.054589054166666,0.159110531736114,2e-07,-0.87801619,-0.9589,0.1615,1.1204
mp-1037750,YMg30CoO32,4,64,632.7149885527807,9.8861716961372,3.645304333989939,8.58702,8.58702,8.580709,90.0,90.0,90.0,-6.42536319390625,-2.9739356809375,0.048799649580078,2.0091269,6.8800077900000005,6.8796,7.9493,1.0697
mp-15777,Zn(GaTe2)2,3,7,215.6045241482677,30.800646306895384,5.508738162025835,6.013731444419352,6.013731698392206,7.322861572920313,114.24337613098264,114.24338736310054,90.00000387346647,-3.466619885714284,-0.6253114245238071,0.0,0.0,3.27504577,3.219,4.2373,1.0183
mp-1950,SrS2,2,6,144.40716119265772,24.067860198776287,3.489948853995782,5.794955963569197,5.794956318257158,5.794956542932742,96.68660997118285,116.21754758098736,116.21755092685842,-11.997843998333332,-1.593265490208332,0.023394710729169,0.0,4.02449458,3.9534,5.2356,1.2822
mp-18151,Rb2Na4Co2O5,4,26,440.73251574789896,16.951250605688422,3.471977870321279,6.526805,6.526805,10.346032,90.0,90.0,90.0,-4.999944848846154,-1.435745639270557,0.0,12.0000001,1.59316711,1.4504,2.806499999999999,1.3561
mp-1036978,BaMg30CoO32,4,64,647.9955353544467,10.12493023991323,3.683426460447704,8.644931,8.644931,8.670596,90.0,90.0,90.0,-6.26555363734375,-2.885846695625,0.092252389947916,1.0000702,4.73043387,4.7304,6.3739,1.643499999999999
mp-675192,Ce3Dy2O9,3,14,202.45810551234132,14.461293250881525,7.294289982386483,13.885588018412797,13.885588018412797,13.885588018412797,164.0368367885838,164.0368367885838,22.64956597846465,-9.001672735000001,-3.888869184166666,0.06611757785714,0.0001929,3.8618264,3.8142,5.5494,1.7352
mp-755609,Y2SeO2,3,5,90.4157357054933,18.08314714109866,5.303442954813916,6.673721086672487,6.673721086672487,6.673721086672487,146.44924208812355,146.44924208812355,48.17996724065152,-8.669875938,-3.387872640468751,0.054074196,8.78e-05,3.41708937,3.3821,5.1738,1.7917
mp-1038117,CaMg30CoO32,4,64,627.8742787894561,9.810535606085253,3.544273451970767,8.555929,8.566487,8.566487,90.0,90.0,90.0,-6.34184576328125,-2.960785306875,0.030687369335937,1.0036209,5.04453364,5.0442,6.2808,1.2366
mp-1221100,NaCaNb3(BiO6)2,5,19,255.85857048349624,13.46624055176296,6.17685893397564,3.9552767351246088,3.9552767351246088,16.592239413950665,83.15495427915869,83.15495427915869,90.00286806368922,-7.972119961578947,-2.666496990072595,0.055603459565777,0.0002599,4.5077322,3.1805,4.508,1.3275
mp-1247754,Ca3UN4,3,8,118.25296486864336,14.781620608580422,5.817564482290658,6.041680984708582,6.041730138325502,4.8840723171576,66.15868794627019,66.15974279818077,47.68156925554906,-18.72687096875,-1.530380917499997,0.0,0.0,4.8935003,4.8935,6.2268,1.333299999999999
mp-1032507,Mg6ZnCrO8,4,16,159.48169268221346,9.96760579263834,4.07352835464413,8.52443458,4.32536366,4.32536366,90.0,90.0,90.0,-6.454448021875001,-2.68699182125,0.089886025781249,3.8888884999999993,7.01427839,6.7655,8.3832,1.6177
mp-556004,Ba3In2Br2O5,4,12,248.14822591297497,20.679018826081247,5.898231429121717,4.326736,4.326736,13.60382163446996,99.15039472594842,99.15039472594842,90.0,-5.755285354166666,-2.481204487361111,0.007872946145838,0.0,2.6088321,2.5563,3.847,1.2907
mp-22439,Li2MoF6,3,18,195.71549415325063,10.873083008513923,3.797852257735345,4.64614531,4.64614531,9.06649929,90.0,90.0,90.0,-8.443145497777778,-2.931861057037036,0.0,4.0000001,0.48295094,0.4734,2.2389,1.7655
mp-1032754,YMg6NiO8,4,16,171.85385045903067,10.740865653689417,4.072016780399378,8.84012897,4.4091039,4.4091039,90.0,90.0,90.0,-6.57106941375,-2.717585894375,0.257803948710937,1.115118,7.35316488,7.0704,8.8725,1.8021
mp-1221586,MnZn3(FeO2)8,4,28,317.72914317623184,11.347469399151136,4.985422006998688,6.079225,6.079225,8.597271,90.0,90.0,90.0,-7.459404431785714,-1.749804721711822,0.017993976428572,45.0047889,3.93573706,2.5996,3.9358,1.336199999999999
mp-23311,EuBr2,2,30,949.5815900272148,31.652719667573823,5.451975810284797,7.1218801,11.54699065000053,11.54699065000053,90.0,90.0,90.0,-6.913731128333336,-2.393062800000004,0.0,70.0000028,3.20478735,3.1163,4.1621,1.045799999999999
mp-1076335,K5Na3Nb8O24,4,40,527.4564661784756,13.186411654461889,4.381343540575485,8.079741,8.079741,8.079635,90.0,90.0,90.0,-8.055232226,-2.8241443412596983,0.025243995999996,0.001702599999999,2.82703162,1.3714,2.8272,1.4558
mp-3653,Mg(SbO3)2,3,18,201.3743700112986,11.1874650006277,6.000164250606553,4.66240552,4.66240552,9.26369198,90.0,90.0,90.0,-6.621298827777778,-2.223938991666667,0.0,0.0,5.14520372,5.0677,6.1052,1.037499999999999
mp-1032382,NaMg6FeO8,4,16,159.66934011807345,9.97933375737959,3.6676149333513113,8.54787133,4.32197029,4.32197029,90.0,90.0,90.0,-6.34209576625,-2.643455133836207,0.084745351875,5.0000005,4.53546666,4.1616,5.9108,1.7492
mp-673644,Tb2S3,2,40,870.296188580928,21.7574047145232,6.32004661611876,21.669188275748628,8.350675650772079,8.35067066013812,89.99945809371596,54.68613950871458,54.686277746563846,-19.6713744505,-2.3603784541875,0.0303041865,0.0,4.12362129,4.0972,5.9693000000000005,1.8720999999999992
mp-1033632,RbMg6BO7,4,15,196.08907751354204,13.072605167569469,2.998660248795134,5.01332,5.01332,7.801939,90.0,90.0,90.0,-5.600370376,-2.1284721781111102,0.6542019443636351,0.01104,3.79397505,3.7939,5.3065,1.5126
mp-9304,DyCuSeO,4,8,132.61196210458365,16.576495263072957,8.039124055327362,3.888007,3.888007,8.772606,90.0,90.0,90.0,-6.5554996725,-2.265136002252602,0.0162461415625,0.0,5.16606368,4.8881,6.0727,1.1846
mp-1237867,FeHO2,3,16,171.0377160052123,10.689857250325767,3.450508784878525,7.596930522452013,7.596930522452013,7.596930522452013,92.372841074416,92.372841074416,156.51952365100837,-6.876654191875,-1.436376777187499,0.112742731249999,19.9990838,0.7930576300000001,0.5682,2.2382,1.67
mp-1226985,Cd2In3Ag3Te8,4,16,567.3584761872405,35.45990476170253,5.600941081641309,6.606447,6.606447,12.99935,90.0,90.0,90.0,-23.8798079990625,-0.420359721875001,0.001910762499999,0.0010948,3.96709363,2.8459,3.9673,1.1214
mp-675199,NaPrS2,3,8,197.23328295764804,24.654160369706005,3.8395998108668623,7.225527747304162,7.225527747304162,7.225527747304162,133.14762146543637,133.14762146543637,68.42241226106384,-14.3051660525,-2.046113204322916,0.005029864999999,1e-07,2.03194151,1.9772,3.8083,1.8311
mp-7374,Ba(CuO)2,3,10,166.64280980517356,16.664280980517354,5.907405636175781,5.73915136086816,5.739152098766729,6.485793503986997,116.25966457208293,116.2596609971584,90.00001223433384,-5.619250707999994,-1.616588649999994,0.0,0.0,3.15895037,3.0117,4.398,1.386299999999999
mp-1102898,K3NiO2,3,12,263.15621778668066,21.929684815556723,2.624834083751764,6.113448,6.113448,7.041111,90.0,90.0,90.0,-4.3018317025,-1.123470392791666,0.035455082499999,1.999777599999999,0.97076257,0.9908,2.5907,1.599899999999999
mp-1038039,Mg30MnSiO32,4,64,625.0551849228688,9.766487264419824,3.5177854261811543,8.541545,8.541545,8.56733,90.0,90.0,90.0,-6.38417757046875,-2.917987165280172,0.091968982219828,5.0003616,7.26146693,7.2614,8.6776,1.4162
mp-1095141,Sr2MnMoO6,4,40,486.6293207268863,12.165733018172157,5.761572487672342,7.686765226433398,7.6868521349281185,8.235807244231298,89.98363988808963,89.9799352025856,90.00199741233236,-7.950065376500001,-2.642036615293104,0.006772907499998,13.4474661,3.86510422,3.7022,4.8059,1.1037
mp-550111,SmBi2BrO4,4,8,147.34775300544456,18.41846912568057,8.026407564314274,3.958292,3.958292,9.40433,90.0,90.0,90.0,-6.62450353875,-2.383572875,0.0,0.0002138,3.31736093,3.2588,4.5371,1.278299999999999
mp-1219502,SbPbBrO2,4,5,100.51255489684354,20.10251097936871,7.283367765967036,7.070969014331345,7.070969014331345,7.070969014331345,147.71427562953795,147.71427562953795,46.30733201171193,-5.43550229,-1.560598918999999,0.065870061999999,0.0014861,4.75424357,4.7096,5.9149,1.2053
mp-1184273,EuBr2,2,6,229.94675874701156,38.324459791168586,4.50286482569299,7.08028891,7.08028891,4.58696402,90.0,90.0,90.0,-6.878981087333339,-2.358312759000007,0.034750040999997,14.0,1.9486393,1.7848000000000002,2.9521,1.1673
mp-23123,FeMoClO4,4,14,258.95175063754,18.496553616967137,3.22211784777339,5.626059,6.784335,6.784335,90.0,90.0,90.0,-7.597226594285714,-1.746362022857142,0.017503270892856,1.4e-06,-0.93923498,-1.0771,0.4975,1.5746
mp-1197017,Ba2Ge(Sb2S5)2,4,68,1869.8857670239163,27.498320103292887,4.102702073293879,11.638935,11.638935,13.80348,90.0,90.0,90.0,-4.946000434411765,-1.043002797941175,0.001849298382348,0.0,3.40343039,3.4023,4.7825,1.380199999999999
mp-569512,SbICl8,3,40,1234.828598052935,30.87071495132337,2.8631853863101133,7.133406170000003,7.133406170000003,24.26681464,90.0,90.0,90.0,-3.0061497,-0.9620140745,0.007340042749998,0.0,-0.73594945,-0.8042,0.8212,1.6254
mp-1037585,Mg30ZnSiO32,4,64,626.0776511642748,9.782463299441794,3.53981242710298,8.554028,8.554028,8.556317,90.0,90.0,90.0,-6.255607500312499,-2.912890090156249,0.09706605734375,0.002346699999999,6.66245066,6.6624,8.484,1.8216
mp-1247533,Pt(CN)2,3,20,325.89830784756947,16.294915392378474,5.036545592415201,8.280912477669478,7.008911042970257,13.268171079798831,89.99999965106744,36.76187006672778,64.96342127494968,-17.491322556500002,0.436615168000003,0.436615167999999,2e-07,1.74064541,-0.0419,1.7406,1.7825000000000002
mp-32692,Pr2S3,2,40,974.1882199370648,24.35470549842662,5.15465786082067,22.499467147602147,8.670625676981464,8.670624794567164,89.99629801526584,54.6845539082161,54.68454332890538,-18.928667841,-2.346662957354167,0.018679270500001,0.0,5.68275088,3.7353,5.6828,1.9475
mp-3772,Cd(GaSe2)2,3,7,182.5673813806625,26.08105448295179,5.163480131897585,5.802257494570335,5.802257838264669,6.800044812717724,115.2541233521582,115.2541130754561,90.00000003029847,-3.885331745714286,-0.8853534391964281,0.0,0.0,1.1460399,1.0636,2.4123,1.3487
mp-1264900,Mg2Mn2(SiO4)3,4,76,795.0140019990791,10.460710552619462,3.6321126265115673,10.108210286389674,10.108210286389674,10.108210286389674,109.72858316817728,109.72858316817728,108.95771270793,-7.798882999473685,-2.681174748729583,0.115955828479528,24.0006552,3.26156915,3.2616,4.599,1.3374
mp-1196036,WI3,2,96,4106.832391676777,42.77950407996642,5.478458742385583,12.650461,12.650461,25.662223,90.0,90.0,90.0,-4.775443746875,-0.392901728124999,0.047229413333332,0.0104554,2.25054893,2.012,3.0854,1.0734
mp-9656,BaY2PdO5,4,18,258.3320356960755,14.351779760893082,6.447925296464205,6.599173,6.599173,5.931974,90.0,90.0,90.0,-8.010585890555555,-3.026492026666667,0.018598186541664,9.520000000000002e-05,3.20103281,3.1099,4.8979,1.787999999999999
mp-1208834,Sr2CrSbO6,4,40,510.1118178182288,12.75279544545572,5.794238869073267,5.614660000152191,5.614904000109084,16.18078500050186,89.99943454305357,89.99928873763483,89.99956120651426,-7.358174608249999,-2.6727075162499982,0.000823327749999,0.006545199999999,4.00152827,3.8001,5.5028,1.7026999999999992
mp-1031296,KNaMg6O7,4,15,176.94398168842048,11.7962654458947,3.00224665918304,8.23583992,4.63515167,4.63515167,90.0,90.0,90.0,-5.4112614820000005,-2.28515230690862,0.413056329916666,0.0,3.26532896,3.0187,4.9103,1.8916
mp-557862,BaAg2(HgO2)2,4,18,349.2316978730248,19.40176099294582,7.781201733227896,6.984698,6.984698,7.15844,90.0,90.0,90.0,-4.232220718333333,-1.119327563703704,0.004615819166665,0.001525399999999,1.02568888,0.9388,2.2677,1.3289
mp-14862,SrCu(Si2O5)2,4,64,883.0065602889558,13.796977504514937,3.1856688156568342,7.445429,7.445429,15.928852,90.0,90.0,90.0,-7.82555206265625,-3.01476975453125,0.019430517031254,4.0774874,2.95802972,2.5279,3.5872,1.0593
mp-630866,Fe3Pb4ClO8,4,16,246.5659603740866,15.410372523380412,7.810750962803072,3.976381,3.976381,15.593986,90.0,90.0,90.0,-6.64314167125,-1.537336499374999,0.066465003746747,15.006831,5.02280819,4.9785,6.099,1.120499999999999
mp-1037573,Mg30ZnCrO32,4,64,621.9444657030936,9.717882276610837,3.627175832778488,8.52028,8.52028,8.567298,90.0,90.0,90.0,-6.3612237625,-2.95244807984375,0.020503259414063,4.001135,6.39155144,6.3911,8.0404,1.6493
mp-1039856,Mg30CdSiO32,4,64,633.7261689776241,9.901971390275376,3.620248333491313,8.604712,8.604712,8.559117,90.0,90.0,90.0,-6.22907931703125,-2.8910452415625,0.1189109059375,0.001596899999999,7.01144824,7.0111,8.5594,1.5483
mp-38152,Sr(SmSe2)2,3,14,362.4227097603949,25.88733641145678,6.452787689223164,7.779411601103696,7.7793973430722785,7.77937250789662,109.378216506473,109.37830244105956,109.65666025738967,-21.060131285714284,-2.223309766607144,0.018882678571433,0.0,5.19541096,3.2733,5.1954,1.9221
mp-40677,KBa4Ti5O14F,5,25,326.742486825656,13.06969947302624,5.441567076472163,4.008904,4.008904,20.330792,90.0,90.0,90.0,-8.1963240076,-3.417522567156666,0.043107554900007,0.0089039,4.23778279,3.098,4.2379,1.1399
mp-18771,Sr2CoWO6,4,20,258.6043069999293,12.930215349996468,6.601073454704505,5.594574023729063,5.719855088895697,9.762367885546109,88.55686030040945,73.35117028261791,60.728273331895046,-7.912095167999999,-2.595678251999999,0.009583880500007,3.6e-06,3.37176709,3.228,4.8995,1.671499999999999
mp-1214496,Ba3VO5,3,18,319.03284325675475,17.724046847597485,5.651700499333156,7.895541205373316,7.8955410311262835,7.895757902844355,124.8348531692884,124.83459650782596,81.81015383471662,-7.291926587777777,-2.894078152777777,0.012888804722228,1.9999999,4.51391411,3.2674,4.5141,1.2467
mp-628631,GdBi2IO4,4,8,153.29681338934662,19.162101673668328,8.29867445991187,3.974013,3.974013,9.706766,90.0,90.0,90.0,-7.69388162375,-2.297375686875001,0.0,7.0000383,4.17320534,4.0342,5.3423,1.3080999999999992
mp-1218001,Ta2O5,2,7,134.82557520308112,19.260796457583016,5.442440650614254,6.086146850329607,6.086146850329607,6.086146850329607,128.34048250536298,128.34048250536298,76.0741055819845,-10.147688464285716,-3.222879877095239,0.123683254285712,1.1e-06,-0.05898483,-0.2112,1.4584,1.6696
mp-1037606,Mg30FeSiO32,4,64,625.9985053884011,9.781226646693767,3.5148902678682843,8.559958,8.559958,8.543386,90.0,90.0,90.0,-6.36132970953125,-2.905951711875,0.104004435624998,4.0020307,6.7731384,6.7731,8.6245,1.851399999999999
mp-1031936,YMg6CrO8,4,16,175.60072109223375,10.97504506826461,3.921798442917304,9.04333835,4.40655056,4.40655056,90.0,90.0,90.0,-6.8958151600000015,-2.80027471625,0.224643324648434,4.5555623,7.82610386,7.4577,8.5459,1.088199999999999
mp-1099225,CsMg6BO7,4,15,200.2531916312512,13.350212775416749,3.329667760793041,4.931486,4.931486,8.234246,90.0,90.0,90.0,-5.472710418,-2.005649320254789,0.7745938125882961,2.8300000000000003e-05,3.66250379,3.6623,5.4936,1.831299999999999
mp-1047292,MgMn2O4,3,14,157.97956400673036,11.284254571909312,4.166152235976432,6.028801253010337,6.028801253010337,6.028801253010337,118.64196874615958,118.64196874615958,92.36872695275574,-7.994950146428572,-2.316900915123153,0.02009939071428,15.9999978,3.42719267,3.4273,4.4395,1.0122
mp-1037287,Mg30CrCuO32,4,64,619.6222450386362,9.68159757872869,3.635777070765176,8.516299,8.516299,8.543291,90.0,90.0,90.0,-6.390669345625,-2.937527052656249,0.02243902234375,2.999923899999999,6.82981607,6.8298000000000005,7.8706,1.0408
mp-673656,Y2Se3,2,40,994.3227431115108,24.85806857778777,5.5403481271275,14.45399827102975,14.45399827102975,14.45399827102975,144.88107571577868,144.88107571577868,50.51178397786331,-18.851875525,-2.1394990024375,0.059646718499998,0.0096,4.3755364,3.5659,5.1614,1.5955
mp-1038436,Mg30BSbO32,4,64,637.1677265561871,9.955745727440425,3.580039304701959,8.606933,8.606933,8.601158,90.0,90.0,90.0,-6.223927275156249,-2.816782812330729,0.173130759511722,0.0006427,7.4747973,7.4748,8.5594,1.0846
mp-1220780,NaLaNb4O12,4,18,254.9087462402192,14.161597013345508,4.72617603868773,8.967556487194546,8.967556487194546,8.967556487194546,143.39226205244194,143.39226205244194,52.73704948428906,-9.013815369444444,-3.121677585909962,0.036819144722223,0.003860299999999,3.10808367,1.7825000000000002,3.1083,1.325799999999999
mp-35264,Pr5AgSe8,3,14,362.8220173453048,25.91585838180748,6.609196385925279,7.782617500878946,7.782583056918899,7.782570343242244,109.84752890178696,109.8477911633492,108.72116621846688,-5.860109123571432,-1.9467100670535744,0.016656512124257,0.0,3.59197652,3.4988,4.9525,1.453699999999999
mp-753283,Li6NiOF6,4,28,243.6296809144613,8.701060032659331,3.139770698097829,2.9033754938825944,14.595945134281472,5.806741088323553,95.70700385826775,90.00012559124315,84.29285349431628,-5.264322242857142,-2.8596973046428573,0.026964504642856,3.2e-06,3.47074901,2.3943,4.2896,1.8953
mp-1246577,Mg5(SiN3)2,3,52,629.0054711572009,12.0962590607154,2.763875388516676,10.527568,10.527568,5.675424,90.0,90.0,90.0,-6.237122497307691,-0.92691845076923,0.238584529519232,0.0012074,4.87527844,4.875,6.0248,1.1498
mp-773482,Li2V3FeO8,4,56,604.112394514592,10.787721330617714,3.854226434042481,8.423094,8.423094,8.5148,90.0,90.0,90.0,-7.997840082678572,-2.346177711726191,0.026769057633929,35.9992443,2.5734239,2.5734,3.7872,1.2138
mp-1232173,Ho2MgSe4,3,14,326.27589250084696,23.30542089291764,6.819814553473009,7.513965667252613,7.513965667252613,7.513965667252613,110.4873243851016,110.4873243851016,107.45758491706076,-5.40458816,-1.860377466339283,0.100799995,0.0002896,3.63186256,3.6319,5.5903,1.9584
mp-1048061,MgW4O9,3,28,369.3944520236352,13.192659000844117,8.124442911839498,9.720196,9.720196,3.909672,90.0,90.0,90.0,-8.791169294642858,-1.791552153214285,0.397661188749998,15.9997088,4.82226466,3.729,4.8222000000000005,1.093199999999999
mp-1030743,NaMg6BO7,4,15,155.72456177076202,10.381637451384137,3.109704118871329,8.57328446,4.2619165500000005,4.2619165500000005,90.0,90.0,90.0,-5.7488025753333325,-2.252825263703064,0.53211593100901,0.108499,5.1452451,4.8324,6.2524,1.42
mp-1031455,Mg6VCO8,4,16,154.74102132243883,9.671313832652428,3.613986935517796,8.56525975,4.25042601,4.25042601,90.0,90.0,90.0,-6.511663245625,-2.2815759428125,0.494086941223958,2.3333052,6.37370632,6.2344,7.2463,1.011899999999999
mp-1018049,LaN,2,4,74.66426709971107,18.666066774927767,6.8015569403362734,4.458485,4.458485,3.756109,90.0,90.0,90.0,-20.89546664,-1.458701201875001,0.116689099999998,0.0,8.06120261,8.0588,9.7777,1.7188999999999992
mp-6088,LaCuSO,4,8,135.84241264338414,16.980301580423017,6.124617206709288,3.989429,3.989429,8.535204,90.0,90.0,90.0,-6.8852715025,-2.355128379375,0.0,1.83e-05,7.42975286,7.315,8.9835,1.668499999999999
mp-34467,Zn(GaS2)2,3,7,145.3316368788824,20.76166241126891,3.8061256519903353,5.194641931349448,5.194641931349448,6.519663443205896,113.48229242901336,113.48229242901336,90.00666391842505,-9.99982928,-0.866643078035714,0.008367449999999,0.0,2.25093908,2.1959,4.0881,1.892199999999999
mp-1216832,TiNb(BiO3)3,4,14,189.2309695778233,13.51649782698738,8.000427806005778,12.951407793067556,12.951407793067556,12.951407793067556,162.83207235903586,162.83207235903586,24.371715657084668,-7.667139017142857,-2.367242657738096,0.068473642678569,0.0049545,4.47296446,4.4863,6.2438,1.7575
mp-550805,LuBi2ClO4,4,8,134.12530399892336,16.76566299986542,8.57199460348832,3.857151,3.857151,9.015243,90.0,90.0,90.0,-6.72475308125,-2.481985219583334,0.0,0.0007029,3.78318927,3.674,5.1358,1.461799999999999
mp-23228,PCl5,2,24,661.1249524246367,27.5468730176932,2.09212251459129,7.50069897,9.388385334836036,9.388385334836036,90.0,90.0,90.0,-7.274251612083333,-0.646873145496031,0.003938044583334,0.0,0.03548298,-0.0458,1.7487,1.7945
mp-1039892,Mg30CrSiO32,4,64,627.7509449024411,9.808608514100642,3.494896858844718,8.57978,8.57978,8.527762,90.0,90.0,90.0,-6.38614312953125,-2.9122803465625,0.0976758009375,3.9976642,6.77551922,6.7753,8.6043,1.829
mp-18288,Ti(SnO2)2,3,28,431.8164595308152,15.422016411814829,5.372659710951702,8.53328795,8.53328795,5.93015972,90.0,90.0,90.0,-7.533076862499999,-2.432151184404761,0.002559667857144,0.0,4.82152944,4.7712,5.8487,1.077499999999999
mp-21355,Cr2TeO6,3,18,187.13989992944465,10.39666110719137,5.8135509132781324,4.552334343186931,4.55244930999101,9.029990100032244,89.99982044664293,89.99981033241637,89.95221112484381,-7.815362011666666,-2.022343471296295,0.0,6.0028852,4.67433107,4.5171,6.0064,1.4893
mp-540618,K3IO5,3,36,673.1050001911308,18.6973611164203,3.199148646835452,6.317647,6.317647,16.864447,90.0,90.0,90.0,-4.804275137777778,-1.508949936861111,0.000291546666666,0.001924299999999,0.988331899999999,0.9426,2.2351,1.2925
mp-733506,WO3,2,40,574.10507119129,14.35262677978225,6.705678238155663,12.06348507,12.06348507,3.94498904,90.0,90.0,90.0,-9.131589000999998,-2.181085689749999,0.009774916812501,0.0,0.18777131,0.0546,1.7076,1.653
mp-1228935,AlIn(AgS2)2,4,8,187.699616705752,23.462452088219,4.297734585710501,6.876860963714767,6.876860963714767,6.876860963714767,129.71685854101017,129.71685854101017,73.85982014250538,-13.749638288125002,-0.7298142995312501,0.001991401249998,0.000147,2.925157549999999,2.8805,3.9491,1.0686
mp-1173029,LiPrS2,3,8,184.79521824885657,23.09940228110707,3.809609717672508,7.010853231954017,7.010853231954017,7.010853231954017,132.31498690671015,132.31498690671015,69.73199197636553,-5.7421178175000005,-1.9973203799999992,0.034800928125001,1e-07,3.927508549999999,2.0253,3.9275,1.9022
mp-540921,CsCuF4,3,12,232.33646128049529,19.361371773374604,3.894400998821567,6.156412859736842,6.15383444284162,7.5184587415122,114.12507087380088,114.12902842350157,90.08690378951704,-10.185153778333332,-2.108593645,0.048435446666665,0.0,-2.72678163,-2.838,-1.2944,1.5436
mp-570363,LiSi,2,16,390.8477757422685,24.427985983891784,1.190496663429773,8.127143563430451,8.127143563430451,8.127143563430451,102.42516627720428,102.42516627720428,124.72731542199868,-3.623557544375,0.043562903958333,0.21788123860119,0.0001914,0.91532226,0.8382000000000001,2.2221,1.3839
mp-1207211,Tl2SI2,3,5,425.9683140541888,85.19366281083775,2.707895671712761,5.549717,5.549717,13.830428,90.0,90.0,90.0,-2.5332608,-0.147587364833336,0.576982018799999,0.000872699999999,-1.9937875999999992,-1.9954,-0.4377,1.5577
mp-1031792,Mg6NiSnO8,4,16,171.6996831107942,10.731230194424638,4.363914392222425,8.7997583,4.41722351,4.41722351,90.0,90.0,90.0,-6.112723427500001,-2.4154598859375,0.268756149999998,1.7781192,7.55150767,7.1195,8.613,1.4934999999999992
mp-913,CdP2,2,24,560.7532228378684,23.36471761824452,4.130574789836572,5.3155021,5.3155021,19.84646626,90.0,90.0,90.0,-12.884366167083334,-0.181319395734126,0.0,0.0,2.87265022,2.8185,4.2741,1.4556
mp-1036955,Mg30FeSnO32,4,64,638.3538264806333,9.974278538759895,3.682599648366318,8.61862,8.61862,8.593815,90.0,90.0,90.0,-6.32856027359375,-2.895303309921875,0.054482576562499,4.0024677,6.75803214,6.758,8.4373,1.6793
mp-1271079,CoF3,2,16,226.68760093708207,14.167975058567633,3.396809423561567,5.418944840248238,5.4271768241398775,8.590490452252943,71.58449244234525,107.96411287014293,90.00177774968422,-5.369672344375,-2.150928883125,0.0,0.0,-3.01188664,-3.0852,-1.4417,1.6435
mp-543031,MnHgC4(SeN)4,5,14,328.4762172414317,23.462586945816557,3.414526037817912,8.550220621644097,8.550220621644097,8.550220621644097,94.69805099038824,94.69805099038824,146.74003546207052,-14.106703532265623,0.007676865360606,0.177222958225446,5.0046865,-0.20022426,-0.2346,1.2665,1.501099999999999
mp-983565,CuBSe2,3,8,135.12284594939484,16.890355743674355,5.708953657135069,6.1122489303110905,6.1122489303110905,6.1122489303110905,128.76131311004588,128.76131311004588,75.39493533811041,-11.8904752225,-0.186407557656249,0.005428625950001,0.0,4.97317333,4.8492,6.3362,1.487
mp-776104,K2O,2,24,584.4615437466448,24.352564322776868,2.1409947642857032,9.363861,9.363861,6.665704,90.0,90.0,90.0,-3.586377462916666,-1.182810646083332,0.051067390416667,2.51e-05,1.02181742,0.4136,1.5826,1.169
mp-771894,Li3FeO3,3,28,287.6361091232287,10.272718182972454,2.878819297279266,8.901904068094701,8.901878068088834,3.6297680000046832,90.00008598289067,90.00015616691954,89.98582713422259,-6.08940821,-1.940740663571428,0.073545367678576,12.0057517,0.17853545,0.1664,2.0741,1.9077
mp-29091,Ti(CuS)4,3,9,154.27680446480318,17.141867162755908,4.631598565750239,5.40855087516551,5.408550962168099,6.514684490953891,114.52590112520645,114.52590326593636,89.99999617192216,-5.36791565888889,-0.82992570925926,0.0,0.0,4.66855405,4.5649,5.9905,1.4256
mp-1227641,Bi10Te2Br4O17,4,33,595.479352232392,18.04482885552703,8.188957816890623,19.37275059532252,19.37275059532252,19.37275059532252,163.3683694246302,163.3683694246302,23.60476606273129,-5.6974364133333335,-1.5807673796464652,0.037243631969704,0.000148699999999,5.62428062,4.6013,5.6244,1.023099999999999
mp-1194928,CaTi2MnO6,4,40,445.2526907730204,11.13131726932551,4.277604012269971,7.59888,7.59888,7.710941,90.0,90.0,90.0,-8.90210964325,-3.23747311970977,0.017872486999987,19.9994819,3.75349635,3.7715,5.3515,1.5799999999999992
mp-7129,Rb2Ti(CuS2)2,4,18,414.3763411832528,23.02090784351404,3.800179492196923,5.58552278,5.58552278,13.28211685,90.0,90.0,90.0,-5.121347675000001,-1.276396080370371,0.0,0.0,2.9112271,2.7216,4.3819,1.660299999999999
mp-35281,Sm2CdS4,3,14,310.3352266938511,22.16680190670365,5.793740629338958,7.390127929285663,7.390127929285663,7.390127929285663,110.61098597246396,110.61098597246396,107.21497733936324,-5.6915946985714285,-1.842055654285713,0.095552811071429,0.000712699999999,3.56993806,3.5699,5.5639,1.994
mp-1069079,FeBiO3,3,10,137.34875639029534,13.734875639029534,7.5640409481152755,4.879828000000102,5.3052998497696615,5.305304092410349,90.00001527310944,90.00001910210509,90.00001910211371,-7.088385497,-1.64759779,0.026811494000001,0.0,4.2965066,4.2481,5.5944,1.3463
mp-1201508,KSi,2,32,964.8874363845968,30.15273238701865,1.849937231404449,10.58677164,10.58677164,11.408492257656151,117.6446523528057,117.6446523528057,90.0,-7.5185250228125,-0.122510757187499,0.014796516249999,0.0,1.75742729,1.7573,3.3384,1.5811000000000002
mp-557826,Li3U7(PO7)5,4,100,1494.2853836833738,14.942853836833738,5.338209544119962,10.057566,10.057566,14.772288,90.0,90.0,90.0,-8.9237194321,-3.223266602664285,0.00416098065002,0.0292094,2.27789334,1.3088,3.2588,1.95
mp-1228091,Ba4CaTi5O15,4,25,322.0616628256725,12.8824665130269,5.510243011770096,4.009037,4.009037,20.038209,90.0,90.0,90.0,-8.4121194556,-3.476984463666666,0.028055349899998,0.0172462,4.76865298,3.0541,4.7688,1.714699999999999
mp-22934,K2PtCl4,3,7,204.03195477243145,29.147422110347343,3.378281991785835,4.14656115,7.01463468,7.01463468,90.0,90.0,90.0,-14.097918777142857,-1.507347296785714,0.0,0.0,0.07500094,-0.0139,1.8057,1.819599999999999
mp-34477,LiSmS2,3,8,173.68902115229457,21.71112764403682,4.233944363517383,6.873715147778655,6.873715147778655,6.873715147778655,132.40568720318777,132.40568720318777,69.58903783107878,-5.7743272825,-2.048751175833333,0.004678905,0.0,3.04992055,2.0571,4.0527,1.9955999999999992
mp-1232278,Tb2MgSe4,3,14,331.4399227992436,23.67428019994597,6.593216389122976,7.55384653474685,7.55384653474685,7.55384653474685,110.58179002976802,110.58179002976802,107.27220931739384,-5.437618657857144,-1.881926776101189,0.077573432500002,6.0000000000000015e-05,3.665261349999999,3.6651,5.5440000000000005,1.878899999999999
mp-9194,SmCuSeO,4,8,138.50090046854655,17.31261255856832,7.406205465610109,3.970247,3.970247,8.786533,90.0,90.0,90.0,-6.55194059625,-2.236524274335937,0.002306797812501,0.0,4.86240327,4.7506,6.0371,1.286499999999999
mp-755493,CrSbO4,3,6,76.19151992225906,12.698586653709844,5.181669921817077,5.5952374008048125,5.595236217596625,5.595227526549211,138.47327216651263,138.4733802188196,60.17904671917283,-7.647844473333333,-2.052195685000001,0.067551652916651,3.0000937,3.75031357,3.7124,5.018,1.305599999999999
mp-1183892,EuCl2,2,6,196.39464892781675,32.73244148796946,3.768782334891043,6.67126267,6.67126267,4.41279314,90.0,90.0,90.0,-19.57018661333333,-2.6282664433333363,0.045194603333332,14.0,2.64360192,2.5411,3.752,1.210899999999999
mp-1036759,Mg30VCO32,4,64,617.3279656812705,9.645749463769851,3.507828719859058,8.515389,8.515389,8.513477,90.0,90.0,90.0,-6.368577181093751,-2.8441437228906263,0.128503875618488,3.000716,6.15546014,6.1554,7.4883,1.332899999999999
mp-16455,BaNd2ZnS5,4,18,429.77243053205945,23.87624614066997,5.034831688987039,8.853556732300245,8.853556732300245,8.853556732300245,126.89762097135376,126.89762097135376,78.41777352763368,-5.773989415,-2.062655861944444,0.021460911111104,0.0007856,3.59506203,3.5403,4.6836,1.1433
mp-1105257,CsCrH8(NO4)2,5,20,216.12010048974952,10.806005024487476,2.681307356842938,6.595942163054722,6.595942163054722,6.595942163054722,99.60629077664072,114.61769003914048,114.61769003914048,-5.3929251845,-0.693795180482759,0.6891086802916621,1.0003699,0.91147318,0.9113,2.8455,1.9342
mp-294,UO3,2,32,492.0370375002478,15.376157421882745,7.722332329691037,11.243804518557676,11.243804518557676,11.243804518557676,143.84134246214208,143.84134246214208,52.0646068520739,-10.0638085040625,-3.529985247812498,0.0821940659375,0.0006335,2.79164841,2.6161,4.5016,1.8855
mp-698483,U2CuAs2(HO)24,5,106,1101.8537942125652,10.39484711521288,3.308326713342707,7.220061,7.220061,21.136946,90.0,90.0,90.0,-6.11997880245283,-1.662293323113206,0.011300098207546,1.196244,-0.05245642,-0.0695,1.0885,1.158
mp-571164,Rb3AgSn3Se8,4,30,978.1558057564332,32.60519352521444,4.590647634698186,8.47842981,8.47842981,13.60746352,90.0,90.0,90.0,-3.969902786999999,-0.917866301527776,0.0,0.0,2.12949737,1.4455,2.8121,1.3666
mp-1202157,TlHg6Se4Br5,4,32,1012.5881325670844,31.64337914272139,6.963926903174095,11.49107598632056,11.49107598632056,11.49107598632056,99.00237200276015,99.00237200276015,133.39698616570658,-2.34570626875,-0.695838585794273,0.0129912496875,0.002466,0.21914568,0.2191,2.2081,1.988999999999999
mp-1195597,Ir2(Se3Br2)3,3,68,2070.5481471224944,30.44923745768374,5.050866250885382,15.584328819974605,15.584328819974605,15.584328819974605,131.63993605834045,131.63993605834045,70.79830668044379,-4.147940325441176,-0.6796020390349271,0.0,0.0002782,0.90881621,0.8799,2.3992,1.519299999999999
mp-1239060,LiMnO,3,3,502.5887767254913,167.52959224183044,0.257308173913307,8.704628,8.704628,6.633036,90.0,90.0,90.0,-5.68933798,-0.349704925421455,1.358617287011495,5.9999988,-3.95237631,-3.9525,-2.5678,1.3847
mp-1038735,CsMg30BiO32,4,64,676.1498886954497,10.564842010866402,3.887689752681864,8.716255,8.716255,8.899859,90.0,90.0,90.0,-6.08837518765625,-2.775142929994611,0.17791673828125,0.0017326,6.42155445,6.4215,7.6015,1.179999999999999
mp-1203289,CsGeSbO5,4,128,2208.816746965701,17.25638083566954,4.899214091751323,10.41890565,10.41890565,21.64037867425682,103.92953396744464,103.92953396744464,90.0,-6.386483242265625,-2.086506780972522,0.0,0.0001316,1.87287644,1.5786,3.2419,1.6632999999999991
mp-1406794,CaMn2O4,3,14,178.86633288449477,12.776166634606769,3.9725210874593833,6.345327028035908,6.345327028035908,6.345327028035908,120.64133290538204,120.64133290538204,88.89272239716514,-8.139264902857144,-2.4076256908374383,0.040275743214284,15.9999021,2.43156879,2.4264,3.9996,1.5732
mp-1222366,LiNiRhF6,4,18,206.42498550507636,11.468054750282018,4.545502390446148,4.706428,4.706428,9.319217,90.0,90.0,90.0,-5.262976811666666,-2.314478848703703,0.0,3.9975737,0.76334004,0.7633000000000001,2.4594,1.6961
mp-1214022,Ca8Mo7O20,3,35,457.0473267125659,13.058495048930457,4.767440813083044,8.644245048295831,8.644245048295831,8.644245048295831,119.95498452808866,119.95498452808866,90.07798678414775,-7.954227264285715,-2.499268123999999,0.123743580714281,2.0050681,4.38878511,4.4114,5.5572,1.145799999999999
mp-1518059,Ca2YBiO6,4,20,295.1249202738014,14.75624601369007,5.334417010078569,5.87673546,5.87673546,8.54542368,90.0,90.0,90.0,-7.1435823525,-2.7337731925,0.048392116187497,2.299999999999998e-06,2.77482871,2.7334,4.4758,1.742399999999999
mp-1218744,Sr2NbFeO6,4,10,131.3154549789393,13.13154549789393,5.310921827872111,4.045673,5.697214,5.697214,90.0,90.0,90.0,-8.059662470000001,-2.895267624000001,0.028689800999998,4.9999212,4.49761541,3.3315,4.4977,1.1662
mp-1212847,Fe2H3F2,3,28,2568.7783983901577,91.74208565679136,0.39486778802107,17.167813,17.167813,8.715588,90.0,90.0,90.0,-4.078481792857143,0.343410562321428,1.472872596071428,36.0133899,-2.89102571,-3.1619,-1.6734,1.4885000000000002
mp-9846,RbCaSb,3,6,247.70433532418812,41.28405588736469,3.315734799387384,5.38931429,5.38931429,8.52838083,90.0,90.0,90.0,-3.235285323333334,-0.8635735924999991,0.0,0.0,1.56322492,1.474,2.9719,1.4979
mp-5256,KCuC2,3,8,187.35466377197577,23.41933297149697,2.245296049894189,4.915533,4.915533,7.753954999999999,90.0,90.0,90.0,-8.922346510796876,0.267536068265624,0.293540513187499,0.000434,-0.35239658,-0.5315,1.4031,1.9346
mp-7910,Al2HgTe4,3,7,230.80986890588417,32.97283841512631,5.503380227317927,6.22638848580163,6.226389195914504,7.40470651374596,114.86202843556188,114.86202243884048,90.00000021983226,-23.97713268,-0.477004048214285,0.0,0.0,3.22883458,3.1887,4.2995,1.1108
mp-23565,Cr4AgBiO14,4,20,309.2644186250251,15.463220931251254,4.020677541436706,7.381398622114443,7.381398622114443,7.381398622114443,108.40324960945492,108.40324960945492,111.62894981687784,-7.26608066,-1.535249863083333,0.0,0.000682299999999,-0.254046999999999,-0.3285,1.3701,1.698599999999999
mp-1031788,HfMg6NiO8,4,16,165.06504123655492,10.316565077284682,5.140699310476741,9.1156642,4.25533145,4.25533145,90.0,90.0,90.0,-6.7511902825,-2.6822006675,0.350245780156249,1.7737935,7.84077421,7.6979,8.7275,1.029599999999999
mp-16967,CaV4(AgO6)2,4,38,562.5869764179325,14.804920432050857,3.846383932449266,10.520542,10.520542,5.082922,90.0,90.0,90.0,-7.646282397105264,-2.204038629912281,0.0,0.000301799999999,0.70517657,0.5545,2.4719,1.9174
mp-2647039,KLaTaAlO6,5,10,123.68588343072804,12.368588343072805,6.470123243037384,3.965384,3.965384,7.865922,90.0,90.0,90.0,-8.486171789,-3.349407165958332,0.0476200445,0.0,4.47281039,4.3951,6.0975,1.7024
mp-1037497,Mg30ZnCoO32,4,64,618.9745613771466,9.671477521517916,3.663189723887936,8.515587,8.515587,8.535788,90.0,90.0,90.0,-6.2945612671875,-2.925154815,0.018970352460937,1.0065762,5.18504923,5.1851,6.4202,1.2351
mp-1516633,NaCaCeBiO6,5,20,300.4392313174652,15.02196156587326,5.617245615327087,5.89613057,5.89613057,8.64216308,90.0,90.0,90.0,-6.8246897425,-2.53848265563793,0.091004435499995,0.0,2.78639352,2.7646,4.3056,1.541
mp-1974672,K2O,2,24,551.8742675814266,22.994761149226107,2.267417016147211,9.24024423,9.24024423,6.46358172,90.0,90.0,90.0,-7.110896425,-1.107875917083333,0.071530355,0.0,1.7852614999999998,0.3946,1.785,1.390399999999999
mp-12532,KAg2PS4,4,8,188.3610971996221,23.54513714995276,3.6503124457238334,6.351571961189056,6.351571961189056,6.351571961189056,95.13316588241403,117.08195892896596,117.08195892896596,-4.3193373725,-0.7215486906532721,0.0,0.0,2.66010495,2.5602,3.8043,1.2441
mp-546350,TmBi2BrO4,4,8,140.13853410567432,17.51731676320929,8.65940498370539,3.890304,3.890304,9.259563,90.0,90.0,90.0,-6.63996169875,-2.428541616875002,0.0,0.0017668,3.7383759,3.6158,4.976,1.360199999999999
mp-1034853,CsLaMg14O16,4,32,368.1852474805646,11.505788983767644,3.915057304641585,8.94276467,8.94276467,4.603867099999999,90.0,90.0,90.0,-6.044112644062499,-2.674176988895473,0.3486471590625,0.1666668,6.49756452,6.2023,8.1916,1.9892999999999992
mp-1190456,Mn(BH4)2,3,22,186.6737593973078,8.48517088169581,1.5055221054222891,5.599874,5.599874,5.952875,90.0,90.0,90.0,-4.655641968636363,-0.139084664660397,0.010968215340906,10.0003962,-1.27398366,-1.2739,0.6311,1.905
mp-694933,MgTi3Pb5WO15,5,50,642.8261468912972,12.856522937825943,8.409492649673915,5.685071,5.685071,19.889403,90.0,90.0,90.0,-7.702957490799999,-2.460648421999999,0.032718724500004,0.004287,5.21658917,5.1296,6.8149,1.685299999999999
mp-32798,La2Se3,2,40,1131.0472000690804,28.27618000172701,6.045119341034584,15.075426651597178,15.075417376506362,15.0755152968797,144.82823881926896,144.82982271044193,50.58971059595887,-22.82714325275,-2.342295032187499,0.0,0.0,6.10857744,5.3163,6.8963,1.58
mp-863016,RbF2,2,6,139.54628961335175,23.257714935558624,2.938348312056823,5.136622510658192,5.136622510658192,5.28887122,90.0,90.0,89.99816555258255,-3.718089836666666,-2.115343562499999,0.051614305,2.0000001,-4.02063691,-4.1045,-2.6751,1.4293999999999991
mp-23101,Nb2Bi2PbO9,4,14,197.44037681167976,14.102884057977128,8.031599020658431,12.86882012230251,12.86882012230251,12.86882012230251,162.27668971947088,162.27668971947088,25.16655741979984,-7.776464557857143,-2.3316806425,0.042212585178577,0.002633899999999,4.54491131,4.4596,5.6371,1.1775
mp-1220993,NaNdNb4O12,4,18,253.41016268247165,14.078342371248423,4.789094139836099,8.952084830849238,8.952084830849238,8.952084830849238,143.40772671138058,143.40772671138058,52.713875120148,-8.974815192222222,-3.09200294604885,0.052937931388887,0.000927699999999,1.18582701,1.1857,2.5261,1.3404
mp-557438,Sm2Ti3(BiO6)2,4,19,241.88514574316423,12.730797144377066,7.237584411582504,16.76935264358562,16.76935264358562,16.76935264358562,166.90949088331553,166.90949088331553,18.553493178869772,-8.39882148368421,-3.120966273157895,0.04131336578947,0.014377899999999,4.56288473,4.499,5.9945,1.4955
mp-1218768,Sr2LiLaTi4O12,5,20,241.60094253938837,12.080047126969417,4.84239942859761,8.771990819477697,8.771990819477697,8.771990819477697,143.12009226656272,143.12009226656272,53.14511775884579,-8.5298060765,-3.470441762583333,0.058240624640623,0.000219099999999,3.68605823,3.6859,5.523,1.837099999999999
mp-1203525,CoBi(CO)3,4,64,1180.553826912746,18.446153545511656,3.960287611296268,11.793364544221385,11.793364544221385,11.793364544221385,101.81793728669248,101.81793728669248,126.18504493767756,-7.37572115703125,-0.6806859095312491,0.384941092812501,0.0015325,1.02592865,0.9665,2.0757,1.1092
mp-559738,SbSNCl5,4,64,1989.2318258807595,31.081747279386864,2.304594348229434,13.737695780903431,13.737695780903431,13.737695780903431,111.41202979253576,111.41202979253576,105.65566721797752,-9.625805090203734,-0.421892825711546,0.136688659613973,0.002209699999999,-1.04518449,-1.0773,0.7263000000000001,1.803599999999999
mp-765258,Li4MnF8,3,13,142.6525346872798,10.973271899021524,2.731887682174559,5.950774898656056,5.950774898656056,5.950774898656056,122.61134829820708,122.61134829820708,85.53355342516583,-5.331666371538463,-2.861779774712644,0.097831218974357,3.00002,-1.84189229,-1.9097,-0.8732000000000001,1.0365
mp-1229122,Ag2HgI4,3,7,266.9819945542102,38.140284936315744,5.746625628681051,7.8496100836218305,7.8496100836218305,7.8496100836218305,131.32745368801966,131.32745368801966,71.293337547339,-2.238610281428569,-0.5112391594047601,0.001123387142858,0.0,0.7913352100000001,0.7083,1.9847,1.276399999999999
mp-1223460,KSnAuS3,4,48,1344.878680659583,28.018305847074654,4.454546546706895,8.293193,8.293193,19.554178,90.0,90.0,90.0,-4.322036756666667,-0.8508673041249981,0.001469148333332,0.0692399,2.23904637,1.9909,3.6437,1.6528
mp-760491,Ce4Y2O11,3,17,243.44548688741867,14.320322758083451,6.236219768729185,3.858538,3.858538,16.351446,90.0,90.0,90.0,-9.240402058235292,-3.876075379705882,0.058952501102938,0.0072891,4.0236737,3.9563,5.7812,1.8249
mp-1223108,LiU4As3O20,4,56,918.9054629022633,16.409026123254698,5.43501899739488,17.98000541198239,17.98000541198239,17.98000541198239,156.56001464320286,156.56001464320286,33.38890090665467,-8.532490006071429,-2.816627484494046,0.0,0.000973599999999,2.51827702,0.6398,2.5186,1.8788
mp-1031722,Mg6CoBiO8,4,16,179.0655376534653,11.19159610334158,5.023738485800703,8.95011624,4.47292553,4.47292553,90.0,90.0,90.0,-6.10540409,-2.3310316425,0.283709558984375,2.001606,7.64607343,7.3736,8.8963,1.5227
mp-1211895,K2NdNb5O15,4,46,648.5064617580487,14.09796655995758,4.74707924979294,12.785117,12.785117,3.96739,90.0,90.0,90.0,-8.809241399565218,-3.080683697260869,0.019633469384062,0.0092042,1.19700553,1.1902,3.0436,1.8534
mp-1033328,Mg6CrCO8,4,16,156.38996749368704,9.77437296835544,3.587079420361515,8.97051407,4.17537781,4.17537781,90.0,90.0,90.0,-6.532082645625,-2.2664240053125,0.493325383515624,3.999999899999999,6.3525218500000005,6.0383,7.3793,1.341
mp-1246414,BaMg2N2,3,10,188.7091941180928,18.87091941180928,3.765296112624691,6.2879446772370695,6.889866937388922,7.950627980398591,89.99999599551654,50.7864864233693,56.77946636350651,-4.940403664,-0.569109572,0.205431705722221,0.000116799999999,2.28628373,2.2859,3.3881,1.1022
mp-1215745,Zn3Fe8CoO16,4,28,312.93260164801194,11.176164344571855,5.083036912519325,6.048581,6.048581,8.553499,90.0,90.0,90.0,-7.336490042857143,-1.6993402817857142,0.005111975267857,43.0015736,2.42319231,2.4117,4.0172,1.605499999999999
mp-560528,K2Ce(PO4)2,4,26,412.2883991998215,15.85724612307006,3.288590782399749,6.83756137964647,6.837560969819377,10.057011414182144,109.87322242316866,109.87321953980336,89.99999543686137,-7.520374036923076,-3.011579851829669,0.003298924230769,2e-07,0.85937129,0.7936000000000001,2.235,1.441399999999999
mp-1226577,CeTh4O10,3,15,216.17115610172385,14.411410406781588,9.435011915233778,14.200707530134933,14.200707530134933,14.200707530134933,164.05145053483102,164.05145053483102,22.62869301592417,-9.950679196000005,-4.279213001333335,0.00045437666666,0.0,5.08117897,5.0095,6.443,1.433499999999999
mp-766083,LiVSiO4,4,28,269.3154843404233,9.618410155015118,3.698617449434656,5.79555,5.79555,8.01811,90.0,90.0,90.0,-7.967937862857143,-2.795082007619048,0.048914379017853,7.9988093,4.58747305,4.5836,6.0845,1.5009
mp-1228258,Ba5Li2(TeO5)3,4,50,702.2293446903601,14.0445868938072,6.258367434397753,10.131749107346012,10.131749107346012,10.131749107346012,99.35091315796473,99.35091315796473,132.457150989508,-6.3237438542,-2.441261726666666,0.0,0.0,3.0640065,3.064,4.2752,1.211199999999999
mp-33449,Tb5AgS8,3,14,292.35975434598544,20.882839596141817,6.582949857629312,7.241855399700342,7.241855399700342,7.241855399700342,109.6307764148115,109.6307764148115,109.15257819944544,-6.336574730714285,-2.11290062392857,0.031726990624997,0.0003745,6.29117025,4.4742,6.2912,1.817
mp-1178395,CsLiO,3,12,303.6584368291403,25.30486973576169,3.408937069555163,7.656833477539067,7.656833477539067,7.656833477539067,99.40888184502154,99.40888184502154,132.30230030986323,-4.119245361666667,-1.5309582143295022,0.089964015,6.290000000000001e-05,0.62836836,0.6283000000000001,2.2627,1.6344
mp-559724,Ta4S9Br8,3,21,614.6070574736456,29.267002736840265,4.462299019901847,9.934090795658085,9.934255612345387,9.93414157000042,97.4546788133097,97.45401500442772,137.77717025997393,-5.695711014285713,-1.038574735087299,0.131868372976192,0.0,0.5311419,0.4111,1.7082000000000002,1.2971
mp-1104693,LiCa2HC3,4,14,175.50544806164618,12.536103432974729,2.349037101796205,6.817522,6.817522,3.776048,90.0,90.0,90.0,-5.560276921428572,-0.273385921369046,0.0,1.8800000000000003e-05,3.79123141,3.7911,5.0903,1.2992
mp-849358,Mn3(OF2)2,3,18,224.34678912027437,12.463710506681908,4.038443625803976,4.895979000309029,4.895980000309029,9.359242000000268,89.99997605377217,90.00001782432173,89.9987127119845,-7.545699029444445,-2.541545986532568,0.043941399351837,4.5e-06,1.40992853,1.3139,2.3335,1.019599999999999
mp-20763,Na2Gd2Ti3O10,4,17,210.04691894998743,12.355701114705145,5.249882835347886,14.561763218311924,14.561763218311924,14.561763218311924,164.88020675484896,164.88020675484896,21.44559472073133,-9.451184824117648,-3.333433521926978,0.073857284235295,13.9995971,2.9858185500000003,2.9177,4.3093,1.3916
mp-16032,Pr2TeO2,3,5,109.2053675781864,21.841073515637284,6.7119902057313485,4.093107031173922,4.093107833147179,7.132015287214891,106.67561469546136,106.67561337008452,90.00000828235706,-7.741304416,-3.215270251999999,0.0,0.0,4.302197449999999,4.2432,5.8988,1.655599999999999
mp-1228309,Ba4Ga5AgSe12,4,44,1289.6774258875505,29.31085058835342,5.030016796014133,13.948879,13.948879,6.628305,90.0,90.0,90.0,-4.470989487954545,-1.3977960660132571,0.013194890176769,0.0001489,1.75625164,1.7297,3.3003,1.5706
mp-1176678,LiFeSnO4,4,28,322.752657002113,11.52688060721832,5.052187234481604,6.133439,6.133439,8.579495,90.0,90.0,90.0,-6.824649158571428,-1.9417405940476191,0.07297537232143,19.9997314,4.650318,3.2982,4.6501,1.3519
mp-1228053,Ba3SrLu2(BiO6)2,5,20,315.6368125015895,15.781840625079472,7.678248358768787,6.066623,6.066623,8.576175,90.0,90.0,90.0,-7.031235739,-2.848819314166667,0.022350059874999,0.0003316,2.48967095,2.4862,4.0493,1.563099999999999
mp-1247410,Si6Bi3N11,3,40,512.6750153780359,12.8168753844509,6.150985031380986,10.181716,10.181716,4.945386,90.0,90.0,90.0,-17.169401141187496,-0.741117831749997,0.183542592250002,0.001179699999999,8.16343959,6.5554,8.1634,1.6079999999999992
mp-470,GeO2,2,6,56.00426327829353,9.334043879715589,6.20512814957392,2.87651434,4.41242435,4.41242435,90.0,90.0,90.0,-6.996305618333334,-2.156655663333334,0.0,0.0,5.3453888,5.3218,6.5375,1.2157
mp-1210079,NaGdCu2F8,4,12,156.3865741517155,13.03221451264296,4.877126691769266,6.4903798856318105,6.4903798856318105,6.4903798856318105,130.051152532211,130.051152532211,73.32500228891436,-6.145979677500001,-2.902056730948276,0.0,4.6518564,0.28630154,0.1621,1.1763,1.0142
mp-722557,SrTa2O7,3,10,146.72732016929706,14.672732016929706,6.3547257637614685,3.982563,3.982563,9.250936,90.0,90.0,90.0,-8.660155573,-2.653954551966666,0.484873910499985,0.0001684,1.18300687,1.0921,2.8562000000000003,1.7640999999999991
mp-546790,LaCuTeO,4,8,164.19791995991815,20.52473999498977,6.999248087992701,4.182825,4.182825,9.38487,90.0,90.0,90.0,-6.4590908225,-2.177470654166667,0.008627718125,0.0002554,7.9088441,7.6628,8.8467,1.1839
mp-769598,La4MnO8,3,52,740.498765638847,14.240360877670136,6.624722118703873,7.617309000051527,7.617957004891731,13.31758472326499,73.37658977199271,89.99959813431,89.99998494951735,-8.600530213076924,-3.332089309071619,0.169013442301281,0.0001288,6.54985678,6.4703,7.759,1.2887
mp-32586,Nd2S3,2,40,951.6604468391114,23.791511170977785,5.369768259023699,22.324963210513832,8.602829779778627,8.602835880263314,89.99940258951433,54.687423013129866,54.687444623599646,-18.94466456,-2.3570386306875,0.019543700999999,0.0,4.70100678,3.7644,5.6004000000000005,1.835999999999999
mp-1212660,GaCuBr4,3,12,355.6865718745633,29.64054765621361,4.228628768377309,5.78484907,5.78484907,10.62877968,90.0,90.0,90.0,-3.311058367499998,-1.031876895416664,0.0,0.0,0.28357404,0.2836,2.2738,1.9902
mp-1008528,B2AsP,3,4,51.2840712082363,12.821017802059076,4.128914812768751,3.308681,3.308681,4.684602,90.0,90.0,90.0,-9.840226059375,-0.239647135744046,0.067852859750001,0.0001896,6.69862946,6.6715,7.7338,1.062299999999999
mp-1199840,Cs5As(PSe3)4,4,44,1575.6223012508271,35.809597755700615,3.816917620818804,14.243387,14.243387,7.766504,90.0,90.0,90.0,-4.193007086136363,-0.8828778944305581,0.0,0.0003449,1.29960644,1.2784,2.7651,1.4867
mp-1032218,LiMg6CoO8,4,16,150.245386349705,9.390336646856564,3.754418887678491,8.49110947,4.20647539,4.20647539,90.0,90.0,90.0,-6.2965802875,-2.6460273052083343,0.069119514999999,1.9999997,3.71062889,3.4851,4.8066,1.3215
mp-7726,Rb2UO4,3,7,132.14424307145944,18.877749010208493,5.943293800940401,7.619828599939832,7.619828599939832,7.619828599939832,146.79712529770097,146.79712529770097,47.66426551228351,-7.763977622857141,-3.043360169285711,0.0,0.0,1.79131837,1.6553,3.5549,1.8996
mp-9195,BaCuSeF,4,8,168.0810835441171,21.01013544301464,5.904545697556149,4.263533,4.263533,9.246547,90.0,90.0,90.0,-5.09518990875,-2.238203543085938,0.0,0.0,3.85433275,3.6481,5.0746,1.4265
mp-5841,RbCuC2,3,4,101.98262929993842,25.49565732498461,2.817457359839984,4.541337,4.541337,4.944914,90.0,90.0,90.0,-5.6011184025,0.284308105624999,0.302467730781249,0.0,-0.27542081,-0.4273,1.4588,1.886099999999999
mp-5394,LaSF,3,6,114.13195763048722,19.021992938414535,5.5278248430274495,4.04866893,4.04866893,6.96278102,90.0,90.0,90.0,-17.087878088333333,-3.452929627604165,0.0,0.0,6.29530716,6.1607,7.6488,1.488099999999999
mp-1198297,H12PdC2(N3Cl2)2,5,100,1328.19436586364,13.2819436586364,1.842272916263288,10.85333949,10.85333949,11.2754753,90.0,90.0,90.0,-5.488641954499999,-0.616335655499999,0.000524522349999,0.0109042,-0.65937444,-0.6962,1.051,1.747199999999999
mp-14091,AlAgSe2,3,8,196.7610945432424,24.595136817905296,4.941582476882665,5.9752059364763,5.975205728942019,6.944284353004935,115.4818107255026,115.48181733310032,90.00001148449448,-14.92098608625,-0.7432121020312501,0.0,0.0,2.18218391,2.1082,3.2434,1.135199999999999
mp-540763,TiMn2O4,3,28,324.76171868904254,11.598632810322949,4.535129077234599,6.148206160000062,6.148205640000019,8.591480810002526,90.00004530229876,90.0000206195336,89.99999366300783,-9.248747120714286,-2.67569474631363,0.015470941428578,39.9999962,3.67284099,3.5344,4.9224,1.387999999999999
mp-32787,Ho2S3,2,40,850.8220796945975,21.270551992364936,6.652220732392991,13.705873231386535,13.705873231386535,13.705873231386535,144.80791510041286,144.80791510041286,50.62086701090474,-20.314700475416668,-2.341740573104167,0.034669975916667,0.0037304,4.09305771,4.0565,5.9907,1.9342
mp-1033429,BaMg6CrO8,4,16,194.68812593697533,12.168007871060958,3.950296619673369,8.86276052,4.68689501,4.68689501,90.0,90.0,90.0,-6.2986755781250015,-2.490017419375,0.403627403802085,3.8892391,5.32588975,5.0144,6.9733,1.958899999999999
mp-579284,Mg(FeO2)2,3,28,292.4325780187556,10.444020643526985,4.542524332697401,5.912182,5.912182,8.366237,90.0,90.0,90.0,-7.502934557142857,-2.022597920714286,0.142419159999997,40.0017033,3.62381411,3.507,5.1352,1.6282
mp-1048636,Sr3MgCr2S2O5,5,13,212.8822595993352,16.375558430718094,4.175361194994114,13.820637208389236,13.820637208389236,13.820637208389236,163.50063229547123,163.50063229547123,23.41570401942595,-6.996824216153846,-2.456174241153846,0.184080175,5.9990433,3.00109949,2.9651,4.3003,1.3352
mp-32594,Sm2Se3,2,40,1034.2989774402556,25.85747443600639,6.904818213499398,14.646891013180296,14.646801438245436,14.646843141038074,144.8878965875237,144.88836681895862,50.50088894354993,-22.65357823075,-2.173472364187501,0.024575473249999,0.0,4.15527447,3.393,4.8976,1.5046
mp-1038037,LiMg30MnO32,4,64,618.1547491039458,9.658667954749154,3.500254191888565,8.497108,8.497108,8.5616,90.0,90.0,90.0,-6.3864847284375,-2.975237997676005,0.008168721953124,4.0037781,4.32750005,4.3273,5.7625,1.4352
mp-567499,CsMn4Cl9,3,28,708.490221632982,25.303222201177928,3.148784738587263,9.758767991356018,9.758831433184184,9.758883291225102,106.32393816438024,106.3238952083315,115.96486850675348,-11.642019930714286,-1.698181232173644,0.0,40.0000018,1.22309805,1.2402,3.1204,1.8802
mp-32906,La2S3,2,40,1008.8721156466868,25.22180289116717,4.924719118536538,14.49094774116444,14.490934456529844,14.49085540262545,144.74074988075165,144.7401157561565,50.72169340093411,-19.20693490125,-2.488600482937499,0.019705075249998,0.0,6.809133,5.9265,7.8796,1.9531
mp-1195344,Ba4Ga4SnSe12,4,42,1285.203638847826,30.60008663923395,4.89537210890439,13.990948,13.990948,6.565649,90.0,90.0,90.0,-4.576185451190476,-1.445290525624999,0.007873375714289,0.0008231,1.74769368,1.6784,3.0076,1.3292
mp-550998,TiZn(BiO3)2,4,10,140.3623491996041,14.03623491996041,7.420403252067178,5.300761,5.300761,4.995445,90.0,90.0,90.0,-6.854858353,-2.192551325333334,0.062953289499998,0.000156399999999,4.07705116,4.0072,5.9428,1.9356
mp-1035313,CsMg14SbO16,4,32,360.7082384085266,11.272132450266456,3.9172812522776974,8.89376424,8.89376424,4.56020993,90.0,90.0,90.0,-5.87083910625,-2.526122384364224,0.364171427812499,0.199353099999999,6.71226519,6.4392,8.4042,1.964999999999999
mp-863021,Ba2Sc2O5,3,9,145.60206132361543,16.17800681373505,5.070078892637721,4.186563,4.186563,8.307154,90.0,90.0,90.0,-8.062809023333335,-3.480287566111113,0.027155870555553,0.000795999999999,2.63866274,2.5701,4.1066,1.5365
mp-32826,Dy2S3,2,40,860.485717223378,21.51214293058445,6.502474015847245,21.586144637833687,8.31998301800377,8.32001958250446,90.00251388240915,54.6844619617504,54.684584847780926,-19.96052761925,-2.3473839929375,0.032349150249999,0.0,4.08263015,4.0673,5.9764,1.9090999999999991
mp-628185,K3NaSn3Se8,4,30,966.4651986079944,32.21550662026648,3.876487786338696,8.328245,8.328245,13.93411,90.0,90.0,90.0,-4.001818682333334,-1.01969619345862,0.0,0.0002801,2.10063695,1.2643,2.9479,1.6836
mp-676498,Gd2PbS4,3,14,315.5349241377449,22.538208866981783,6.84097948698814,7.428351870302927,7.428351870302927,7.428351870302927,109.32879675551465,109.32879675551465,109.75644544780263,-8.787219172857144,-1.870864544285713,0.155616456428571,28.0653159,4.59990221,4.5996,5.8679,1.2683
mp-2901370,Gd2CdSe4,3,14,400.6574721409439,28.61839086721028,6.15671558883265,8.070790620740613,8.070790620740613,8.070790620740613,106.289270890101,106.289270890101,116.04175611755085,-25.149220480714288,-1.699900593035713,0.045828969642855,27.9999999,1.98197023,1.6181,3.252,1.633899999999999
mp-1047343,Mn2ZnO4,3,14,157.83250457929137,11.27375032709224,5.034935684069104,6.025850265902564,6.025850265902564,6.025850265902564,118.6019059125228,118.6019059125228,92.43912318841927,-7.587315220714286,-1.9622269044088672,0.020098295714285,15.9999847,2.12653162,2.116,3.931499999999999,1.8155
mp-1222140,Mg3MnO4,3,32,324.33655415546025,10.135517317358133,3.928949566655493,6.119568664581353,9.681488312168227,6.119575735659214,71.57712266306727,89.99802711080257,108.42290382026265,-6.9840371153125,-2.7533784456788792,0.0334958734375,0.0,6.27336683,6.083,7.214,1.131
mp-1212050,K2HoNb5O15,4,46,641.5376374105007,13.946470378489146,4.905743500625053,12.738941,12.738941,3.953261,90.0,90.0,90.0,-8.781630030652174,-3.060483979108695,0.053965046123193,0.0017625,1.23700865,1.2308,3.0952,1.8644
mp-1038428,Mg30GaBO32,4,64,620.83275631798,9.700511817468438,3.53505192987272,8.530412,8.530412,8.531681,90.0,90.0,90.0,-6.260798353906249,-2.870855535104166,0.125745674088545,0.0005683,6.27959141,6.2792,8.2338,1.9546
mp-1215701,Zn2InCuTe4,4,8,242.5280388904056,30.316004861300694,5.611507582829014,6.246149,6.246149,7.625649184471182,65.823509617383,65.823509617383,90.0,-3.322153638749999,-0.578267237916665,0.003447325625,0.0006435,4.9866762300000005,3.8535,4.9869,1.1334
mp-35205,LiErSe2,3,8,180.68771448281024,22.585964310351283,6.104435338924593,6.973639757700465,6.973639757700465,6.973639757700465,132.53172113653147,132.53172113653147,69.39051653369337,-18.17544583625,-1.941630325781247,0.016215196250001,0.0,2.8681012,2.0312,3.752,1.7207999999999992
mp-706277,Li10Si(PSe6)2,4,50,1142.1410851021576,22.842821702043157,3.218788590324217,9.263515,9.263515,13.309696,90.0,90.0,90.0,-4.1553849478,-1.063527688629761,0.0110389548,0.0028579,1.87991557,1.0805,2.6582,1.577699999999999
mp-757720,LiV(CO3)2,4,40,508.5307726344919,12.713269315862297,2.323638324418074,8.723014313436554,8.723014313436554,8.723014313436554,107.25326991200312,107.25326991200312,114.00446563740368,-8.0240129415,-2.109756915833333,0.031305911499998,7.9994992,0.87296859,-0.0935,1.8168,1.910299999999999
mp-1039612,RbMg30BiO32,4,64,661.8852231599006,10.341956611873448,3.852463886679865,8.663542,8.663542,8.818439,90.0,90.0,90.0,-6.1386134225,-2.824247469492187,0.130043351406251,0.0012764,5.94750499,5.9475,7.8252,1.8777
mp-23485,Ag2HgI4,3,7,266.73707472580065,38.105296389400095,5.75190222011236,7.897748804147402,7.897748804147402,7.897748804147402,131.98974487886707,131.98974487886707,70.24522421751104,-2.239733668571428,-0.512362546547618,0.0,0.0,0.98243359,0.8954000000000001,2.1173,1.2219
mp-26065,LiMn6PO12,4,80,844.988431692495,10.562355396156187,4.39831398087902,11.57319751035819,11.57319751035819,11.57319751035819,131.76089451581498,131.76089451581498,70.60693115967193,-8.272700661750001,-2.189099651528122,0.012939515520832,96.0065281,3.10836378,3.0897,4.0902,1.0005
mp-699483,U2CuP2(H4O5)4,5,82,873.1804407420397,10.648541960268776,3.566345716004294,7.026307,7.026307,17.68682,90.0,90.0,90.0,-6.6265155897560994,-1.9729824955923352,0.0,1.997606199999999,0.55157586,0.5515,1.6864,1.1349
mp-1094028,TiSiAg2O5,4,18,237.80729662876868,13.211516479376035,5.190748696141693,6.5590720000000005,6.5590720000000005,5.527648,90.0,90.0,90.0,-7.163852554999999,-2.303131396296296,0.062375488240737,1.54e-05,2.59878148,2.5332,3.8672,1.334
mp-12112,CdP2,2,24,554.357273848463,23.09821974368596,4.17823168350248,5.29182285,5.29182285,19.79607798,90.0,90.0,90.0,-12.884365425,-0.181318653650793,7.420833334492727e-07,0.0,2.89651076,2.8196,4.2758,1.4562
mp-1098011,LiB2O3,3,48,1078.4562610331543,22.467838771524047,0.94307293251918,11.207837973149102,11.207837973149102,11.207837973149102,107.2116063181942,107.2116063181942,114.09161669423423,-6.975131576041666,-1.956533338819444,0.692299150117185,7.9995015,-1.18368582,-1.1838,-0.1286,1.0552
mp-1218512,Sr5ZrTi4O15,4,25,321.23468181060133,12.849387272424051,4.966517615821443,4.013972,4.013972,19.93764,90.0,90.0,90.0,-8.454929514,-3.542480545133334,0.031181053899999,0.012762299999999,4.65596459,2.8963,4.656,1.7596999999999992
mp-978846,SnI2,2,6,265.68913167217136,44.281521945361895,4.656436257104245,7.58387907,7.58387907,4.61945766,90.0,90.0,90.0,-3.072462930000005,-0.719930568333338,0.024819244444439,0.0,2.4222495,2.3313,3.5309,1.1995999999999991
mp-753915,Cr4OF6,3,22,277.445365644788,12.611152983854,4.045620968877587,7.221259,7.221259,5.32049,90.0,90.0,90.0,-5.906619750000001,-0.9026865559090912,1.7655193466666672,0.1372107,2.4190715,2.2828,3.5796,1.2968
mp-1078085,Cs2PdCl4,3,7,263.53198227235606,37.64742603890801,3.239031241324765,7.50923446,7.50923446,4.67349734,90.0,90.0,90.0,-15.541671902857145,-1.572084017142858,0.0,0.0,-0.99600643,-1.1158,0.7232000000000001,1.839
mp-773864,TiSnO4,3,6,78.46714146278919,13.077856910464863,4.87947087058393,5.862464996366631,5.862464996366631,5.862464996366631,141.20938768559162,141.20938768559162,56.02153656612342,-8.021122661666666,-2.738304679722222,0.069464048749999,3.5000000000000004e-05,3.24087165,3.1795,5.1408,1.9612999999999992
mp-571594,K3AgSn3Se8,4,30,945.9375163090332,31.53125054363444,4.258609442078375,8.314901,8.314901,13.681959,90.0,90.0,90.0,-3.994316326666667,-0.912112711144444,0.004686756166679,0.000730299999999,2.38098134,1.7084,3.065,1.3566
mp-15900,Sr3Sc2Cu2S2O5,5,14,219.4646036174967,15.676043115535478,4.72131324766085,13.3960748231847,13.3960748231847,13.3960748231847,162.41089532378862,162.41089532378862,24.97443069915174,-6.9335132,-2.722424895,0.032186641383928,0.0002098,4.72963086,4.6855,5.9702,1.2847
mp-1032433,NaMg6MnO8,4,16,159.56274199782305,9.97267137486394,3.660626626823802,8.501438480000001,4.33231012,4.33231012,90.0,90.0,90.0,-6.451782748125,-2.709892485581896,0.07525239578125,4.0000006,4.34413933,4.0722,5.5079,1.4357
mp-546679,Nd2AlNO3,4,7,87.84697945002468,12.549568492860669,7.135184541416359,3.736074,3.736074,6.825535424459169,105.88357974167748,105.88357974167748,90.0,-8.286210828571429,-3.077063477857142,0.076471936071426,0.0,5.4019161,5.272,6.334,1.061999999999999
mp-545760,Rb4CO4,3,9,185.2726003939165,20.585844488212945,3.745320319388463,6.702718098722786,6.702718098722786,6.702718098722786,127.1749808503706,127.1749808503706,77.96539191192497,-5.220906224444445,-1.560354785,0.206959889444444,4.6e-05,1.36728981,1.303,3.0512,1.7482000000000002
mp-546643,K4CO4,3,9,153.76337367877846,17.084819297642053,2.509776942671889,5.963073134984259,5.963073134984259,5.963073134984259,102.20480606152452,102.20480606152452,125.2528937499967,-5.350504301111111,-1.622914794888888,0.194845779166663,0.000127,1.30239193,1.1755,2.9653,1.7898
mp-1035182,BaMg14CoO16,4,32,341.05038376303816,10.657824492594942,3.858700859861636,8.77625045,8.77625045,4.42792775,90.0,90.0,90.0,-6.1779314315625,-2.707733058124999,0.210155943020834,2.5012506,5.03457547,4.6804,6.228,1.5476
mp-9406,Li2La2Ti3O10,4,17,201.08803448135612,11.828707910668008,4.915751863582342,13.656835897244829,13.656835897244829,13.656835897244829,163.6798107513279,163.6798107513279,23.15963145966907,-8.589670175882352,-3.480496879215687,0.020434331617655,0.000568399999999,4.3651292,4.3079,6.0785,1.7706
mp-38125,Sm2CdSe4,3,14,352.90843566069805,25.207745404335576,6.860050379086335,7.714037877874466,7.714037877874466,7.714037877874466,110.6762462385938,110.6762462385938,107.08715305232872,-5.168198325714285,-1.685222844196427,0.105303066071427,0.0005021,3.2026765,3.1586,4.2034,1.0448
mp-756276,CeHfO4,3,12,153.3861547240267,12.78217956033556,8.284036143482258,6.606743019731508,6.606743019731508,6.606743019731508,132.58705588248418,132.58705588248418,69.30340136900965,-9.849908565833331,-3.902244745833332,0.071248872916665,2.950000000000001e-05,4.17547355,4.0493,5.845,1.7957
mp-4809,Ga2HgS4,3,7,160.37532561024014,22.91076080146288,4.848774584080167,5.58218930245464,5.582189910379103,6.486053192329302,115.488026628285,115.48803527457584,90.00000499177992,-4.100255565714288,-0.826619146785716,0.0,0.0,1.547595869999999,1.501,3.0717,1.5707
mp-37829,La5TlSe8,3,14,385.6909876306893,27.54935625933495,6.58974580897221,7.9427164084633635,7.942717387299258,7.9427168180957555,109.13238305037184,110.15101124882226,109.1324038512712,-6.061291300714283,-2.131377053363095,0.0,0.0,5.85629195,5.784,7.0844,1.300399999999999
mp-1212218,La8Sb2Se15,3,100,2916.986053776082,29.16986053776082,5.781831715673484,15.785415107765305,15.785415107765305,15.785415107765305,96.57757149864608,116.27793134252778,116.27793134252778,-5.9658685971,-1.9584793377062504,0.002282531487497,0.0,4.95763656,4.6711,6.2128,1.5416999999999992
mp-1032336,Mg6VCoO8,4,16,157.54410068769417,9.846506292980886,4.044255943044561,8.6182282,4.27555087,4.27555087,90.0,90.0,90.0,-6.76363058,-2.6646411475000003,0.100557400468749,5.77615,6.18018354,5.9154,6.9356,1.0202
mp-23697,K3AlH6,3,10,158.2922751620265,15.82922751620265,1.576950011682132,6.203445641200703,6.203445641200703,6.203445641200703,123.7078542749887,123.7078542749887,83.68947257085586,-4.804451072999999,-0.252694618374999,0.049821829499999,0.005842099999999,0.71969373,0.7097,2.5085,1.7988
mp-1032694,Mg6MnBO8,4,16,154.90174969640958,9.6813593560256,3.6402190481310592,8.47654786,4.27482807,4.27482807,90.0,90.0,90.0,-6.53036073375,-2.454866034193606,0.422242225533405,4.8888901,6.7560232,6.373,7.5675,1.194499999999999
mp-583213,HgI2,2,48,2089.3982077879723,43.52912932891609,5.778101571096585,12.798167602660032,12.798179382493547,15.642617029078153,114.14292931189031,114.14294742509826,90.06809794229612,-1.683822466875,-0.564590044375002,2.7349999996317823e-05,0.0,0.04618037,0.0147,1.566,1.5513
mp-775122,LiLaNb4O12,4,18,253.92583874975668,14.10699104165315,4.639519971550331,5.623053,5.623053,8.030869,90.0,90.0,90.0,-9.028146717777778,-3.104497707129629,0.068660365277773,0.0011064,1.80468623,1.6682,3.1949,1.5267
mp-1036912,Mg30CoCO32,4,64,614.8363483857944,9.606817943528036,3.543627983389277,8.496313,8.496313,8.517233,90.0,90.0,90.0,-6.2962086290625,-2.802251566953125,0.14199976484375,0.999642599999999,5.11624876,5.1159,6.2841000000000005,1.168199999999999
mp-753753,Li2MnOF3,4,28,305.11546822314875,10.8969810079696,3.08720859746722,6.075526000013167,6.075518000007324,8.266031000022805,89.9998483088947,90.0002240706852,90.00008487549856,-6.176206911071428,-2.7948670317282422,0.03988641654762,15.9997029,-0.20513293,-0.2959,1.6149,1.9108
mp-1209300,Rb3CrO8,3,12,201.8053118886384,16.817109324053202,3.590839314512536,6.418496309580384,6.418496309580384,6.418496309580384,112.6449498787944,112.6449498787944,103.29477751144856,-5.472063981666667,-1.123869171041667,0.321354374583331,0.999966399999999,1.06739066,1.034,2.4905,1.4565
mp-1079603,BaCdPF,4,8,185.44243432879196,23.18030429109899,5.36749250270675,4.39672,4.39672,9.592935,90.0,90.0,90.0,-4.4574971375,-1.905419379910713,0.008730359999998,3e-07,2.92584255,2.8171,3.966,1.1489
mp-2228046,Na2MgMn4O8,4,15,219.4593095813333,14.630620638755552,3.163038893993099,5.879820750000007,7.588226558704585,5.879820750000007,67.20529623374365,90.00000000000011,112.79470376625636,-7.254443880666667,-1.8847331619655168,0.286214722333335,16.0000005,1.01609971,0.9951,2.3123,1.3172
mp-33107,SF4,2,5,87.50291596385007,17.500583192770016,2.050623639915413,4.937036446424513,4.937036446424513,4.937036446424513,117.9853703329113,117.9853703329113,93.52636331040328,-5.398373545173611,-1.29074373973611,0.439080291749999,0.000210999999999,-1.75451319,-1.7846000000000002,-0.5917,1.192899999999999
mp-759317,Na3NiO2,3,24,414.089911039072,17.253746293294665,2.5610299998404558,9.475671,9.475671,4.611845,90.0,90.0,90.0,-4.476699232916666,-1.193162395272988,0.079155835833333,3.9996948,0.96550563,0.9396,2.5008,1.5612
mp-1206388,NaAgC2,3,4,76.51322156995178,19.128305392487945,3.361291526127671,3.782456,3.782456,5.347967,90.0,90.0,90.0,-10.778167953318968,0.425464070431033,0.454932537306033,0.0022599,-0.0158121,-0.0843,1.119,1.2033
mp-9668,Ba3TiS5,3,18,507.5990204658012,28.1999455814334,4.057618131750924,9.22017072335196,9.220172779629117,9.220224655461756,124.87576461603236,124.87575058655194,81.7433847356919,-5.962513711111113,-2.147024222314816,0.003371592222219,0.0,2.662840929999999,2.6018,4.0507,1.4489
mp-1078469,CuPN2,3,8,76.23331382608258,9.529164228260322,5.338115116423305,4.96727545452747,4.96727545452747,4.96727545452747,126.70850104503484,126.70850104503484,78.72675562070062,-9.84148211125,-0.314888697619048,0.011693066354167,0.0,8.38360078,8.1026,9.9249,1.822299999999998
mp-18925,Li6CoO4,3,44,386.2306222136056,8.777968686672853,2.830290317086024,7.946067627021028,7.94612934147183,7.946120665238766,109.12400429986272,109.64344709306076,109.64351164805367,-5.4277486775,-1.938767046590909,0.0,5.9999999,1.29765815,1.288,3.2229,1.9349
mp-23417,InSn2I5,3,16,623.0259698702051,38.93912311688782,5.259986548837599,10.0528150813592,10.0528150813592,10.0528150813592,127.3123983559904,127.3123983559904,77.7415940709424,-2.9995767325,-0.699779166458332,0.022737729652777,0.006636899999999,3.27506684,3.214,4.6432,1.4292
mp-675620,Nd2PbS4,3,14,326.96101157766594,23.35435796983328,6.337657094779083,7.516916839501352,7.516916839501352,7.516916839501352,109.41234076898247,109.41234076898247,109.58904465269198,-6.134579456428571,-1.87764620142857,0.0324799125,0.0005978,4.8079337,4.7566,6.5487,1.7921
mp-1924816,CrF4,2,10,155.23329356122127,15.523329356122128,2.738225973972461,5.504768531778697,5.504883191930143,6.4677392180595845,116.03073735132284,115.17228909436972,89.87192430771508,-5.71889328,-2.257201886,0.349548404,3.9999796,-2.14076271,-3.4564,-2.1408,1.315599999999999
mp-1227554,BaTi4Bi4O15,4,24,309.5918963075903,12.899662346149595,7.534344001796595,20.55167808663465,20.55167808663465,20.55167808663465,169.1139194805003,169.1139194805003,15.418578493399531,-7.8219523625,-2.685265057430557,0.073209088958334,0.0107609,6.45397799,4.8515,6.454,1.6025
mp-37520,Ca(PrTe2)2,3,14,448.04300039857833,32.00307145704131,6.169298653432635,8.349507147886582,8.34946227160911,8.349648359334367,109.81926340412669,109.82133857736336,108.77490760351974,-25.684655658571423,-1.7539265619047582,0.020231117857154,0.0,5.65672994,5.0201,6.3029,1.2828
mp-1217888,TaO2F,3,4,62.14856535233808,15.53714133808452,6.19730913780293,3.88904,3.88904,4.109096,90.0,90.0,90.0,-9.26492954,-3.3457540580833323,0.069911341428575,0.0001423,0.38487916,0.2551,1.7678,1.5127000000000002
mp-1227965,BaBiClO2,4,5,115.86363201347204,23.172726402694405,5.92993076278909,7.48727852111994,7.48727852111994,7.48727852111994,148.246894438451,148.246894438451,45.521031620627575,-5.827996206,-2.317301394000001,0.091712287,0.0,2.22533673,2.0687,3.5931,1.5244
mp-1036900,Mg30NiSnO32,4,64,635.9680318683908,9.937000497943606,3.703851983704172,8.601647,8.601647,8.595518,90.0,90.0,90.0,-6.2802466746875,-2.889019156796874,0.0607667296875,2.0011948,6.8043496,6.8043,8.3544,1.5501
mp-1214680,Ba2V2CuClO7,5,26,456.5044015054165,17.557861596362173,4.2743049291639394,9.100735,9.100735,5.511782,90.0,90.0,90.0,-7.344436755769231,-2.529880418461537,0.068057230432699,0.0003172,2.93918524,2.9389000000000003,3.9784,1.0395
mp-1120780,AuCl,2,8,210.9773312035387,26.37216640044234,7.317217863458515,4.27236233,4.27236233,11.5584511,90.0,90.0,90.0,-28.62270271625,-0.2540031925,0.010198831250001,0.0,0.65743346,0.5214,2.4711,1.9497
mp-1031623,Mg6CrSnO8,4,16,177.62005963423044,11.101253727139405,4.155845862773418,9.13645781,4.40917239,4.40917239,90.0,90.0,90.0,-6.440931406250001,-2.5016109403125,0.264158363749998,4.2222225,6.48447466,6.249,7.644,1.395
mp-552292,SmBi2IO4,4,8,154.8759213201602,19.359490165020024,8.140188772695069,3.989438,3.989438,9.731067,90.0,90.0,90.0,-6.5241802287500015,-2.297366305000001,0.0,0.0007634,3.98259743,3.9354,5.2415,1.3061
mp-1232161,Mg(ScSe2)2,3,14,302.68516455668447,21.620368896906037,4.7186069271405255,7.326887632347789,7.326887632347789,7.326887632347789,110.08095421932713,110.08095421932713,108.25851729534996,-5.719781782142857,-1.679916905624999,0.162353409642856,0.0015015,4.0361807,4.0359,5.4629,1.427
mp-1223781,InGaAs2,3,4,106.428128666995,26.607032166748752,5.217211223276743,4.225001201355806,5.962148,4.225001201355806,90.0,90.0,90.0,-16.260547137499998,-0.401440061249998,0.015953370000001,1.8400000000000003e-05,4.52298806,3.2431,4.5232,1.2801
mp-1245856,AlInN2,3,8,104.47793031916136,13.05974128989517,5.397905906023322,5.725374996868764,4.745789412269575,9.277641904385456,90.00000065453307,144.1175575236583,114.48483280460482,-12.75504739,-0.862999876875001,0.035686542499998,0.0003146,7.71089598,6.0858,7.7111,1.6253000000000002
mp-866943,Ca2SnS4,3,28,741.5177936921814,26.48277834614933,2.9302358342385872,8.014463,8.014463,11.544436,90.0,90.0,90.0,-5.086577279642857,-1.57652549892857,0.101791747857143,0.0023778,2.35556302,2.2431,3.885,1.641899999999999
mp-568105,Ba2Zr6BCl17,4,26,698.6813820012848,26.87236084620326,3.411741742233204,9.739516840843184,9.739516840843184,9.739516840843184,105.29661025530984,105.29661025530984,118.18812071082074,-5.9105517423076925,-2.324829702660257,0.0,5.13e-05,2.52562088,2.4393,3.5276,1.0883
mp-11147,Na5CuSO2,4,9,171.9594898359751,19.10660998177501,2.342284852513859,4.577351,4.577351,8.207251,90.0,90.0,90.0,-4.075473327777778,-1.315347740488505,0.0,0.019271299999999,1.11843338,1.0159,2.5364,1.5205000000000002
mp-989189,SbBrO,3,6,129.01087892299554,21.50181315383259,5.603226364882284,3.835336,3.835336,8.770402,90.0,90.0,90.0,-4.992864541666667,-1.421561615,0.033617305166669,5e-07,3.78782927,3.7283,5.3304,1.6021
mp-5127,LiCuO,3,12,133.92240303969075,11.160200253307565,4.2894703998712185,3.813782925671613,6.225078868719455,6.22507822470259,84.61575660628812,72.16217267265385,72.16216113437557,-5.084976770833333,-1.432946590277778,0.0,0.0,2.605350559999999,2.4395,3.8771,1.4376
mp-3817,La2Au5F21,3,112,1944.235866065022,17.35924880415198,5.676613183410746,8.539883,8.539883,26.659077,90.0,90.0,90.0,-4.634853040267857,-2.262270037232142,0.0,0.0230238,-1.49823495,-1.5785,0.1346,1.7131
mp-726140,Ca2V3Co2AgO12,5,80,1009.3274188064998,12.616592735081248,4.2821619710580965,10.945075543303757,10.945075543303757,10.945075543303757,109.3946934975003,109.3946934975003,109.6243835617846,-7.536539609125,-2.149128551708334,0.163011632958345,0.0299644,3.17997153,2.193,4.1279,1.9349
mp-1036563,KMg14AlO16,4,32,322.1240736458353,10.066377301432354,3.414342272306243,8.575513,8.575513,4.380291,90.0,90.0,90.0,-6.212288661874999,-2.8725729792890613,0.149622768183594,0.006111099999999,5.77871959,5.7787,7.6426,1.8639
mp-1019596,CeZrO4,3,12,153.9370141936456,12.828084516137134,6.371692022283335,5.387651,5.387651,5.303275,90.0,90.0,90.0,-9.5402073575,-3.827458270833332,0.042938704999999,6e-07,4.12179345,3.985999999999999,5.9598,1.9738
mp-28153,Ca(AuF6)2,3,15,241.41027274108683,16.094018182739124,4.553507711608064,6.03423043,6.03423043,6.62997614,90.0,90.0,90.0,-11.300718974666667,-1.586015681333335,0.0,0.0,-3.41634627,-3.4692,-1.9393,1.5298999999999991
mp-510032,Ge3Os2,2,20,310.57061475773673,15.528530737886836,12.797519397605598,5.77819146,5.77819146,9.30200365,90.0,90.0,90.0,-29.5891941895,-0.071916101499999,0.012185919250001,0.0,5.94815367,5.7065,6.8586,1.1521
mp-1210728,Mg(AuF6)2,3,15,250.20503215005164,16.68033547667011,4.288770080559076,5.963199,5.963199,7.036188,90.0,90.0,90.0,-3.697025896666666,-1.620728395666666,0.045785989333332,0.0002292,-3.4776637900000003,-3.4777,-2.1322,1.3455
mp-1221107,Na8Ti3Fe(Si4O11)4,5,72,948.8219809583422,13.178083068865863,2.6893980008843963,8.054915,10.853302,10.853302,90.0,90.0,90.0,-7.845531886250001,-3.020453605847702,0.027127432123845,1.9985887,2.75493575,1.6745,2.7551,1.0806
mp-754851,Li2CoSnO4,4,32,323.28474671193146,10.102648334747858,5.24993013521183,5.961312964242441,8.068935219943274,8.068765360093575,111.3569751782232,68.32025618709764,111.682959438017,-6.3037355021875,-1.9596507111458328,0.026822169062497,9.6e-06,5.19877977,4.6364,5.7216000000000005,1.085199999999999
mp-557761,KBa4Sb3O,4,18,675.2276010181977,37.51264450101098,4.769357723959427,10.536405815793213,10.536405815793213,10.536405815793213,129.70994852252016,129.70994852252016,73.87088712143397,-4.358397231111111,-1.45370454136111,0.0,0.0018762,2.73597499,2.6834,3.7054,1.022
mp-754484,Li4TiV3O10,4,36,415.0433540441301,11.528982056781391,3.108280442831292,6.716806001771452,6.716776001798259,9.199618000053537,90.00035974730054,89.99984849550393,89.99737268906019,-7.752808694722223,-2.62711359787037,0.050168409722219,6.1306222,2.43172448,2.3411,3.6095,1.2684
mp-1032698,Mg6MnBO8,4,16,154.6394577169305,9.664966107308157,3.646393411866991,8.55229613,4.25225004,4.25225004,90.0,90.0,90.0,-6.516304616875,-2.440809917318605,0.436298342408405,4.8905964,5.79433813,5.626,6.723,1.096999999999999
mp-999295,PrN,2,4,73.79048439716705,18.44762109929176,6.972208740828422,3.713946,4.457408,4.457408,90.0,90.0,90.0,-20.5406015075,-1.274247987708332,0.271545837499999,0.0,4.11239184,4.1109,5.2385,1.1276
mp-770387,LiMnAlO4,4,28,266.08281349628527,9.502957624867332,3.815759194396207,5.748438000017049,5.748442000017048,8.052242000047254,90.0002747351986,89.9997181491979,90.00000000033984,-7.454640750714286,-2.510589606609196,0.062001283071424,11.9998977,3.02897289,2.9149000000000003,4.5466,1.6317
mp-28995,Cu4SiP8,3,26,421.329328713269,16.204974181279574,4.178131484329747,9.06175365083574,9.06177586871966,9.062527547572351,95.65932666829018,95.66107319285584,143.39181720137145,-9.723779190384615,-0.17165926029304,0.0,0.0,6.44996917,6.4293,7.6371,1.2078
mp-1247016,Si6Sb3N11,3,40,506.2906510939184,12.65726627734796,4.512149396775392,10.148547,10.148547,4.915777,90.0,90.0,90.0,-12.1953380879375,-0.6864484807500021,0.238211943249998,0.001884499999999,8.327952699999999,6.9607,8.328,1.367299999999999
mp-1036997,Mg30VFeO32,4,64,620.7020079997249,9.6984688749957,3.606028829210722,8.518835,8.518835,8.553084,90.0,90.0,90.0,-6.45210248625,-2.93955905046875,0.032771357083336,6.9995384,7.00663539,7.0122,8.1961,1.183899999999999
mp-4979,AlCuS2,3,8,146.42766229382923,18.303457786728654,3.50773727814024,5.286815988364829,5.286816070554619,6.43588437643278,114.25067215285132,114.25067899087892,89.99999907954215,-9.37487505,-0.963132853906248,0.0,0.0,5.20145593,5.0168,6.6924,1.6756
mp-755380,Ce2Dy2O7,3,11,160.87337455893217,14.624852232630197,7.403243605829144,3.845472,3.845472,10.878897,90.0,90.0,90.0,-8.939481331818182,-3.871628801666665,0.090942659999999,0.0079,3.44590534,3.4002,5.2009,1.8007
mp-707477,AsH12C4I3,4,200,3281.338380213533,16.406691901067667,2.610097668105365,15.276244,15.276244,14.061053,90.0,90.0,90.0,-4.564503574700001,-0.219099163575,0.065601829799998,0.001790599999999,0.78311687,-0.1355,1.6965,1.831999999999999
mp-1033127,YMg6AlO8,4,16,178.674600135655,11.167162508478436,3.621852113421781,9.08519757,4.43469975,4.43469975,90.0,90.0,90.0,-6.4644657325,-2.738142266249999,0.347301372260417,0.0002548,7.48671578,7.1083,9.0425,1.9342
mp-762454,LiCrO2,3,16,145.01817603549958,9.063636002218724,4.165067266311953,5.2440191267729945,5.738751000000697,5.26719518439055,89.999947416601,66.1878673375651,90.00001023033826,-7.735226844375,-2.370753757708333,0.037868095624999,0.0,3.96612023,3.0401,4.8123000000000005,1.772199999999999
mp-1227255,CaCeV2O8,4,12,171.19098836660086,14.26591569721674,3.977667952756905,6.079417171594904,6.079417171594904,6.079417171594904,106.24416570576568,106.24416570576568,116.1381803991196,-8.50315408,-3.028649919166666,0.0,0.0001379,0.96393949,0.988,2.5621,1.5741
mp-10086,YSF,3,6,97.1804471117442,16.196741185290698,4.783357557393636,3.77298504,3.77298504,6.82666712,90.0,90.0,90.0,-13.82330693,-3.332084884270834,0.0,0.0,4.28635563,4.1887,5.5019,1.3132
mp-555210,K4W2Cl10O,4,17,487.2561499008067,28.66212646475333,3.048750778588118,10.409737120167971,10.409737120167971,10.409737120167971,138.6538823249368,138.6538823249368,59.90300890696246,-4.994650263529412,-1.8255250661176472,0.01090432102941,3.999906799999999,0.51259017,0.4247,1.6087,1.184
mp-1095706,BaMg30SnO32,4,64,665.0128820220675,10.390826281594803,3.738432274569197,8.731862,8.731862,8.722005,90.0,90.0,90.0,-6.1934041153125,-2.862507249609375,0.134944416601562,0.0030477,6.43730229,6.4373000000000005,8.0844,1.647100000000001
mp-1220816,Nb2V3(Cu3S4)5,4,40,811.0227127496619,20.275567818741543,3.958006706194744,5.454294,5.454294,27.261888,90.0,90.0,90.0,-5.64340473425,-0.8511451694999991,0.001722689000001,8.180000000000002e-05,3.12320221,3.1461,4.2007,1.0546
mp-1038154,Mg30MnSnO32,4,64,638.9750889784307,9.98398576528798,3.676662178611206,8.614596,8.614596,8.610217,90.0,90.0,90.0,-6.352088701875,-2.908019330670797,0.054841521484374,5.0003271,6.6938096300000005,6.6937,8.5481,1.8544
mp-1036742,Mg30VCdO32,4,64,629.0802759392323,9.829379311550504,3.707316025057782,8.560096,8.560096,8.585168,90.0,90.0,90.0,-6.334756726718752,-2.939557213125,0.031092044453124,3.0053075,6.2934969800000005,6.2932,7.8375,1.5443
mp-35417,Li3TaO4,3,8,74.33590751956297,9.29198843994537,5.936820554652663,5.246661291382454,5.246661291382454,5.246661291382454,133.64953448745246,133.64953448745246,67.63591753393142,-7.458955427499999,-2.7857629071666663,0.0642091053125,7.510000000000001e-05,2.57152821,1.7697,3.3468,1.5771000000000002
mp-7090,NaMgSb,3,6,164.59947365719816,27.433245609533028,3.410971402850694,4.64915576,4.64915576,7.61518133,90.0,90.0,90.0,-2.923634650000001,-0.5565706387931041,0.0,0.0,3.3123485,3.1709,4.2068,1.0359
mp-10488,Cs2Ti(AgS2)2,4,18,522.7814447441749,29.043413596898606,4.178013146940504,6.109721,6.109721,14.004816,90.0,90.0,90.0,-4.773329093888889,-1.22367205344189,0.0,7.6e-05,2.1021276,2.0141,3.6194,1.6053000000000002
mp-559446,NaPPdS4,4,14,345.9457812599012,24.7104129471358,2.770976759804617,8.159620695286637,8.159620695286637,8.159620695286637,125.66205654925729,125.66205654925729,80.44428618248872,-4.919682133571428,-0.850158281574594,0.0,0.0003921,1.90949107,1.7826,2.9433,1.160699999999999
mp-1217927,TaTiFeO6,4,36,403.2440839907848,11.20122455529958,6.270094456250702,4.709406005255969,10.237880805319282,9.418762022133375,62.61917633363727,89.99493269587437,89.9993816916702,-9.358597335,-2.923018801740741,0.028988342499998,2.1e-06,2.57986466,2.5164,3.8448,1.3284
mp-1245416,Ge6Bi3N11,3,40,591.0275795273861,14.775689488184652,6.837701555143779,10.656557,10.656557,5.204439,90.0,90.0,90.0,-17.8885244781875,0.069222726749998,0.204037424750001,9.94e-05,4.03501167,4.0349,5.6519,1.617
mp-1034353,Mg14CrSnO16,4,32,330.04301686939067,10.313844277168458,3.858823762138458,8.7359856,8.7359856,4.32460782,90.0,90.0,90.0,-6.3677036509375,-2.753435662968749,0.148603574062499,4.0695691,7.10500928,6.8385,8.3956,1.5571000000000002
mp-764354,LiMnF5,3,28,344.22746331884656,12.29383797567309,3.026958078219434,5.472968,5.472968,11.492108,90.0,90.0,90.0,-5.554643566785715,-2.606043561966339,0.093854771726197,11.998839,-2.77990981,-2.867,-1.1567,1.7103000000000002
mp-1233449,MgTl2Pb16(Br9O4)2,5,45,1343.144530240601,29.84765622756891,6.570401844081991,8.44558435,12.61091278,12.61091278,90.0,90.0,90.0,-4.1217088504444455,-1.125609005148148,0.302349678888892,0.0,3.57899769,3.2788,4.6097,1.3309
mp-8299,Sr4As2O,3,7,192.89810551874788,27.556872216963985,4.4446981268313,4.8577481803506695,4.857749427081379,8.866808653845851,105.89819417706624,105.89820207982176,89.9999946931339,-4.709829844285715,-1.701555782857144,0.0,0.0,2.53445874,2.41,3.6024000000000003,1.192399999999999
mp-1078049,Zn(GaS2)2,3,7,144.86389679355452,20.694842399079217,3.81841496338286,5.19452392,5.19452392,5.36869414,90.0,90.0,90.0,-9.999570288571428,-0.8663840866071421,0.008626441428571,0.0,2.2145418,2.0867,4.0197,1.933
mp-866922,Ca2SnS4,3,7,221.0517744136577,31.57882491623682,2.457367755320897,7.534826786419578,7.534826786419578,7.534826786419578,133.5236289603813,133.5236289603813,67.83300824974864,-4.99454609,-1.484494309285713,0.193822937500001,0.0002024,1.08521984,1.0263,3.0263,2.0
mp-768440,Li3VS4,3,64,1191.837956387953,18.62246806856177,2.229487622856103,12.678182,12.678182,7.414865,90.0,90.0,90.0,-5.210581025,-1.290547834999999,0.069675938749998,0.0075682,2.52888232,1.8187,3.2552,1.436499999999999
mp-1224734,La20S29O,3,100,2485.5922763742137,24.855922763742136,4.975745416860309,15.053713666806347,15.053713666806347,15.053713666806347,62.17570403388146,62.17570403388146,93.81163947842896,-7.0214692493,-2.548416513949999,0.003380637149994,0.0,7.7794219,5.8982,7.7794,1.881199999999999
mp-1222747,LaTa2AgO7,4,11,167.3171571153744,15.21065064685222,7.15224182018637,11.287878625074022,11.287878625074022,11.287878625074022,160.05255550684504,160.05255550684504,28.35620127313476,-9.099201305454544,-3.085698859666666,0.052472312840917,6.85e-05,2.52309881,2.5162,4.0789,1.5627
mp-1035772,Mg14ZnCrO16,4,32,312.4586574271087,9.764333044597146,3.792723981447301,8.55300694,8.55300694,4.2712492300000005,90.0,90.0,90.0,-6.381437130937501,-2.853101275625,0.054492232890624,4.0000002,7.07574126,6.7719000000000005,8.4726,1.700699999999999
mp-1178787,VO2,2,48,575.2788160965843,11.984975335345505,3.830507350297454,8.607022,8.607022,7.765556,90.0,90.0,90.0,-8.766371071250001,-2.439761711250001,0.08270646541665,16.0263048,2.01213097,2.0042,3.2376,1.2334
mp-1205498,RbNdNb2O7,4,11,175.10048555743353,15.918225959766684,5.00264086841406,3.923874,3.923874,11.372534,90.0,90.0,90.0,-8.64964354181818,-3.141732758181817,0.06739511363636,0.002779599999999,2.59713643,1.3136,2.5972,1.283599999999999
mp-1021950,BaNb2(FeO3)4,4,38,459.5080795039128,12.092317881681916,5.337572990571687,8.448257088230742,8.448257088230742,8.448257088230742,106.27767155706412,106.27767155706412,116.0665430631976,-8.38602369736842,-2.313539385789473,0.108345046578946,39.9995356,2.92894152,2.9290000000000003,4.6635,1.7345000000000002
mp-755480,KRbO,3,6,154.5133752885188,25.75222921475313,3.02128542244726,4.790529,4.790529,6.732852999999999,90.0,90.0,90.0,-3.442891998333333,-1.089603731583333,0.093919473333333,0.0003473,0.59417664,0.5322,1.7767,1.2445
mp-1031965,YMg6CO8,4,16,169.69608652901996,10.606005408063748,3.666986837994255,8.90420106,4.36554465,4.36554465,90.0,90.0,90.0,-6.489069148125,-2.4199077559375,0.572453094414062,1.0000001,6.32148068,6.0826,7.2402,1.157599999999999
mp-554935,Pr8Sb2S15,3,100,2505.361342839515,25.053613428395156,4.909333371343124,15.010101131522532,15.010101131522532,15.010101131522532,116.37616551256528,116.37616551256528,96.40034599521536,-6.340476729899999,-1.993167136533331,0.0,0.000781399999999,5.35916889,3.5451,5.3591,1.8139999999999992
mp-35512,Dy5AgS8,3,14,290.03293747093943,20.716638390781387,6.738092749608367,7.2225768647077055,7.2225768647077055,7.2225768647077055,109.60710051291352,109.60710051291352,109.19980133979374,-6.319476981428571,-2.102762908571425,0.033804339464284,0.000450899999999,4.5313133,4.4834,6.2152,1.7318
mp-2565,S2N,2,24,598.3706195874307,24.93210914947628,1.73469804349237,11.868408,11.868408,4.248008,90.0,90.0,90.0,-8.091079224791667,0.307862483749999,0.307862483749999,0.0,1.14998021,1.0997,2.5405,1.4408
mp-16609,Si3Os2,2,20,280.89960044595483,14.04498002229774,10.988693496445045,5.62219928,5.62219928,8.88666177,90.0,90.0,90.0,-26.889847873,-0.431497576000003,0.036661808250002,0.0,9.09992816,8.8453,9.9508,1.105499999999999
mp-2831941,Na2CdSnS4,4,8,222.12645205745184,27.76580650718148,3.030332516015685,7.050909615625057,7.050909615625057,6.413356946701215,62.96253591439882,62.96253591439882,99.9590790086363,-4.0539871175,-1.028660310969826,0.0,0.0,0.80309728,0.7984,2.7485,1.9501
mp-1091416,SrCuTeF,4,8,168.63736303659007,21.07967037957376,5.864055453110362,4.276366,4.276366,9.221553,90.0,90.0,90.0,-15.71957206125,-2.085644728750001,0.018134295624999,3.24e-05,5.21447954,5.0636,6.5807,1.5171
mp-989194,SnBrCl,3,6,211.51600965866348,35.25266827644391,3.675158190900963,6.073206,6.073206,5.734654,90.0,90.0,90.0,-3.694004635,-1.195650905,0.092380801666665,5.55e-05,1.49685015,1.4568,2.6019,1.1451
mp-5760,NdSF,3,6,107.68882392888212,17.948137321480356,6.023136665432264,3.94220416,3.94220416,6.9293486,90.0,90.0,90.0,-16.880121536666667,-3.354096816770832,0.0,0.0,3.87236217,3.7902,5.0265,1.2363
mp-676156,Gd5AgS8,3,14,293.4207440910933,20.95862457793524,6.511740294780003,7.250557788080101,7.250557788080101,7.250557788080101,109.53375892198116,109.53375892198116,109.34621633056324,-9.715037217857144,-2.120556462261904,0.157558984285717,34.9998909,5.42466224,4.2845,5.4249,1.140399999999999
mp-3349,Sr3Ti2O7,3,12,155.59136359944824,12.965946966620686,5.022340116866562,3.908675994004703,3.9086761023356713,10.552604734207405,100.67402677448388,100.6740252883442,89.9944445086802,-8.117861359999972,-3.4925284151388603,0.0,0.0,2.91489648,2.7759,4.6164000000000005,1.8404999999999991
mp-9785,BaHo2PdO5,4,18,254.02534692435776,14.112519273575431,8.545100337205437,6.552544,6.552544,5.916395,90.0,90.0,90.0,-7.625539106666666,-3.066203472777775,0.019735465138891,0.0008338,3.25335607,3.205,5.1488,1.943799999999999
mp-1039838,NaMg30BO31,4,63,618.0663147412308,9.81057642446398,3.382332930025749,8.500884,8.500884,8.552772,90.0,90.0,90.0,-6.1977983579365095,-2.8593538475483493,0.11862961404976,0.0154764,6.42016308,6.4201,8.2864,1.8663
mp-6127,BaCu(Si2O5)2,4,64,936.5832003514176,14.6341125054909,3.35595185082066,7.521838,7.521838,16.553827,90.0,90.0,90.0,-7.837189437968751,-3.012247951718751,0.013273858645832,4.1083041,2.50166367,2.278299999999999,3.3315,1.0532
mp-1223442,KSnAuSe3,4,48,1486.3556362407762,30.96574242168284,5.287918987697528,8.557512,8.557512,20.296806,90.0,90.0,90.0,-3.9720669691666672,-0.821640634046874,0.0,0.0683497,1.7741183,1.527299999999999,2.9446,1.4172999999999991
mp-1038250,CsMg30MnO32,4,64,652.5144739589728,10.19553865560895,3.636498100605983,8.647358,8.647358,8.726162,90.0,90.0,90.0,-6.237191905937499,-2.841584945431034,0.120876429013671,4.0055291,4.61285963,4.6128,5.7545,1.1417
mp-774424,LiMnVO4,4,28,309.58851018707014,11.056732506681076,3.793596051466203,6.0856000022789045,6.085879002476635,8.35907300045035,90.00106441924058,89.9994527785782,90.00308804398335,-8.017150289642858,-2.310480539823482,0.061382225357135,19.9925531,2.10652212,2.0695,3.5181,1.448599999999999
mp-1523151,SrCaSmBiO6,5,20,312.3170769795243,15.615853848976217,6.199802277547508,5.98699321,5.98699321,8.71321038,90.0,90.0,90.0,-6.922256260999999,-2.7228148165,0.0834471815,1e-06,2.515552549999999,2.478,4.1088000000000005,1.630799999999999
mp-12954,CuBS2,3,8,112.25620366222348,14.032025457777936,4.097111183417321,4.984760566259418,4.984759920528812,5.73009074297018,115.78296174450448,115.78296291316131,90.00000227581505,-5.355558385,-0.592209918541666,0.0,0.0,6.42471159,6.2312,7.9737,1.742499999999999
mp-1213223,Fe5(GeO4)3,3,40,464.0824519406048,11.60206129851512,4.931624690335133,10.800751125674964,10.800751125674964,10.800751125674964,142.4875593778869,142.4875593778869,54.09505385193225,-7.62424590575,-1.8445098219999991,0.028958943124999,12.0,2.73307928,2.7331000000000003,4.4318,1.6987
mp-1210526,Na2HoNb5O15,4,46,630.0151319789767,13.695981129977756,4.825636024516982,12.650702,12.650702,3.936604,90.0,90.0,90.0,-8.749835676521739,-3.010398228815592,0.083431439347828,0.0010984,1.23175101,1.2253,3.1483,1.9229999999999992
mp-1037190,Mg30NiSnO32,4,64,634.5335980198607,9.914587469060324,3.712224953507426,8.586676,8.586676,8.606062,90.0,90.0,90.0,-6.279347671875,-2.888120153984374,0.0616657325,2.0001674,6.76551976,6.7654,8.5711,1.805699999999999
mp-22633,Pb3O4,2,28,525.7169093310843,18.77560390468158,8.662164587521179,6.64596849,8.89399404,8.89399404,90.0,90.0,90.0,-5.865521901428569,-1.44698115428571,0.0,0.0,3.49650984,3.4336,4.5666,1.133
mp-1038340,Mg30AlCoO32,4,64,614.1208539103477,9.595638342349185,3.588236643762526,8.501026,8.501026,8.497891,90.0,90.0,90.0,-6.38079476625,-2.972547185625,0.033644916367187,2.0009242,7.11883855,7.1186,8.3098,1.191199999999999
mp-1036956,Mg30SiNiO32,4,64,623.0485450087796,9.73513351576218,3.539123799311679,8.540295,8.540295,8.542326,90.0,90.0,90.0,-6.3131465998437495,-2.899798047968749,0.110158099531251,2.0010409,6.81780956,6.8178,8.6012,1.783399999999999
mp-1228472,Ba2NaLaTi4O12,5,20,251.13143054511195,12.556571527255596,5.422095921139744,8.876061070278526,8.876061070278526,8.876061070278526,143.04778762647425,143.04778762647425,53.253592946822806,-8.501064098499999,-3.447405203985631,0.024483822218776,0.0041281,3.66202816,3.662,5.442,1.78
mp-1223082,La4Cu4SeS3O4,5,16,276.8627633694465,17.303922710590406,6.291335512522653,5.677326,5.677326,8.589678,90.0,90.0,90.0,-6.831361275625,-2.3413110421777352,0.003570937187499,0.0015298,7.21223126,7.2121,8.8264,1.6142999999999992
mp-1180746,KMnF3,3,10,146.038551017863,14.6038551017863,3.434624555703165,5.912211119409218,5.912211119409218,5.912211119409218,120.04065156549278,120.04065156549278,89.92960383257213,-6.221487153,-3.014498725036206,0.001604433999998,9.9999993,0.90776526,0.6890000000000001,2.4295,1.7405
mp-1029498,Li6CrN4,3,22,205.8451791991688,9.356599054507672,2.414737682679257,6.4853,6.4853,4.894187,90.0,90.0,90.0,-5.7652148754545465,-0.8143334527272731,0.0,0.0006896,1.81322814,1.7475,3.1873,1.4398
mp-754475,Tm2SeO2,3,5,85.38337499082436,17.076674998164872,8.728808541985662,6.549448797495252,6.549448797495252,6.549448797495252,146.46606266509974,146.46606266509974,48.1550194713276,-7.944806224000001,-3.473438934468754,0.045072101999999,2.14e-05,3.42545655,3.3729,5.0507,1.6778
mp-549709,ErBi2ClO4,4,8,131.9521389723271,16.494017371540888,8.616169133742371,3.84189573,3.84189573,8.93974821,90.0,90.0,90.0,-6.724106044999999,-2.475584263749999,0.0,0.0,3.75316474,3.6611,5.038,1.3769
mp-14715,Pr2Au5F21,3,112,1883.7943064546123,16.819592021916183,5.87286653108811,8.456787,8.456787,26.34042,90.0,90.0,90.0,-4.594562029375,-2.232017286815476,0.0,0.0561182,-1.83687239,-2.1062,-0.4551,1.6510999999999991
mp-1204595,Gd4Si2S3O7,4,64,975.8609496778564,15.247827338716505,6.080629294564169,10.885081343249484,10.885081343249484,10.885081343249484,114.01304404091935,114.01304404091935,100.72589998737791,-10.380808645625,-3.243118321093749,0.040895426249997,111.9825004,5.34788565,4.1615,5.3481,1.186599999999999
mp-29313,Ta4P4S29,3,148,3577.536222266369,24.17254204234033,3.300290310376228,15.918452,15.918452,14.118299,90.0,90.0,90.0,-5.943558323986486,-0.8323654068352611,0.0,0.0034159,2.72753866,2.4621,3.6292,1.1671
mp-1030861,Mg6SiCO8,4,16,153.57293503677616,9.59830843979851,3.394339949398859,8.90787571,4.15212355,4.15212355,90.0,90.0,90.0,-6.25227282125,-2.2508472709375003,0.674049809062498,1.8e-06,7.95628122,7.5938,9.1925,1.598700000000001
mp-551250,ErBi2IO4,4,8,150.22841050683854,18.778551313354814,8.578807971338948,3.933569,3.933569,9.70909,90.0,90.0,90.0,-6.540157055,-2.332201546875,0.0,0.001495899999999,4.32241971,4.2246,5.5996,1.375
mp-1219593,RbNdTiNbO6F,6,11,168.49427697841992,15.31766154349272,4.7844661049290576,3.852741,3.852741,11.351298,90.0,90.0,90.0,-8.396009491818182,-3.364455222121212,0.043562876331174,0.0011275,1.19742844,1.0161,2.8684000000000003,1.8522999999999992
mp-1036805,BaMg30VO32,4,64,652.1988665468075,10.190607289793869,3.639339933213981,8.652201,8.652201,8.71218,90.0,90.0,90.0,-6.3291106128125,-2.918927275,0.08976426876953,3.003042,6.53101313,6.5309,7.6065,1.075599999999999
mp-37859,Sr(PrSe2)2,3,14,376.3383616366588,26.88131154547563,6.047358032156509,7.877713710902706,7.877713467369704,7.877714318435288,109.44792887067626,109.51780936793917,109.4479347163125,-20.98899163,-2.246160954226188,0.0,0.0,5.15659627,3.2547,5.1566,1.9019
mp-1033888,Mg14CrCdO16,4,32,322.29820654911094,10.071818954659715,3.919097515209055,8.58048129,8.58048129,4.37758504,90.0,90.0,90.0,-6.331186839375,-2.8122176534375,0.080960613124998,3.9999991,6.76529799,6.5969,8.5899,1.992999999999999
mp-1033242,Mg6GaBO8,4,16,155.92978103028656,9.74561131439291,3.773668450767793,8.66460097,4.24219132,4.24219132,90.0,90.0,90.0,-6.053065646875,-2.360940901666666,0.5105364251041681,1.9100000000000003e-05,6.78473211,6.416,7.6073,1.1913
mp-643245,K3MnH5,3,18,340.78342964506925,18.932412758059403,1.727596630907798,7.943112121615557,7.943112121615557,7.943112121615557,122.3636047760548,122.3636047760548,85.95265794653955,-3.449609258888889,-0.168280741770114,0.011153158007662,9.9992194,-0.46157731,-0.529,0.7473000000000001,1.2763
mp-33588,Ca2NF,3,8,125.85034496027096,15.73129312003387,2.986220383304854,6.257176615683546,6.257176615683546,6.257176615683546,133.7099247477753,133.7099247477753,67.54143117399548,-5.7999783325,-2.2341458625,0.030085143229166,8.140000000000001e-05,3.63711595,3.4725,5.1566,1.6841
mp-1211647,K2PrNb5O15,4,46,649.5929977967786,14.121586908625622,4.722092050712755,12.793864,12.793864,3.968605,90.0,90.0,90.0,-8.811346463695653,-3.081600760268117,0.014932683949279,0.0091301,1.17999394,1.1734,3.0713,1.8979
mp-752768,LiAgF4,3,12,150.43527657261197,12.536273047717664,4.212250369595147,6.394789094146186,6.394789094146186,6.394789094146186,129.83919404395343,129.83919404395343,73.66397048521122,-7.88320613250001,-1.8420902394444552,0.035737758333329,8e-07,-1.54008295,-2.0574,-0.9837,1.073699999999999
mp-28824,Na3CoO2,3,24,417.6094091567294,17.40039204819706,2.543260322627516,4.679122,9.447180077745104,9.447213122762609,90.00188613768778,90.0,90.0,-4.81176765,-1.302684139022988,0.030019481249997,3e-06,1.01303416,0.9251,2.2734,1.3483
mp-1195972,V3(H3O5)2,3,38,452.0131923832243,11.89508401008485,2.342806322506776,9.030915,9.030915,5.542269,90.0,90.0,90.0,-6.902655154473685,-1.792006370657895,0.055919113026306,2.0031653,-0.54178542,-0.519,1.0924,1.6114000000000002
mp-707190,K2SnBr6,3,18,600.1884705547169,33.343803919706495,3.742402389699459,7.35115126,7.35115126,11.10649257,90.0,90.0,90.0,-3.326098359444445,-1.537877191611111,0.006394619999999,0.0,-0.51383531,-0.5774,0.9794,1.5568
mp-5425,RbCuC2,3,8,206.5073244292575,25.813415553657187,2.782774996393646,4.931132,4.931132,8.49263,90.0,90.0,90.0,-5.60815529625,0.277271211875,0.29543083703125,0.0,-0.48686378,-0.5491,1.4051,1.9542
mp-1219602,Rb4InSbCl12,4,18,568.4322603868061,31.57957002148923,2.932610812495411,7.426778,7.426778,10.305708,90.0,90.0,90.0,-3.639275390555555,-1.80634067537037,0.0,0.0067182,-0.30437342,-0.3044,0.7292000000000001,1.033599999999999
mp-560711,Sm10S14O,3,100,2218.933864319169,22.18933864319169,5.892535715880439,14.499113255641118,14.499113255641118,14.499113255641118,117.89433710128442,117.89433710128442,93.68752737920072,-6.874565838500001,-2.4722702253,0.008085643950002,0.0148255,3.81912121,3.8151,5.7173,1.9021999999999992
mp-606393,NbBr3O,3,20,555.4137196249857,27.770685981249283,4.169097179610413,11.87544428,11.87544428,3.93837323,90.0,90.0,90.0,-5.8114676885000005,-1.819446558499999,3.51775000009269e-05,0.0,-0.635014299999999,-0.7101000000000001,1.2558,1.9659
mp-761282,DyWO4,3,12,154.65557593255318,12.887964661046098,8.811601019701241,6.693031798153284,6.693031798153284,6.693031798153284,133.58045415564376,133.58045415564376,67.7440382247385,-9.1514540425,-2.92339574611111,0.069352389791662,1.9999628,4.05536984,4.079,5.5313,1.4523
mp-28505,Ba(AlTe2)2,3,14,508.7963699644138,36.34259785460099,4.580157621476996,6.74162841,8.68739556,8.68739556,90.0,90.0,90.0,-4.280968996428569,-1.140490400238092,0.0,0.0,3.09254507,2.9873000000000003,4.5317,1.5444
mp-19000,VPO5,3,14,161.66123182371143,11.547230844550816,3.326235157056866,6.1894051,6.1894051,4.2199574,90.0,90.0,90.0,-8.085730014999998,-2.480132212091834,0.021643202142856,0.0,0.7456515300000001,0.628,2.0456,1.417599999999999
mp-1223309,La2MgZr2O8,4,13,166.7383647332691,12.826028056405317,6.100445954355353,5.519514,5.519514,6.722157889051253,65.76084332909917,65.76084332909917,90.0,-8.478635642307692,-3.233899217307692,0.541431153076919,0.000100499999999,5.27625618,5.2762,7.1068,1.8305999999999991
mp-29403,GaCuI4,3,6,227.90122774330152,37.98353795721692,4.669644442240902,6.369987331596716,6.369987546209573,7.199582774921159,116.25621990445492,116.25620727347231,89.99999462263702,-2.871509844999998,-0.6676176529166651,0.0,0.0,1.64638039,1.6449,3.0853,1.4404
mp-1226257,CrFeTeO6,4,18,191.1341112037606,10.618561733542256,5.758939766638671,4.57635,4.57635,9.126405,90.0,90.0,90.0,-7.460364301666666,-1.798793123518517,0.031869959166663,16.0043201,4.60371749,4.6036,6.1558,1.5522
mp-1035962,KYMg14O16,4,32,338.6936572041218,10.584176787628806,3.550906709491909,8.730965,8.730965,4.443064,90.0,90.0,90.0,-6.314547885625,-2.888472338351562,0.154470467812499,0.000380199999999,5.18274634,5.1826,7.0668,1.884199999999999
mp-1032299,Mg6VCoO8,4,16,157.06278347066674,9.816423966916672,4.056649522048058,8.62915593,4.26631076,4.26631076,90.0,90.0,90.0,-6.764936821875001,-2.665947389375,0.099251158593748,5.7776432,6.35622216,6.0737,7.5812,1.5075
mp-989191,SbOF,3,6,87.14509745220623,14.524182908701038,5.97400115022545,3.912252,3.912252,5.693631,90.0,90.0,90.0,-5.672403948333333,-2.008799074999999,0.191703172916668,2.6e-06,5.17864759,5.1042,6.9629,1.8587
mp-1521123,SrCaYBiO6,5,20,301.68892789815624,15.084446394907811,5.741709195240999,5.92319351,5.92319351,8.59899169,90.0,90.0,90.0,-7.146985773500001,-2.768493792500001,0.069222003000025,1e-07,2.55701253,2.5109,4.3326,1.8217
mp-32645,Sm2S3,2,40,916.0698632452549,22.90174658113137,5.755830554535628,14.047840527412069,14.047840527412069,14.047840527412069,144.80879738200974,144.80879738200974,50.61955136150703,-6.7210076917500015,-2.35113461025,0.015594954749999,0.0054116,3.86166093,3.833,5.6406,1.807599999999999
mp-23534,KSn2I5,3,16,651.5931036668055,40.72456897917535,4.643445678207307,10.247250443742018,10.247250443742018,10.247250443742018,127.83663048371008,127.83663048371008,76.8898300019286,-3.058254088125,-0.961932024656249,0.019912043854165,0.0091547,2.31488663,2.2898,3.7996,1.509799999999999
mp-1095707,Mg30CrSnO32,4,64,639.6341321961377,9.994283315564653,3.665236437693019,8.624768,8.624768,8.598779,90.0,90.0,90.0,-6.35426328140625,-2.902521532421874,0.06765267109375,4.0077872,6.6682165300000005,6.6681,8.2977,1.6296
mp-1036879,Mg30CrNiO32,4,64,615.9247987143153,9.623824979911175,3.644520278869491,8.52075,8.52075,8.483441,90.0,90.0,90.0,-6.4176608215625,-2.9382539971875,0.026172475703125,6.0002223,6.68747852,6.6874,8.3248,1.637399999999999
mp-1247239,Cs3Mo2N5,3,40,956.2732076549092,23.906830191372727,4.588653849844326,10.973502550113478,13.797419012071568,10.046617732359332,89.99946872535219,62.757731007777934,128.95270223350337,-7.160012282000001,-0.5493501163965531,0.021616935250001,0.0045404,3.46807639,1.914,3.4682,1.5542
mp-1223943,K5C4Br,3,10,311.6858334066376,31.16858334066376,1.7231515687271952,7.695284237077407,7.695284237077407,7.695284237077407,99.7655461619112,99.7655461619112,131.3583322044062,-2.988446461999999,1.433326110874999,1.8486714414625,5.9998939,-0.5924292800000001,-0.5925,0.5247,1.1172
mp-1202468,UP2H36C12Br2(N3O2)2,7,252,2928.488113756758,11.620984578399836,1.787813244175254,10.82576978,10.82576978,24.98767745,90.0,90.0,90.0,-5.72490511027778,-0.515134568123583,0.119740298214277,0.0004275,-0.83386565,-1.0844,0.4922,1.5766
mp-1221139,Na4TeSe,3,6,173.24970182868444,28.87495030478074,2.861203133113076,4.95158696,4.95158696,7.06616338,90.0,90.0,90.0,-10.184419488333331,-1.186835018177082,0.011854896666667,0.0,0.43586046,0.3453,2.2744,1.9291
mp-1032138,Mg6CrFeO8,4,16,158.74094341508882,9.921308963443051,3.992491085916234,8.55018673,4.3088034,4.3088034,90.0,90.0,90.0,-6.8175931625000015,-2.599494611875,0.158986013125002,7.5398765,7.38141413,7.0227,8.8663,1.8436
mp-23611,BaTa2Bi2O9,4,14,198.9609599375408,14.211497138395773,8.856651032724633,12.939761452833896,12.939761452833896,12.939761452833896,162.3573004035218,162.3573004035218,25.05115198207497,-8.351444809285715,-2.782548545690477,0.029877073749995,0.0026828,3.81645267,3.7638,5.34,1.5762
mp-1223690,KAgSnSe3,4,48,1406.344570397475,29.298845216614065,4.747142166946491,8.28800668,8.28800668,20.47347469,90.0,90.0,90.0,-3.896445037916663,-0.8178427564079821,0.0,0.0,1.69219685,1.4527,2.7418,1.2891
mp-1195582,La8Sb2S15,3,100,2564.341926855344,25.64341926855344,4.754928966575054,15.099356110948609,15.099356110948609,15.099356110948609,115.83762643526023,115.83762643526023,97.3745733340958,-6.505227304099999,-2.112946303799999,0.0,0.011636899999999,7.22930955,5.2934,7.2292,1.935799999999999
mp-1181782,CuReO4,3,48,750.3369599335266,15.632019998615135,5.554785716703551,10.54359316000954,10.54359316000954,10.54359316000954,97.92206173798218,97.92206173798218,136.41464750349502,-7.825663406041666,-1.769135923125,0.0,4e-07,1.22674424,1.2151,2.7104,1.495299999999999
mp-1217842,TaV(Cu3Se4)2,4,16,361.8082751528552,22.61301719705345,5.71328664191889,7.998321,7.998321,5.655628,90.0,90.0,90.0,-15.723795349999978,-0.582878706864562,0.001082792499998,0.0001238,2.76534198,2.7651,3.7886,1.0235
mp-1032498,KMg6FeO8,4,16,170.81753393012556,10.676095870632848,3.584845692901591,8.7794902,4.41094431,4.41094431,90.0,90.0,90.0,-6.114997201875,-2.429503510453125,0.282192607382811,4.9999997,3.77496963,3.4601,5.0857,1.6256
mp-683943,Na2MoC3SeN3,5,80,1324.4517854780163,16.555647318475202,2.998299133683499,12.24974447127584,12.24974447127584,12.24974447127584,101.87316783692027,101.87316783692027,126.05121436093148,-7.416847442000001,-0.443569010510238,0.075502535749994,0.001297,2.44234982,1.6098,3.2848,1.675
mp-7588,CdGeO3,3,80,996.4899421647862,12.456124277059828,6.213606936349901,10.898857622093198,10.898857622093198,10.898857622093198,109.12437034270246,109.12437034270246,110.16717080891355,-5.926822038875001,-1.841437826875,0.038764083874999,0.0100401,1.51844947,1.5083,2.8085,1.3002
mp-1218851,Sr2CaTi3O9,4,15,181.85067900619276,12.123378600412847,4.592271442087973,3.928258,3.928258,11.784602,90.0,90.0,90.0,-8.436846233333334,-3.529607489666667,0.02352975716667,0.000355599999999,3.31393818,3.3064,5.0863,1.7798999999999991
mp-1272925,BaYMn2O5,4,18,246.70276808542087,13.705709338078938,5.60155992230351,5.614208004940055,5.614208004969178,8.775874658216866,71.34951673465638,71.34949334652617,90.00346982017743,-8.496807365,-2.775484915095785,0.017265067847231,1.9997203,3.5935517,3.5404,4.745,1.2046
mp-555434,As2O5,2,28,344.2009996226572,12.292892843666328,4.435299509223556,4.63386665,8.61855183,8.61855183,90.0,90.0,90.0,-6.425992313214286,-1.557413728928571,9.635821428499729e-05,0.0,1.255598199999999,1.2033,2.8318000000000003,1.628499999999999
mp-1232119,Mg(ScS2)2,3,14,259.56756719127384,18.540540513662418,3.102407926799173,6.96104245217058,6.96104245217058,6.96104245217058,110.09133027838712,110.09133027838712,108.23799529725012,-6.312761072857143,-1.906332633571427,0.158426266428571,0.0008181,4.73998467,4.7398,6.5546,1.8148
mp-34034,Ba8P5Br,3,14,484.8368527314639,34.63120376653314,4.566781995836918,8.571907438812342,8.571913326848899,8.571907663020834,109.27463402788064,109.2746578083504,109.86505410140909,-4.347836052142854,-1.200256503443875,0.0,0.0,3.16513898,2.5047,3.8135,1.308799999999999
mp-1101024,TiZn2O4,3,28,473.568979689381,16.913177846049322,3.403803503754681,6.074403,6.074403,12.834414,90.0,90.0,90.0,-6.552552659285714,-2.237292194047619,0.289531063928571,7.9e-06,-0.38973876,-0.4977,1.3476,1.8453
mp-1025154,UTl2O4,3,7,130.41067782612998,18.63009683230428,9.05063716483972,4.331542182580791,4.331541512560391,7.596901905034354,106.59035884586883,106.59036904282772,89.9424153350338,-7.642721788571428,-2.5246934652380952,0.0,0.0,3.75852255,3.6999,5.2112,1.511299999999999
mp-6000,La2Ti3(AgO5)2,4,17,218.43262233998405,12.848977784704944,6.059928150982231,14.883293394995476,14.883293394995476,14.883293394995476,165.0829781714184,165.0829781714184,21.15630833880053,-8.282584349411765,-3.063526957254903,0.059718459999997,0.001783699999999,4.36985998,4.3137,5.9634,1.6497000000000002
mp-1032236,Mg6FeBO8,4,16,156.09923720360783,9.75620232522549,3.621941683836623,8.43851647,4.30097917,4.30097917,90.0,90.0,90.0,-6.442738994374999,-2.4104939249479163,0.434146445468749,3.4393025,7.17100749,6.819,8.7428,1.9238
mp-22264,CsSr2Nb3O10,4,16,250.63247421559288,15.664529638474557,4.948232957270384,3.999155,3.999155,15.67115,90.0,90.0,90.0,-8.407698396875,-3.152925964353448,0.001090062734375,0.0117389,1.39315993,1.3394,2.7817,1.4423
mp-1048023,CaMo4O9,3,28,393.6890313821165,14.060322549361304,4.790116769465491,8.804272,8.804272,5.078862,90.0,90.0,90.0,-8.323515839285715,-1.9006694560714288,0.334393785178569,16.0010502,3.91131267,3.8353,4.8682,1.032899999999999
mp-1025439,CsCuC2,3,8,224.8328480523056,28.1041060065382,3.256675231187702,4.936738,4.936738,9.225281,90.0,90.0,90.0,-5.58893023625,0.278357146336206,0.301228636314654,0.0001223,0.19309912,0.0195,1.7516,1.7321
mp-1038610,BaMg30CO32,4,64,644.5246206485398,10.070697197633434,3.58237248222324,8.649610000000001,8.649610000000001,8.614825,90.0,90.0,90.0,-6.2045809053125,-2.792099496015624,0.205230833046876,0.002208899999999,5.30096453,5.3008,7.1606,1.8598
mp-8959,CsK2PdF5,4,18,330.7841258696071,18.37689588164484,4.141648112461453,7.30129731,7.30129731,6.20504011,90.0,90.0,90.0,-4.515015265,-2.523919631572797,0.0,0.0,-1.20821372,-1.2722,0.5939,1.866099999999999
mp-1032519,KMg6FeO8,4,16,173.45213613444477,10.840758508402798,3.530394692325028,8.58564479,4.49472751,4.49472751,90.0,90.0,90.0,-6.119716176874999,-2.434222485453124,0.277473632382812,4.9991426,4.24326131,3.9478,5.4759,1.5281
mp-684712,Gd2S3,2,40,892.5105979941654,22.31276494985413,6.112869413449767,13.938204326570444,13.938204326570444,13.938204326570444,144.86089109615872,144.86089109615872,50.54187670419785,-24.49158207125,-2.312357614937497,0.022486311249998,111.981151,3.92923714,3.8218,4.9861,1.1643
mp-571297,AgN3,2,8,102.3079172644052,12.788489658050649,4.865613227821148,5.104494373506156,5.104494373506156,5.104494373506156,110.38819459457942,110.38819459457942,107.65243933443202,-11.540593603854166,0.644938685833334,0.644938685833334,4.01e-05,1.94757792,1.8501,3.4816000000000003,1.631499999999999
mp-675458,La2Te4Pb,3,14,464.5777440429828,33.184124574498775,7.115789657965622,8.450730800634167,8.450730800634167,8.450730800634167,109.55082906125384,109.55082906125384,109.3121208326239,-5.209331388571429,-1.4724906952380952,0.030446602678569,0.001836599999999,6.64408264,6.5085,7.7577,1.2492
mp-560785,K2Y4Sn2S11,4,76,2144.479112222627,28.216830423981936,3.171525001571357,8.699511,8.699511,28.335582,90.0,90.0,90.0,-6.049090241052632,-1.742267925631578,0.0,0.019660999999999,2.51201039,1.6274000000000002,3.4213,1.7939
mp-1520778,BaSrLaBiO6,5,10,169.24210385770118,16.924210385770117,6.562298071255168,6.16705231,6.230420653621941,6.16705231,60.33588077768491,90.0,119.66411922231508,-6.911138545999999,-2.6986174985,0.098634393000001,0.0,3.20013665,3.1563,5.1043,1.948
mp-1036968,Mg30CoBO32,4,64,610.4758939018551,9.538685842216486,3.565675831544844,8.457623,8.457623,8.534378,90.0,90.0,90.0,-6.33249699671875,-2.878408542018229,0.113823739192707,2.0000584,6.93551152,6.9355,8.0298,1.094299999999999
mp-769253,Dy2SeO2,3,5,89.55898875839917,17.911797751679835,8.083237973811574,6.659074586697464,6.659074586697464,6.659074586697464,146.50539920310467,146.50539920310467,48.09668187716457,-7.972645611999999,-3.446928703135414,0.042297293999999,0.0001991,3.37432524,3.3247,5.1345,1.8098
mp-28586,AgXeF9,3,22,350.1711053811447,15.916868426415668,3.889897377587423,11.234861132066207,11.234861132066207,11.234861132066207,150.16193050010753,150.16193050010753,42.70375856036188,-2.7908829559090917,-0.963266299242424,0.01894084388257,3.2800000000000004e-05,-3.52631088,-3.5798,-2.3792,1.2006
mp-863749,Rb2Hf2O5,3,9,146.5043280770728,16.278258675230312,6.890326276554248,4.03150368,4.03150368,9.01397468,90.0,90.0,90.0,-8.316697074444443,-3.137224715555555,0.0,0.0,1.947466809999999,1.8461,3.7873,1.9412
mp-569679,ZnSe,2,4,102.42632505078257,25.60658126269564,4.681030279805861,4.107702,4.107702,6.07035,90.0,90.0,90.0,-3.1693887975,-0.791561253671875,0.1599997775,6e-07,0.68539559,0.6373,2.6044,1.9671
mp-1223262,La6Sb4(SO4)3,4,50,922.6833055470552,18.453666110941104,5.790163945422656,10.923629430034827,10.923629430034827,10.923629430034827,119.92868606862312,119.92868606862312,90.1235637972171,-7.598027529200001,-2.881236617700001,0.0,0.0002439,8.3453657,6.3876,8.3455,1.957899999999999
mp-1178498,Cd(CoO2)2,3,14,167.03073630283717,11.930766878774085,5.851080202776116,6.28785278207418,6.135376276859472,6.289683787270469,59.11078489855053,89.91368417258232,59.12273366997787,-6.228180407142857,-1.225510742857142,0.09375066642857,9.499999999999994e-06,1.5899003,1.5846,2.8878,1.3032
mp-29051,WS9Cl4,3,112,3775.171548430243,33.70688882527003,2.161416023757217,18.240225,18.240225,11.346876,90.0,90.0,90.0,-4.956797596339285,-0.843306107589284,0.0,0.0434561,-0.40366729,-0.6566000000000001,0.5986,1.255199999999999
mp-27962,CI4,2,5,219.79398968328903,43.95879793665781,3.925783222986315,6.819910734039852,6.819910734039852,6.819910734039852,121.27612384899122,121.27612384899122,87.80354413645796,-2.835952014,0.229454606999999,0.229454606999999,0.0005694,1.04029954,0.9269,2.045,1.1181
mp-1735,BaC2,2,3,70.58919279106291,23.529730930354305,3.795557236735035,4.787541014125205,4.787541014125205,4.787541014125205,125.19202902448652,125.19202902448652,81.22020934951232,-6.6974582,0.096188543333333,0.159782247777778,0.0004405,0.39695293,0.3592,1.9752,1.616
mp-1120779,KInSe2,3,8,277.1242044847179,34.64052556058974,3.737070599782652,7.222490428644333,7.222490428644333,7.222490428644333,117.02835426984107,117.02835426984107,95.22903489072988,-3.82684167875,-1.106250073401041,0.026663669374999,3.6e-06,1.00498816,0.9602,2.5025,1.5423
mp-1035627,Mg14NbFeO16,4,32,317.5176448277944,9.922426400868574,3.896228086593918,8.59045498,8.59045498,4.30264517,90.0,90.0,90.0,-6.49769354375,-2.730028464374999,0.208159416830354,3.0000004,7.56439258,7.549,9.3355,1.786499999999999
mp-28978,Ba2S3,2,10,299.9588134462406,29.99588134462406,4.10595871636164,9.153482356348649,9.153482356348649,9.153482356348649,141.10880607791984,141.10880607791984,56.1735405674531,-5.169715571,-1.9196869674999992,0.063863152999999,0.0011439,2.63220566,2.574,3.8725,1.2985
mp-1179789,Rb2V3O8,3,26,449.98157935209446,17.306983821234404,3.334169035424588,8.89749741,8.89749741,5.68406447,90.0,90.0,90.0,-7.735824082307693,-2.443787590384617,0.008230377692307,1.9999996,-0.04821143,-0.0482,1.9425,1.9907
mp-556507,Sr2FeBrO3,4,28,492.9324665122417,17.604730946865775,4.837273342753482,5.620500035158615,5.620385344089228,16.101730717315515,79.93977338459881,79.96992267717509,89.97616969186313,-6.613424660357142,-2.565466526071428,0.0,0.0,3.04516351,2.8152,3.9783,1.1631
mp-546082,TmBi2ClO4,4,8,135.0120275152819,16.876503439410236,8.44149754336076,3.871369,3.871369,9.00831,90.0,90.0,90.0,-6.71928612625,-2.481416511250001,0.0,0.0,3.6916917,3.647199999999999,5.0673,1.4201
mp-1038543,Mg30CrBO32,4,64,621.235184246419,9.706799753850296,3.485378610673635,8.535352,8.535352,8.527332,90.0,90.0,90.0,-6.3704158590625,-2.876958173893229,0.12139028480469,3.002834,6.30471921,6.3046,7.5269,1.2223
mp-553082,PrBi2ClO4,4,8,144.60754212022087,18.07594276502761,7.559526182273299,3.972849,3.972849,9.161927,90.0,90.0,90.0,-6.66597599625,-2.388985133958334,0.0,1.8700000000000004e-05,3.40412933,3.3702,4.4946,1.1244
mp-1038038,LiMg30MnO32,4,64,616.5182957838791,9.633098371623111,3.509545080143731,8.519578,8.519578,8.493952,90.0,90.0,90.0,-6.39078745234375,-2.979540721582255,0.003865998046874,4.00358,4.45616936,4.4562,5.9865,1.5303
mp-1034815,Mg14CrSiO16,4,32,318.8933288182347,9.965416525569834,3.521843236872872,8.64805983,8.64805983,4.26391033,90.0,90.0,90.0,-6.4438424125,-2.7853323565625,0.196270768437498,3.999999599999999,7.16362739,6.8993,8.458,1.5587
mp-756408,Li3MnO3,3,28,276.8570480797165,9.887751717132732,2.969143283161038,3.471710890000084,8.930570270001372,8.929617170001421,90.00006345456698,90.00001899583155,90.0000006508498,-6.348498627857142,-2.100974783990147,0.016778587142858,0.0,0.39268664,0.3771,1.9292,1.5521
mp-1211225,KTlSe2,3,8,236.0551799652942,29.50689749566177,5.647349389187259,6.768564024112481,6.768564591080837,6.768714584500286,106.11769906588412,106.1177279714284,116.40992709905078,-3.495964391250002,-0.872298192567711,0.0,0.0,1.6136323300000002,1.6136,2.9712,1.3576
mp-29843,Bi2Se2Cl7,3,44,1267.2750687382377,28.801706107687213,4.319094537745362,10.975319,10.975319,10.520505,90.0,90.0,90.0,-17.959610584909083,-0.8055432908749931,0.004289670030303,0.0,0.8706405700000001,0.8118000000000001,1.9157,1.103899999999999
mp-1101022,TiO2,2,12,142.9188538508557,11.909904487571309,3.711764470869865,3.775111191853132,6.436283853182229,6.435361988575404,85.0656215891729,72.95773794522579,72.93842972577661,-9.391138871666666,-3.460667529444444,0.0473879225,0.0,1.71528878,1.6258,3.6226,1.9968
mp-19293,Sr2FeO3F,4,56,817.9589662499276,14.60641011160585,4.841085360725731,5.557613,5.557613,26.482252,90.0,90.0,90.0,-6.964810022321428,-2.877293910892856,0.012786934464287,40.0001703,4.27085692,3.2437,4.2708,1.0271
mp-37263,Ca(NdTe2)2,3,14,439.1587638312435,31.368483130803103,6.344535467033101,8.293914590087542,8.293914590087542,8.293914590087542,109.77016499381054,109.77016499381054,108.87497218889554,-25.69005641964286,-1.755312290357145,0.030162561785711,0.0013892,5.67242109,5.0435,6.317,1.2735
mp-8570,Ba3Zr2S7,3,48,1299.9122459952446,27.08150512490093,4.184248212763276,7.12790196,7.12790196,25.58530508,90.0,90.0,90.0,-6.4672450475,-2.149402541875,0.0,0.0,2.827465499999999,2.4796,3.4854,1.005799999999999
mp-1039816,Mg30SiCO32,4,64,617.7894585965688,9.652960290571388,3.443774342663305,8.46173,8.46173,8.628239,90.0,90.0,90.0,-6.31552486515625,-2.848256845078125,0.161699302421875,0.0099957,7.39565612,7.3954,8.4331,1.037699999999999
mp-1227484,BaZrTiPbO6,5,10,143.0975120879327,14.30975120879327,6.725989436996532,4.083733,4.083733,8.580595,90.0,90.0,90.0,-8.33242756,-3.156169491333332,0.03252199540625,5.2800000000000016e-05,4.96315819,3.4149000000000003,4.9631,1.5482
mp-561194,La10S14O,3,100,2421.4590613806618,24.214590613806617,5.085495543118654,14.929334125713812,14.929334125713812,14.929334125713812,117.9245380822825,117.9245380822825,93.63404172149222,-7.099062112900001,-2.609798111700001,0.0,0.012750099999999,8.00758125,6.105,8.0076,1.9025999999999992
mp-20805,PdPbF4,3,12,186.90074808032716,15.57506234002726,6.923125044480917,5.891105541645251,5.891105345612004,6.808453523710363,115.63469491146094,115.63470813415503,89.99999678806121,-17.268746650833332,-1.9771300641666647,0.0,9.4e-06,1.63651451,1.5518,2.6512,1.099399999999999
mp-1034304,Mg14NbSnO16,4,32,336.2081234012097,10.506503856287804,3.990120585480733,8.73158353,8.73158353,4.40983334,90.0,90.0,90.0,-6.3263865259375,-2.69811048890625,0.24007739229911,2.9985942,8.18584997,7.8283,9.2226,1.3943
mp-28130,Nb(PS4)2,3,44,1163.7093009347095,26.44793865760704,2.348017457703841,12.279502,12.279502,7.717613,90.0,90.0,90.0,-5.707612192727272,-0.7956636662987011,0.007316096136383,0.0008451,2.53417972,2.303,3.812599999999999,1.5096
mp-1033667,RbHfMg6O7,4,15,213.2455891025127,14.21637260683418,4.06311828421767,12.21291265,4.178596179999999,4.178596179999999,90.0,90.0,90.0,-6.280525189333333,-2.590107174166666,0.242521265916666,0.888887499999999,4.72826729,4.4826,5.5466,1.064
mp-776409,Li3MgNiO4,4,72,760.1529875286827,10.557680382342816,2.932778113771265,10.201674218619264,10.201674218619264,10.201674218619264,119.1477130361997,119.1477130361997,91.48265420848416,-5.623361667916667,-1.964559521805556,0.065446377762342,7.9989994,1.55340291,0.8823000000000001,2.1917,1.3094
mp-1039831,Mg30CdSiO32,4,64,635.0838244550748,9.923184757110544,3.612509118933433,8.594666,8.594666,8.597517,90.0,90.0,90.0,-6.228367455468749,-2.890333379999999,0.119622767500001,0.0055819,6.6286236800000005,6.6283,8.2491,1.6208
mp-1038688,BaSrMg30O32,4,64,671.0986036912773,10.485915682676207,3.627603228772183,8.689432,8.689432,8.88799,90.0,90.0,90.0,-6.1940776329687495,-2.899386138593749,0.133380778125,0.0041725,5.380993099999999,5.3809000000000005,7.2324,1.8515
mp-1227592,Bi3PbWClO8,5,14,225.7533816294903,16.125241544963593,8.690056640434067,3.883597,3.883597,14.968075,90.0,90.0,90.0,-6.799060042857143,-1.815266833571429,0.042494918214284,0.007138599999999,4.16399348,4.179,5.2574,1.078399999999999
mp-759533,NaMnO2,3,16,179.31109247181442,11.2069432794884,4.07197201142929,6.054235034900115,6.497881975909227,6.0542320349135945,62.29409919016584,90.1147385777162,62.29416932191938,-7.09504919,-1.995134669827586,0.030517345625,1e-07,2.78913165,2.7302,3.8978,1.1676
mp-2232241,MgNb2V2O10,4,15,249.726641030112,16.648442735340797,3.138494695549862,6.663509310000283,6.663509310000283,5.62417542,90.0,90.0,90.0,-8.669594126,-2.704227307,0.163656471000001,1.9999999,0.28777721,0.2818,1.7373,1.4555
mp-705341,Li3Mo4P9O32,4,96,1272.984056555272,13.260250589117415,3.118480963332162,14.023326,14.023326,6.473228,90.0,90.0,90.0,-7.853493609895833,-2.516339798891368,0.032838056631935,16.0062986,1.75657593,1.3934,3.2273,1.8339
mp-1037352,Mg30VZnO32,4,64,620.7693030262295,9.699520359784836,3.631221324637099,8.53048,8.53048,8.530673,90.0,90.0,90.0,-6.3643801553125,-2.96449730703125,0.012173968880207,2.9999652,6.11101649,6.1107,8.0368,1.9261
mp-29359,Na2PdCl4,3,28,676.6982908305749,24.16779610109196,2.887843875141044,9.55973209,9.55973209,7.40463468,90.0,90.0,90.0,-9.2317691875,-1.417687710357142,0.0,0.0,0.30256718,0.2727,1.4591,1.1864
mp-504768,CuN3,2,16,245.0443927579906,15.315274547374411,2.861467364107005,7.12569311687621,7.12569311687621,7.12569311687621,99.44674922201298,99.44674922201298,132.2013652441667,-9.2612360378125,0.297025965625,0.297025965625,0.0001107,1.44159893,1.4401000000000002,2.8254,1.3853
mp-2217111,La2MgMoO6,4,10,164.25730943142895,16.425730943142895,4.994561371430653,4.35564778601622,4.355627592128601,9.189007912388528,103.7030181588381,103.7029419230076,89.99381218309489,-8.153841132,-2.950251095499999,0.233990802249998,1.998651499999999,5.0186724,4.9699,6.896,1.9261
mp-773516,Li3NiO3,3,28,279.4747055740574,9.981239484787764,3.030585174811293,3.5976930011576864,8.79620600417481,8.831267007427531,90.00364668167194,89.99714290534578,89.99987553736446,-5.480642581428571,-1.716244253571428,0.023292737619048,3.9996789,0.61446144,0.5301,2.258,1.7279
mp-2759499,KCoF4,3,24,331.033870246379,13.79307792693246,3.491793632550049,5.75011506,7.58868557,7.58628821,90.0,90.0,90.0,-7.7897323525,-2.496964541458333,0.0,16.0000012,-0.28508474,-0.6968000000000001,0.4186,1.1154
mp-1209569,PNO4,3,12,198.51132346980583,16.54261028915049,1.823194024303422,6.936787289992969,6.936787289992969,6.936787289992969,96.44089926191629,96.44089926191629,140.86340518821325,-6.385398232499999,-0.794465684107142,0.8912765260416691,0.0,-1.7304579,-1.773,-0.0938,1.679199999999999
mp-28076,K3Mn2Cl7,3,12,320.0783664252779,26.673197202106493,2.466033406774005,5.009907050031145,5.009905938114,13.23558888259302,100.91109577457848,100.91109204579524,90.00059488840346,-9.431702799166668,-1.890991678976294,0.01566201375,9.999999,1.54488436,1.373,2.5509,1.1779
mp-601882,Fe(SbO2)2,3,28,485.9801506950927,17.356433953396166,4.966275207918223,8.572173,8.572173,6.613581,90.0,90.0,90.0,-6.823824968571428,-1.6067010099999992,0.101137559642854,15.9999949,3.76837215,3.5594,4.9532,1.393799999999999
mp-755322,BaNa6O4,3,22,361.8786077778055,16.449027626263884,3.113529296226795,8.03037028,8.03037028,5.61166541,90.0,90.0,90.0,-4.367427304999999,-1.661868793025077,0.018034260454546,0.0,0.7149548,0.6511,2.5246,1.8735
mp-754807,LiFeSbO4,4,28,332.0597693178486,11.85927747563745,4.971591209633714,6.2134470071577015,6.214710009374211,8.59929400354192,89.99679363854014,89.99975600939132,89.99452312618868,-6.849576020714285,-1.94960611547619,0.002275949642845,0.0,3.72824249,3.5459,4.9958,1.4499
mp-1220834,Nb2Bi3Pb2ClO11,5,19,307.971834630426,16.209043927917158,7.756722629754463,3.944293,3.944293,19.795782,90.0,90.0,90.0,-7.164806524210526,-2.134589629210527,0.056683453815796,0.0019892,4.81889289,3.6917,4.8189,1.1272
mp-5380,Ca4P2O,3,7,152.2721037833324,21.7531576833332,2.598231990220828,4.498459313348254,4.498460542449921,8.169460325560127,105.98119183831038,105.9811906103386,89.99999326015734,-5.170744518571427,-1.770557722040813,0.0,0.0,3.5526576,3.4133,4.6847,1.2714
mp-685120,Al2Se3,2,40,902.5439246550036,22.563598116375086,4.280844654738498,16.81001256387713,16.81001256387713,16.81001256387713,154.13841439499208,154.13841439499208,36.89845318740265,-12.26063035625,-0.9808548856874992,0.027968650749999,0.000203,3.8504115,3.8473,4.9719,1.124599999999999
mp-729075,Sn5C6S9(NO)2,5,96,2480.3231115205726,25.836699078339297,2.715997191928129,12.80308,12.80308,15.131408,90.0,90.0,90.0,-5.9417518853125,-0.139968049583333,0.501359836458331,0.001123399999999,1.4409737,0.6925,2.1756,1.4831
mp-1037343,Mg30ZnSiO32,4,64,625.52477336333,9.773824583802032,3.542941134060389,8.557616,8.557616,8.541594,90.0,90.0,90.0,-6.2568413396875,-2.91412392953125,0.09583221796875,0.0086695,6.70950455,6.7095,8.6622,1.9527
mp-1033073,Mg6AlBiO8,4,16,184.45085434338725,11.528178396461705,4.589414683434224,9.48618273,4.40955326,4.40955326,90.0,90.0,90.0,-6.014506090625,-2.45187369875,0.459658282656251,0.0,7.92767859,7.6144,8.951600000000001,1.337199999999999
mp-1094098,NaGaTe2,3,8,271.5036237281028,33.93795296601285,4.255727693247973,7.341129028497243,7.341129028497243,7.341129028497243,121.8441327807206,121.8441327807206,86.83448486918608,-3.4601416475,-0.79603450055316,0.0,0.0,1.793990089999999,1.7348,3.3134,1.5786
mp-1036693,SrMg30SnO32,4,64,657.0642299960259,10.266628593687903,3.658036910313359,8.669356,8.669356,8.74247,90.0,90.0,90.0,-6.22565521609375,-2.898298144921875,0.102436430820312,0.0006619,7.20678821,7.2067,8.2405,1.033800000000001
mp-1199490,MnH16C4S4(N4Cl)2,6,140,1865.91143006559,13.327938786182784,1.531853203233996,13.82257,13.82257,9.765926,90.0,90.0,90.0,-5.837623724785715,-0.484438152726601,0.047645181258941,20.1160496,1.09747801,0.8622000000000001,2.5056000000000003,1.643399999999999
mp-2961,MgSiP2,3,8,166.4438551295536,20.8054818911942,2.2814030052604397,5.71725605041923,5.717255875463966,6.501727760691443,116.08295841606838,116.08296575687064,89.99999467965566,-4.882946115,-0.411262341071428,0.0,0.0,4.14841178,4.0043,5.3771,1.3728
mp-1037482,Mg30ZnCoO32,4,64,618.2706988339593,9.660479669280614,3.66736003640654,8.523115,8.523115,8.511027,90.0,90.0,90.0,-6.29419530890625,-2.92478885671875,0.019336310742187,1.0072808,5.02298785,5.0229,6.422,1.399099999999999
mp-1220497,NbV(Cu3Se4)2,4,16,360.4323881509591,22.527024259434945,5.329482305929521,5.649579,5.649579,11.29254,90.0,90.0,90.0,-14.232042940000005,-0.5822361757812521,0.001737269374997,0.0003649,3.695646329999999,2.6861,3.6955,1.009399999999999
mp-37879,LiYSe2,3,8,185.8583818011672,23.2322977251459,4.534525310608034,7.02634935605432,7.02634935605432,7.02634935605432,132.34462295621466,132.34462295621466,69.68527398233913,-14.78434108875,-1.953484129947916,0.014986363749999,0.0,2.86479456,2.0321,3.6925,1.6604
mp-545359,KNa2CuO2,4,6,105.47669337065447,17.57944889510908,2.8435755621127363,6.2913861486000044,6.2913861486000044,6.2913861486000044,139.15754315154604,139.15754315154604,59.13471186310215,-4.303283638333333,-1.334960311668102,0.0,2.46e-05,1.46231882,1.43,2.9444,1.5144000000000002
mp-19460,Ba5Nd8Mn4O21,4,38,617.3120805117488,16.24505475030918,6.445957335709667,10.61288836974332,10.61288836974332,10.61288836974332,94.50344856725664,94.50344856725664,147.45421299821888,-8.12482620868421,-3.169686828861161,0.0,20.0000432,3.65650064,3.3111,5.2314,1.9202999999999992
mp-1079416,ZrTi(PbO3)2,4,10,142.12467780668408,14.212467780668408,7.588402081948216,4.02758,4.02758,8.761554,90.0,90.0,90.0,-8.123131773999999,-2.767506492333332,0.035868194406248,5.62e-05,4.41348178,4.2984,6.0521,1.7537
mp-775788,Hf2N2O,3,40,563.5990846950374,14.089977117375934,9.451601010823056,14.399281040469068,14.399281040469068,14.399281040469068,154.22856704629152,154.22856704629152,36.767471820060365,-10.754371426,-2.446592515,0.086948883749998,0.0009105,3.16098102,3.1048,4.4615,1.3567
mp-36086,Li3NbO4,3,8,74.68033136204856,9.33504142025607,3.951811515780362,5.213939769204953,5.213939769204953,5.213939769204953,132.89826131385513,132.89826131385513,68.81396752513612,-7.102365391249999,-2.649875683749999,0.0672211009375,0.0010275,2.08155276,1.5157,2.5943,1.0786
mp-571100,CsAgBr2,3,8,288.3239329295717,36.04049161619647,4.61412603237203,5.30711769,5.30711769,10.23677732,90.0,90.0,90.0,-3.107704022500002,-1.351501942830461,0.012572614062498,0.0,0.17879546,0.1062,1.9034,1.7972
mp-11919,Sr(BeN)2,3,10,119.03913309012724,11.903913309012726,3.728923975082449,5.481445569343172,5.481446996769823,5.481446067318855,92.70189862020656,118.4525122027276,118.452502364196,-6.367530039,-1.197968177,0.0,0.0,2.88008614,2.8782,4.4266,1.548399999999999
mp-1003854,KMnO2,3,16,221.3901031125307,13.83688144453317,3.781312336816018,7.044046798187034,7.044046798187034,7.044046798187034,125.90362038595264,125.90362038595264,80.04660422944674,-6.84205041375,-1.794723657545258,0.151309313541667,15.999967,1.70624318,1.504,2.8362,1.332199999999999
mp-764789,LiMn2OF3,4,28,353.91599804112127,12.639857072897188,3.562311330689514,6.276209290390897,6.278489899366009,8.981514251574787,90.15689272214848,90.07264204103546,90.01142350723111,-7.071798601785714,-2.654302661670771,0.102205434285716,7.230000000000002e-05,1.80676205,1.7656,3.135,1.369399999999999
mp-1037085,LiMg30CoO32,4,64,615.1784229588945,9.612162858732727,3.527972980586571,8.501903,8.501903,8.510769,90.0,90.0,90.0,-6.3223902628125,-2.942840384739583,0.014678197812499,0.0010331,3.81804351,3.8181,5.6913,1.8732
mp-33569,Sr(LaSe2)2,3,14,385.1035629350599,27.50739735250428,5.8751832997196765,7.938475369947462,7.938475216277148,7.938475492959817,109.29875270932266,109.8167155996442,109.29875146075462,-21.19914958642857,-2.358940671607143,0.0,0.0,6.6580186,4.6862,6.658,1.9718
mp-22987,BiIO,3,6,154.0010489653947,25.666841494232447,7.58848827566523,4.0042141,4.0042141,9.60481707,90.0,90.0,90.0,-4.788936188333333,-1.334933545,0.0,0.0,4.12884893,4.0875,5.5605,1.472999999999999
mp-9915,LiBeP,3,6,77.87865037435365,12.979775062392276,2.001165233695722,3.60554335,3.60554335,5.99069175,90.0,90.0,90.0,-4.2689903550000015,-0.581053935992063,0.0,0.0,4.38722932,4.1927,5.3512,1.1585
mp-1037154,Mg30CuBiO32,4,64,639.6834452772371,9.99505383245683,3.929266784371808,8.62648,8.62648,8.596029,90.0,90.0,90.0,-6.23078187359375,-2.867686661249999,0.060104121699218,0.0022684,7.30848568,7.3085,8.4392,1.130699999999999
mp-37449,Nd5AgS8,3,14,316.32714620078224,22.594796157198733,5.698778126953501,7.434653903807493,7.434653903807493,7.434653903807493,109.71737059195374,109.71737059195374,108.98003447194812,-18.735889666517856,-2.113159675446425,0.021471749196422,1.79e-05,5.84736655,4.1153,5.8475,1.732199999999999
mp-706,HgF,2,4,73.9382192262809,18.484554806570227,9.86323787350034,3.658953120831749,3.6589527733792937,6.0987490144059615,107.45615918002711,107.4561582495197,89.99998978946898,-27.560985235,-1.314067998750001,0.0,0.0,-1.1701719,-1.4059,0.3645,1.7704
mp-1035709,Mg14NbZnO16,4,32,319.2369317621344,9.9761541175667,3.9249924953350552,8.62748479,8.62748479,4.28888818,90.0,90.0,90.0,-6.345476634374999,-2.803132729999999,0.135504522605768,1.8334913,8.15246687,7.8168,8.8546,1.037799999999999
mp-38162,Sm5CuSe8,3,14,341.75887664151486,24.41134833153677,7.03081431855938,7.630092912458012,7.630092912458012,7.630092912458012,110.26834652227129,110.26834652227129,107.8884684333582,-21.47880438267854,-1.907097279285681,0.075615728392854,0.1255629,5.19151959,4.1099,5.1915,1.0816
mp-1216859,TiCrSbO6,4,36,401.5259599007324,11.153498886131452,5.254151818172359,6.61258472469805,6.612525327728432,9.182798000015737,89.99984701391011,90.00015298538942,89.99996323891409,-8.278491590833333,-2.5712352845370363,0.011281424722223,1.1400000000000004e-05,4.27554779,4.1539,5.799,1.6451
mp-19027,Na5CoSO2,4,18,329.8696451373659,18.32609139652033,2.395603058384899,6.410768269535262,6.41072838597083,8.026482125304087,90.05817856940025,90.042751333733,89.99778736639342,-4.369349784444444,-1.272089747155172,0.0224752375,0.0,1.11178693,1.047,2.4254,1.378399999999999
mp-1217929,TaNb(Cu3Te4)2,4,16,437.1859480933136,27.324121755832103,6.365592676901634,6.015298,8.525198966250112,8.525198966250112,90.0,90.0,90.0,-4.970246965625,-0.488376981291666,0.000143564374999,0.001464799999999,5.34215699,4.301,5.342,1.040999999999999
mp-1101629,Ba8Bi4O17,3,29,566.1010962379527,19.52072745648113,6.472386246154172,6.417933822896587,19.345375467884903,17.084022487054796,19.017106577323823,55.70159441878475,60.15647134709747,-6.304169076896551,-2.337711358103448,0.022675270229886,0.0047017,2.25741318,2.2573,3.59,1.3327
mp-8603,RbAgO,3,12,292.7343311663189,24.39452759719324,4.749830446430842,5.798611434676445,7.673778356585914,7.673781258489067,81.80097330948286,67.8049182141605,67.8049150229877,-3.923519339166667,-0.9997084205555552,0.0,0.0,0.17168123,0.0811,1.4985,1.4174
mp-27687,LiP7,2,64,1357.3671398103197,21.20886155953624,2.189873519980373,12.1012394129489,12.10103380026369,12.101035114093849,104.78652146833736,111.8628078210723,111.86281377083546,-8.3658560221875,-0.190700947499999,0.0,0.0,3.9000896,3.6419,5.3301,1.688199999999999
mp-1228963,AlAgSnSe4,4,7,198.2872589677156,28.32675128110223,4.768387617941063,6.896805493945802,6.896805493945802,6.896805493945802,127.91225860940597,127.91225860940597,76.76720879249307,-4.281377921428572,-0.769702025148809,0.0,1.6400000000000002e-05,2.05262524,1.9909,3.0981,1.1072
mp-2350391,PbS,2,4,204.085173951622,51.0212934879055,3.893559459289583,4.250104970827489,4.250104970827489,11.29827708,90.0,90.0,90.03442690719433,-4.6499734175,-0.7249510262499981,0.059099277499999,1.1e-06,0.47203186,0.4044,2.0789,1.6745
mp-1199734,CuH36S8N11O18,5,148,1470.0496882986783,9.93276816418026,1.803747013005606,12.49698723799056,12.49698723799056,12.49698723799056,114.60315331957489,114.60315331957489,99.63310017189016,-5.416786271689189,-0.819370954797297,0.192739589066736,0.000924799999999,1.75827524,1.6035,3.275,1.6715
mp-1095703,Mg30CdSnO32,4,64,644.9069288346469,10.076670763041358,3.790828599391579,8.63983,8.63983,8.639461,90.0,90.0,90.0,-6.19504259203125,-2.879129550546874,0.0706563359375,0.0043497,6.61982755,6.6195,8.261,1.641499999999998
mp-7206,TcAgO4,3,12,161.04572529180086,13.420477107650072,5.565161109707231,5.289607238104414,5.2882925853746,6.8650007544152665,112.65926389596976,112.65172663075992,89.99232612871951,-7.025207254999999,-1.525970481111109,0.0,0.0,0.49529364,0.4495,2.0529,1.6034000000000002
mp-9845,RbCaAs,3,6,210.8763566467437,35.146059441123946,3.157148146649461,5.15632712,5.15632712,7.93134729,90.0,90.0,90.0,-3.392463074999999,-0.8403775799999991,0.0,0.0,1.18464594,1.0392,2.3377,1.2985
mp-4524,ZnGeP2,3,8,158.90738908504878,19.863423635631097,4.179818738428334,5.442477519545148,5.442476870991153,6.602348364178498,114.34073209462082,114.3407370593062,90.00000606232584,-10.47178809375,-0.275104891488094,0.0,0.0,4.11855147,4.0752,5.2534,1.1782
mp-570140,AuBr,2,8,235.61002441714183,29.45125305214273,7.805345249695944,6.834616954095926,6.834617484692683,6.834617606241287,95.75875310439386,116.732788655204,116.7327570493882,-2.840589987500003,-0.385175720000003,0.017815373749996,0.0,0.14972865,0.0809,2.0525,1.9716
mp-10547,RbAuO,3,12,289.4054979924927,24.117124832707727,6.849364447527324,5.826713270705174,7.62603347057506,7.62603354255952,81.60798290259314,67.54064943187245,67.54065689637847,-4.135414735000002,-1.067955709166669,0.0,0.0,0.83919952,0.7765000000000001,2.2048,1.4283
mp-1222828,LaNb2AgO7,4,11,169.72954862058504,15.42995896550773,5.3278882506936185,11.305389708925032,11.305389708925032,11.305389708925032,159.95168909275256,159.95168909275256,28.50111804080697,-8.586455199090908,-2.893975026515151,0.055327346493511,0.0010822,2.06706412,2.0868,3.2418,1.154999999999999
mp-616218,Cd(In2I3)2,3,22,838.9605467339824,38.1345703060901,5.277199135992286,9.157849,9.157849,10.00356,90.0,90.0,90.0,-2.613715401363636,-0.6918262328787871,0.008229761848484,0.0020632,3.10084815,3.0216,4.5558,1.534199999999999
mp-558588,BaPt2S3,3,72,1646.1046991091691,22.862565265405127,7.549908175402657,11.14566158,11.14566158,13.2509114,90.0,90.0,90.0,-5.642201862499992,-1.229962742916658,0.0,0.0,4.53793565,3.8379,5.2028,1.3649
mp-1034825,Mg14CoBiO16,4,32,331.5825705050158,10.361955328281743,4.327714441840923,8.70409319,8.70409319,4.37667834,90.0,90.0,90.0,-6.220801913124999,-2.689007934374999,0.137517251367189,1.9999997,7.49858128,7.1883,9.0539,1.8656
mp-758680,Mn(Ni9O10)2,3,78,743.4339454742478,9.531204429157023,6.394401721918984,5.9530584517043,5.9530584517043,21.396072272684066,97.99667792493946,97.99667792493946,90.0,-6.672379620384615,-1.232284860587974,0.040933841153846,77.9998739,5.46062252,5.4607,6.7866,1.325899999999999
mp-796324,FeO2,2,12,153.9825826946548,12.831881891221236,3.789209379553044,7.357252990319688,7.357252990319688,7.357252990319688,92.32722072188238,92.32722072188238,156.74938994254725,-7.364731795,-1.2427507216666671,0.179825405833333,15.9913512,-0.23756113,-0.3381,0.8162,1.1543
mp-866637,KPPdS4,4,28,824.4380049058306,29.44421446092252,2.4552614099138133,8.7613,8.7613,10.740411,90.0,90.0,90.0,-4.96593157107143,-0.926457869913264,0.0,0.0005182,1.03246303,0.9273,2.4043,1.477
mp-2674749,Y2Mo2O7,3,22,270.6051568007284,12.30023440003311,5.9116457431881,7.262509604448216,7.251305025699811,7.269454750103998,59.95482480436153,59.891376375991214,60.107994204592536,-9.242018167727274,-2.937908144545456,0.0,5.05e-05,3.90213051,3.8714,5.5198,1.6484
mp-1200698,P4H36W(C6Cl)2,5,55,634.8608357040141,11.54292428552753,1.462262426510938,9.543304126157198,9.543304126157198,9.543304126157198,117.6212142634079,117.6212142634079,94.17205373883743,-5.172900854363636,-0.239902791337662,0.043099947796537,1.996801099999999,1.89573091,0.8601000000000001,1.8958,1.035699999999999
mp-1098707,CeSe2,2,24,2098.1904693038127,87.42460288765886,1.886960896995809,14.051716163360611,14.051716163360611,14.051716163360611,105.29403112118553,105.29403112118553,118.1937659121775,-5.700093020833333,-1.390502079062499,0.548626050416666,5.799999999999999e-06,-3.26603301,-3.2764,-2.2652,1.0112
mp-1212064,K2DyNb5O15,4,46,642.843150464224,13.974851097048347,4.883225107489015,12.750885,12.750885,3.953888,90.0,90.0,90.0,-8.786762760434783,-3.064716880050724,0.049112675905803,0.006316599999999,1.2205086,1.2329,3.0941,1.8612
mp-1032578,CsYMg6O8,4,16,209.47209189462455,13.092005743414036,3.92903783408025,9.43609996,4.7115827,4.7115827,90.0,90.0,90.0,-5.903245451875,-2.354271876853448,0.6580823481250001,0.429238499999999,5.6691388,5.2877,6.6294,1.3417
mp-20919,Rb3CrF7,3,22,376.0663024753428,17.09392283978831,3.897943251292992,8.03979291,8.03979291,5.81801311,90.0,90.0,90.0,-5.305886686363636,-2.943012476136363,0.005285914545456,4.0000001,-1.5458224,-1.6245,-0.1416,1.482899999999999
mp-1032500,LiMg6FeO8,4,16,153.49279341861228,9.593299588663267,3.641578444212012,8.55455023,4.23589713,4.23589713,90.0,90.0,90.0,-6.464620845624999,-2.730530082708332,0.034435981718748,5.0000013,4.39773695,4.0044,5.9437,1.939299999999999
mp-545529,NdBi2ClO4,4,8,143.79759823644335,17.97469977955542,7.640609667500461,3.960283,3.960283,9.168519,90.0,90.0,90.0,-6.68038856125,-2.4068132021875,0.0,0.0001103,3.42129155,3.3336,4.531,1.1973999999999991
mp-1033030,YMg6FeO8,4,16,173.2803355347263,10.830020970920394,4.01119885429135,8.861756250000001,4.42195929,4.42195929,90.0,90.0,90.0,-6.762371554375,-2.740770251874999,0.250321834648437,3.4440881,7.2057645,7.059,8.6468,1.5878
mp-17040,Cs3MnF7,3,22,432.8348127682584,19.674309671284476,4.501227547961872,8.34321917,8.34321917,6.21805958,90.0,90.0,90.0,-5.190618807272727,-2.892172022899687,0.003615391818181,5.9999995,-0.8460699500000001,-0.994,0.5555,1.5495
mp-36791,LiNdS2,3,8,180.26302662949723,22.532878328687158,3.966821757427882,6.934916909555659,6.934916909555659,6.934916909555659,132.05137858869907,132.05137858869907,70.14789209083901,-5.75658066375,-2.018614232708333,0.020528524062502,9.56e-05,2.87121458,2.0198,3.9553,1.935499999999999
mp-1024051,Na2Zn2Se3,3,28,718.4253900889094,25.65804964603248,3.824629381034523,7.778733,7.778733,11.873095,90.0,90.0,90.0,-3.264918727142857,-1.023395411398553,0.04690373142857,0.0012864,0.64457302,0.6434000000000001,2.0733,1.4299
mp-1194813,Rh2(Se3Br2)3,3,68,2019.5051024666448,29.6986044480389,4.591035628994768,15.51897934180029,15.51897934180029,15.51897934180029,132.0612944570744,132.0612944570744,70.13223617166018,-3.998550986764709,-0.703639325064342,0.0,0.0,0.69376481,0.5690000000000001,1.9489,1.3799
mp-1214726,Ba2FeBrO3,4,14,273.69002844777174,19.54928774626941,5.562446721887629,4.139055,4.139055,15.975578,90.0,90.0,90.0,-6.580182141428572,-2.4674963357142863,0.030990678571429,10.0402079,2.3148846,2.3053,3.7564,1.4511
mp-1008523,BC2N,3,4,24.250340802166004,6.062585200541501,3.344251290701053,2.568581,2.568581,3.675626,90.0,90.0,90.0,-8.80477767625,0.287616135937499,0.9941056325,0.0001645,9.25225716,9.1422,10.6638,1.521599999999999
mp-1217030,TiBi2(O2F)2,4,9,117.24108933455037,13.026787703838927,8.042325109413184,8.290154842352282,8.290154842352282,8.290154842352282,152.99929226681135,152.99929226681135,38.55577151201169,-6.910815388888889,-2.5446921214814813,0.111612156388885,1.89e-05,5.89785917,5.7809,6.8858,1.104899999999999
mp-1219689,Rb6CuAgO4,4,48,1203.0843787865158,25.064257891385747,4.130869746342962,9.144978,9.144978,14.385692,90.0,90.0,90.0,-3.893964209791666,-1.175864809513888,0.006972306718749,0.007067299999999,2.45246594,1.3177,2.4521,1.1344
mp-1223063,La2Ti3ZnO10,4,16,203.0621742892621,12.691385893078882,5.289323235555106,14.025169677320592,14.025169677320592,14.025169677320592,164.25679105183255,164.25679105183255,22.335443891899004,-8.70225281875,-3.433637573750001,0.049491722812501,0.0020225,4.2988047,4.2321,5.9654,1.733299999999999
mp-2221129,Sr4MgFe2(SO3)2,5,15,243.78079387789617,16.252052925193077,4.404394899772321,3.997142000117083,3.997389020419829,15.257153077805471,89.98844114666248,89.99911183172279,90.00017196146374,-6.398629754666667,-2.178444004666666,0.29601905066667,9.978512,2.93460904,2.911,4.1239,1.212899999999999
mp-549333,NdBi2IO4,4,8,157.148058983335,19.64350737291688,7.95784603368427,4.013028,4.013028,9.758086,90.0,90.0,90.0,-6.5093649325000005,-2.2763558465625,0.0,8.730000000000001e-05,4.06858632,3.9241,5.1895,1.265399999999999
mp-551830,SrTiO3,3,10,119.78460372892172,11.97846037289217,5.087203751701338,5.533921314506576,5.533921683353598,5.533925593272801,120.02786883098358,120.02787511443206,89.9517676624055,-8.437938167999999,-3.551577543666666,8.474800000080054e-05,0.0,3.30314719,3.2158,5.0028,1.786999999999999
mp-685041,Ho2Se3,2,40,976.286640582623,24.407166014565576,7.711628402808133,14.35324729060654,14.35324729060654,14.35324729060654,144.8263642887617,144.8263642887617,50.59335658585683,-23.860101826,-2.120628121437499,0.064302065500001,3.0000000000000004e-05,4.35046443,3.5109,5.169,1.658099999999999
mp-1037040,RbMg30CoO32,4,64,640.4866398303045,10.007603747348508,3.592158728281194,8.630054,8.630054,8.599695,90.0,90.0,90.0,-6.2177965365625,-2.852752733398437,0.085021856555169,0.0062818,3.98192395,3.9819,5.8549,1.872999999999999
mp-1184708,GeBr2,2,6,182.9497913073628,30.491631884560466,4.219616564684244,6.6857388,6.6857388,4.0929186,90.0,90.0,90.0,-3.5275973066666677,-0.895290331666667,0.032694527083332,0.0,1.09946214,1.0385,2.4644,1.4259
mp-1199056,RbGe,2,32,1114.3433498555898,34.82322968298718,3.7696701458228734,11.11021974,11.11021974,11.967311317623544,117.65782123531277,117.65782123531277,90.0,-2.980336136249999,-0.178555172499998,0.013162948593751,0.0,2.35525731,1.0687,2.3554,1.2867
mp-1031564,Mg6CdSnO8,4,16,184.43068327105985,11.52691770444124,4.546330777286602,9.0368112,4.51761257,4.51761257,90.0,90.0,90.0,-5.787194695625,-2.391189059687499,0.293026976249999,0.0,6.73248414,6.4289,8.3962,1.9673
mp-771900,Li3AlCoO4,4,72,763.6830555371329,10.606709104682402,2.9699513633165653,10.11567981508974,10.11567981508974,10.11567981508974,116.75850752635144,116.75850752635144,95.71256369884156,-6.316999507777778,-2.272821155555556,0.086543861064813,7.9998409,2.77880895,1.8145,3.7717,1.9572
mp-2226747,Na3MgSbS4,4,9,242.8833898553736,26.987043317263733,2.34702591169025,7.084568072445666,7.084567987877782,7.084568088214164,122.11123654099872,122.11123653489018,86.3805415478017,-3.986546997777777,-1.060522059904213,0.143037201944445,0.0,2.01349398,1.9998,3.4451,1.4453
mp-1211704,K3VO8,3,12,180.76082124837623,15.063401770698022,2.721298460386604,6.195121554686155,6.195121554686155,6.195121554686155,113.31360426274536,113.31360426274536,102.03287334336063,-5.624072789166667,-1.285597515979166,0.24807659625,7.52e-05,0.7090877800000001,0.7243,2.2196,1.495299999999999
mp-28242,Tl6SCl4,3,22,671.8564709024181,30.538930495564458,6.921264815456901,8.51277076,8.51277076,9.27117177,90.0,90.0,90.0,-3.428173953636365,-1.086319261590915,0.015671199292925,0.0,2.57845986,2.5045,4.3039,1.799399999999999
mp-14092,AlAgTe2,3,8,245.06077562489887,30.632596953112365,5.285977139432593,6.351812684878612,6.351812768772656,7.554261123915128,114.86063869838516,114.86063873968668,90.00000494522953,-20.1698675125,-0.439261488750002,0.0,0.0,3.47746818,3.3546,4.4015,1.0469
mp-549058,Ba2Fe2Se2OF2,5,18,362.96496522647385,20.164720290359657,5.473996335153289,4.265837487716216,4.265715099402092,19.946585164828917,89.99747917134147,89.99713969148387,90.00067606544312,-6.393753740555556,-2.333144739409721,0.003922526111109,0.0,2.71548869,2.617,4.427,1.8099999999999992
mp-1205948,FeAg3F6,3,10,172.6540862669964,17.26540862669964,4.745769107592107,6.145142060207478,6.145142060207478,6.145142060207478,115.9584400829031,115.9584400829031,97.1554527729009,-4.598113001,-1.749918151499999,0.046188945666667,5.0006598,-1.25236096,-1.3971,0.4001,1.7972
mp-13985,Li2PdF6,3,18,189.31807552875625,10.51767086270868,4.11003243090467,4.591323655864733,4.59474161,8.974144939490602,90.0,89.99784355978669,90.0,-7.45121756,-2.285658211481482,0.0,0.0,-1.85438678,-1.9335,-0.0468,1.8867
mp-1214415,Ca2P4PdO8,4,30,578.2257537004396,19.27419179001465,2.5183601025378213,9.147073400863524,9.147073400863524,9.140695853949904,114.07188878346015,114.07188878346015,100.64968679488682,-6.9347133393333324,-2.238935758571427,0.436453382803047,0.000217999999999,1.30266928,1.3025,3.0364,1.7339
mp-510226,U2CuAs2(H4O5)4,5,82,908.1354914798682,11.07482306682766,3.750510539077473,7.166104,7.166104,17.68416,90.0,90.0,90.0,-6.405965128902439,-1.7887906197560972,0.0,1.2436511,0.44765232,0.4475,1.5744,1.1269
mp-7908,Al2ZnTe4,3,7,216.63505529356985,30.94786504193855,4.827294159882309,6.032661658585765,6.032661346707323,7.323293348368161,114.32309610577224,114.323105527043,89.9999969722407,-3.751240675714285,-0.7049379838095231,0.0,0.0,3.5591303,3.5237,5.1488,1.625099999999999
mp-547125,TbBi2ClO4,4,8,138.72774010555338,17.340967513194173,8.09559497399554,3.905936,3.905936,9.093123,90.0,90.0,90.0,-6.72017934375,-2.462889460833334,0.0,0.0005175,3.60102528,3.5191,4.863,1.3439
mp-1200287,RbSi,2,32,1075.792051855408,33.618501620481496,2.804403553138623,10.97482996,10.97482996,11.83208390573673,117.63092055777892,117.63092055777892,90.0,-3.195127919218748,0.007798132031251,0.013411456406251,0.0,1.94423751,1.9193,3.0783,1.159
mp-675100,Nd2PbSe4,3,14,370.905144069833,26.493224576416644,7.266371615648349,7.839625027362151,7.839625027362151,7.839625027362151,109.41801807962467,109.41801807962467,109.57767822310998,-26.35627769392857,-1.732364408392856,0.024808688392855,0.000100499999999,5.7198980200000005,3.9444,5.7198,1.7754
mp-2215802,MgTiV2CrO10,5,15,232.0316423985497,15.468776159903316,2.762739441021645,6.505894,6.505894,5.481927,90.0,90.0,90.0,-8.228242792666666,-2.439814013222222,0.204253067777781,1.9999542,-0.07148437,-0.1146,1.4273,1.5419
mp-976802,KF2,2,6,120.93884935973416,20.156474893289023,2.117093666735462,4.94757198000607,4.947285420006071,4.94090774,90.0,90.0,90.00017950427122,-3.770486013333333,-2.117461189083333,0.0,1.9999993999999992,-4.11251049,-4.2387,-2.7931,1.445599999999999
mp-29033,P3BrCl14,3,18,520.8857642003841,28.93809801113245,2.133247819124936,9.019977268990926,9.019977268990926,9.019977268990926,119.74741490463995,119.74741490463995,90.43804982124864,-3.497923978333333,-1.066648072162698,0.002091455166667,0.0,0.53095956,0.4913,2.0596,1.5683
mp-1250278,Mg2V2(SiO4)3,4,76,817.485570882397,10.756389090557857,3.467326082616223,10.20290103253756,10.20290103253756,10.20290103253756,109.8902436599188,109.8902436599188,108.63638623987372,-8.011091432236842,-2.901605204868421,0.112272534254376,7.9997036,3.29658997,3.2966,5.0501,1.753499999999999
mp-560188,Ba4NaAuO8,4,14,252.8137958639296,18.058128275994967,5.89340669128411,8.482529401945683,8.482529401945683,8.482529401945683,139.718848828386,139.718848828386,58.2804362787682,-5.608990473571429,-1.903619717955664,0.187391431108632,0.000822199999999,2.75429545,2.7006,3.798499999999999,1.0979
mp-2901438,Mg(ScSe2)2,3,14,332.6685599608759,23.76203999720542,4.293319195501413,7.598099858192125,7.598099858192125,7.598099858192125,105.6252808064572,105.6252808064572,117.47170097217064,-13.784671497857143,-1.7543116094642852,0.074803090714285,0.0,3.13074208,2.7847,4.198,1.4133
mp-1033407,Mg6CrCdO8,4,16,168.6503960242004,10.540649751512523,4.314854109749911,8.66780488,4.41102094,4.41102094,90.0,90.0,90.0,-6.34277998375,-2.5940571218749997,0.153990241249999,3.8888891,6.74409689,6.441,8.1928,1.7518
mp-1079647,BaAgSeF,4,8,185.53016604624423,23.191270755780533,6.142612558392519,4.412943,4.412943,9.527038,90.0,90.0,90.0,-4.805982800000001,-2.263063682252604,0.0,1.69e-05,2.49357384,2.3159,3.5852,1.269299999999999
mp-758826,NaMn(HO)3,4,64,802.8995136520944,12.545304900813974,2.133529626685705,11.513482,11.513482,6.056864,90.0,90.0,90.0,-5.9339698343750005,-1.492330034132542,0.094068189218748,39.9917088,0.76343441,-0.1432,1.8045,1.9477
mp-1033159,Mg6AlVO8,4,16,159.85056591202434,9.99066036950152,3.653985761454856,8.8868299,4.24115022,4.24115022,90.0,90.0,90.0,-6.6303568725,-2.743107495625,0.216616033871529,3.8842475,8.74045494,8.3575,9.7187,1.3612
mp-542314,NdCuSO,4,8,131.4642510953574,16.433031386919676,6.463398253799101,3.942131,3.942131,8.459517,90.0,90.0,90.0,-6.74921738,-2.261039174999999,0.010671512890625,0.0010752,5.33915071,5.1031,6.7211,1.617999999999999
mp-703275,NaSr3NdTi5O15,5,50,601.6713651444168,12.033427302888336,5.019762685190099,20.16092063545157,20.16092063545157,20.16092063545157,164.27680126418386,164.27680126418386,22.30687113376153,-8.4797978024,-3.48443669682184,0.01429282084446,0.0005739,3.18324832,3.1263,5.042,1.915699999999999
mp-28517,Tl6SeI4,3,22,900.7064726007824,40.94120330003556,6.684428950343392,9.49784,9.49784,9.984667,90.0,90.0,90.0,-2.937561690909091,-0.772034905667617,0.001191443409091,0.0050704,2.59710771,2.4741,4.1595,1.6854
mp-761817,LiNbVO4,4,28,333.54839236562765,11.9124425844867,4.277176555856831,6.166880000070133,6.166761000047432,8.770740000033749,89.99994599577397,89.99968527231631,89.99955403308874,-8.511818023214285,-2.670964023690476,0.037311579732149,12.0072398,3.80492799,3.7486,5.0859,1.337299999999999
mp-1032999,Mg6AlCO8,4,16,152.7025363284816,9.5439085205301,3.401682709392964,8.83850988,4.15655565,4.15655565,90.0,90.0,90.0,-6.330099680625,-2.4336580178125,0.488203822734374,1.0000001,6.62116545,6.2716,8.2516,1.979999999999999
mp-2230282,MgCr4(WO6)2,4,19,210.68051189886563,11.08844799467714,6.242077924140278,4.772255000003876,4.77224000000681,9.25078200002162,90.0001951462659,90.00014635946391,90.000024011953,-8.837155169473686,-2.230078726578949,0.17910174105264,13.9999037,3.3166469,3.2069,4.9727,1.7657999999999991
mp-1220894,NaSr2NdTi4O12,5,20,239.84913618482304,11.992456809241151,5.025823357887196,5.51865,5.51865,7.875396999999999,90.0,90.0,90.0,-8.491656876,-3.469045650110632,0.016450674055565,0.0041005,3.13390182,3.1338,5.0525,1.9187
mp-770950,LiLa4MnO8,4,56,758.7376120935927,13.548885930242728,6.526237370231831,7.667123000008478,7.66690700081141,13.464533451393072,73.46028396104415,89.9999082981197,89.99983559381835,-8.374355226607143,-3.345879896697456,0.071133515454933,0.000766,6.98887486,6.9419,8.2646,1.322699999999999
mp-505138,K2PdSe10,3,52,1638.3481367770028,31.506694938019283,3.949648276373425,13.05287599313245,13.051829800716282,13.053643963051018,103.14083868667674,103.14029019501696,123.0549887110619,-3.655569861346154,-0.393897858879807,0.233411247716345,0.0,1.00633844,0.9842,2.0585,1.0743
mp-1200812,Na5CuS4(NO6)2,5,48,714.8552216809627,14.89281711835339,2.447229228467953,11.393387,11.393387,5.506966,90.0,90.0,90.0,-5.818788551458333,-1.510059844662355,0.328696194187879,0.0008145,2.07545556,2.098,3.3174,1.2194
mp-2230747,Na4MgTi2(GeO5)2,5,19,259.54778072634224,13.66040951191275,3.309411815101337,5.485109,6.878853,6.878853,90.0,90.0,90.0,-6.690783395263158,-2.400572715114942,0.217642291549699,0.0,2.35089611,2.326699999999999,4.1853,1.8585999999999991
mp-721324,Gd2(MoO4)3,3,34,588.8485279089374,17.319074350262866,4.479887009938853,7.4290869,7.4290869,10.66922114,90.0,90.0,90.0,-9.697911979705884,-2.6352809873529432,0.000597341176469,27.9999996,-0.51936357,-0.5272,0.7965,1.3237
mp-546152,SmBi2ClO4,4,8,141.1246797216788,17.64058496520985,7.857310992273154,3.937122,3.937122,9.104272,90.0,90.0,90.0,-6.699184021250001,-2.431803824375001,0.0,9e-06,3.49372382,3.3693,4.587,1.217699999999999
mp-695476,NaSr8LaTi10O30,5,50,605.9220597829063,12.118441195658129,4.991869634194961,5.551763,5.551763,19.658706,90.0,90.0,90.0,-8.4677284388,-3.523510380394252,0.007029822395029,0.000142099999999,3.61697341,3.5245,5.3267,1.8021999999999991
mp-1222542,LiIn2CuTe4,4,8,259.11144652818257,32.38893081602282,5.194309722366674,7.803922163607285,7.803922163607285,7.803922163607285,131.75638925536248,131.75638925536248,70.61405675943516,-3.66557702375,-0.6531144491666661,0.005066375,0.001935699999999,3.69086016,3.6908,4.7485,1.0577
mp-4961,Na2HgO2,3,5,76.23003578649424,15.246007157298848,6.068127925222486,3.380091936431577,3.3800913536419315,7.087368294560475,103.79560307112448,103.79560384748862,89.99999479948873,-3.914587437999999,-1.336780317051725,0.0,0.0,0.69060179,0.6679,2.3153,1.6474000000000002
mp-1036160,SrMg14MnO16,4,32,332.86131237506174,10.40191601172068,3.685729898417233,8.684013,8.684013,4.413899,90.0,90.0,90.0,-6.4100649565625,-2.883552466810344,0.0942301378125,5.0006335,5.32354612,5.3235,7.2213,1.8978
mp-549475,TbBi2BrO4,4,8,143.13549821385254,17.891937276731568,8.361980309129768,3.924939,3.924939,9.291408,90.0,90.0,90.0,-6.642979678750001,-2.412139328958334,0.0,4.8e-06,3.63791264,3.519,4.8136,1.2946
mp-1227817,BaSr2In2O6,4,11,184.60466070038575,16.782241881853253,5.740673241726368,10.918726004823364,10.918726004823364,10.918726004823364,157.86914573907535,157.86914573907535,31.49872478961381,-6.216873954545455,-2.534151714848485,0.044860575909098,0.0015672,3.00852886,3.0292,4.0467,1.0175
mp-1033614,RbMg6CrO8,4,16,179.10589451909493,11.194118407443431,3.813172202123932,8.84299373,4.50044316,4.50044316,90.0,90.0,90.0,-6.116306401875001,-2.366300797343751,0.412441176249998,2.999999899999999,4.40636822,4.0979,5.1104,1.0125
mp-557726,Gd2Au5F21,3,112,1820.4517227746703,16.254033239059556,6.196467216147256,8.33837814,8.33837814,26.1827943,90.0,90.0,90.0,-5.2314623623214285,-2.206013992499999,0.0,55.9999487,0.12181104,-1.4288,0.122,1.5508000000000002
mp-1038639,BaMg30CrO32,4,64,651.9378137363642,10.18652833963069,3.643483371990571,8.644614,8.644614,8.723986,90.0,90.0,90.0,-6.33196138125,-2.9128852090625,0.089257874231773,4.0057062,6.08303038,6.0829,7.629,1.5460999999999991
mp-1018089,CaZnSe2,3,4,114.44767401454617,28.611918503636534,3.821813048470635,4.24652648,4.24652648,6.346573259999999,90.0,90.0,90.0,-3.965686735,-1.401395123671875,0.20354428,0.0,0.6152324,0.5787,2.0978,1.5191
mp-8136,ThSO,3,6,107.0206249745882,17.836770829098032,8.692176439657416,3.97421556,3.97421556,6.77586343,90.0,90.0,90.0,-8.930200126666668,-3.4304611374999983,0.0,0.0,6.58572256,6.4561,7.5706,1.114499999999999
mp-567809,AgI,2,4,132.86355251753565,33.21588812938391,5.868414368244994,4.47138773,4.47138773,6.6454011,90.0,90.0,90.0,-2.64481597,-0.461340823333332,0.006419075,0.0,1.53284226,1.4389,3.0375,1.5986
mp-2657,TiO2,2,12,125.22506013556853,10.435421677964042,4.236221754389662,5.469502059965008,5.469505352954807,5.469505255712971,114.49126057973577,107.01845594765264,107.02372476871513,-9.39488809,-3.464416747777778,0.043638704166665,0.0,3.2964511,3.2016,4.9826,1.780999999999999
mp-35777,Mg(InTe2)2,3,7,252.40482121990803,36.057831602844,5.028501771756185,6.286889227432605,6.286889227432605,7.783137770820322,113.83416500956612,113.83416500956612,90.03913641852871,-3.531449541428575,-0.71401510214286,0.004781954285715,0.0,3.49653465,3.4588,4.5035,1.044699999999999
mp-1228907,AlGa(CuS2)2,4,8,151.4645086231851,18.93306357789814,3.859674066956857,5.360853,5.360853,6.492027418163604,65.61414133953895,65.61414133953895,90.0,-9.83011823125,-0.8295413326562511,0.001452938124998,0.000121,5.72767135,4.5842,5.7271,1.1429
mp-7714,Li4UO5,3,10,98.449544217735,9.8449544217735,5.832405410848618,4.424893253615375,5.209984936405841,5.20998478133727,79.61089638981055,64.87116763810754,64.87115934425636,-7.260546774000001,-2.893856123833333,0.0,0.0,2.80570347,2.7638,4.4949,1.7311
mp-1204444,Ba5Cr3F18,3,208,3435.170061257627,16.515240679123206,4.58100299175615,15.64733668,16.755501531621658,16.755501531621658,77.40695053454672,62.16471487797357,62.16471487797357,-6.499523704855769,-3.691702171778845,0.000498510336542,80.0000227,2.01627489,1.6777000000000002,3.1108,1.4330999999999992
mp-16060,AgAuF4,3,12,175.11537153700115,14.59294762808343,7.222443125335128,5.714471851827884,5.714471489893221,6.714509629824516,115.18432159040334,115.18431692321155,89.99999814099215,-15.328661905,-1.254503722499999,0.0,0.0,-0.63589991,-0.8,0.2268,1.0268
mp-27649,BaU2O7,3,20,307.2022877797094,15.36011438898547,7.841887287820436,7.844260037985869,7.844260037985869,7.844260037985869,125.6862455151298,125.6862455151298,80.40443122315715,-9.5520521545,-3.638299954999999,0.007425858250007,0.0,3.22784278,3.1951,4.9178,1.722699999999999
mp-12927,Ba(BeN)2,3,10,135.9728937457125,13.59728937457125,4.478603722728969,5.83220745829742,5.83220745829742,5.83220745829742,121.91483820426396,121.91483820426396,86.71421375258208,-6.322834987999999,-1.107963756,0.0,0.0,3.02258281,2.6395,3.8185,1.178999999999999
mp-1209316,Rb2Ti(AgS2)2,4,18,492.75126451057815,27.37507025058768,3.79319057484976,6.034007,6.034007,13.533687,90.0,90.0,90.0,-4.773706643333333,-1.207925935740739,0.0,0.0003407,1.76571068,1.7118,3.3112,1.5994000000000002
mp-21445,Ba3In2O5F2,4,12,209.31008283390827,17.442506902825688,6.026290766124467,4.248654,4.248654,11.978308526410688,100.21531623897012,100.21531623897012,90.0,-6.157506824166666,-2.8372749840277773,0.020119398750003,0.0,2.97466774,2.9282,4.5151,1.5869
mp-662553,B2Pb2S5,3,72,1474.043157062704,20.47282162587089,5.374374480177234,9.70579333,9.70579333,15.64761385,90.0,90.0,90.0,-5.375388840555557,-0.7674925912037031,0.0,0.0,5.44605679,4.5882000000000005,6.3246,1.7364000000000002
mp-1034435,BaMg14CrO16,4,32,347.27428609753224,10.852321440547884,3.756373978866933,8.72278035,8.72278035,4.5641799,90.0,90.0,90.0,-6.30920213375,-2.760265299375,0.205711697213539,3.9999995,6.75877968,6.4971,8.0703,1.5732
mp-21228,SrCuSeF,4,8,149.17802514450815,18.64725314306352,5.546135948056412,4.093813,4.093813,8.901206,90.0,90.0,90.0,-13.082817939687498,-2.225306626953122,0.000477161562498,0.0003915,4.12801483,4.035,5.2339,1.1989
mp-1025276,Sm2AlNO3,4,7,84.89192040825259,12.12741720117894,7.622901716544812,6.742769957193631,6.742769957193631,6.742769957193631,148.19021007295242,148.19021007295242,45.60465562531069,-8.31232139,-3.11733441,0.093633236607143,0.0003166,5.22770319,5.1627,6.168,1.0053
mp-1228888,AlGaP2,3,4,81.51786118779647,20.37946529694912,3.231781895467688,3.86549234,3.86549234,5.45560781,90.0,90.0,90.0,-9.664467465,-0.619710738988095,0.00337172,0.0,4.07928754,3.8956,5.53,1.6344
mp-1031872,CaMg6NbO8,4,16,172.5180435621757,10.782377722635982,3.9156669430561823,8.86646078,4.41105135,4.41105135,90.0,90.0,90.0,-6.547526109375,-2.70543779375,0.289808508333335,2.555581,7.92980047,7.6263,8.8348,1.2085
mp-1404968,CaCu2F8,3,11,143.96794240417654,13.087994764016049,3.681187857840044,6.33907159253479,6.33907159253479,6.33907159253479,130.4888152407078,130.4888152407078,72.62651318114696,-7.147404967272727,-2.261940485454545,0.0,0.0,-2.12903256,-2.2612,-1.0473,1.2139
mp-1016197,MgSiAs2,3,8,187.03667895849475,23.379584869811843,3.590920896404339,5.91231198,5.91231198,6.790280118268543,115.80763768579892,115.80763768579892,90.0,-4.39634083875,-0.297332561249999,0.0,0.0,3.34683907,3.2038,4.507,1.303199999999999
mp-239,BaS3,2,8,203.75848204461352,25.46981025557669,3.80619643432229,4.21601149,6.9519550500000005,6.9519550500000005,90.0,90.0,90.0,-5.01708457,-1.4342925506249982,0.0,0.0,3.4986224,3.4046,4.7959,1.391299999999999
mp-974307,NdCuTeO,4,8,159.91525495925617,19.989406869907015,7.29752149486508,4.122932,4.122932,9.407572,90.0,90.0,90.0,-6.3142991875,-2.074643937291666,0.021419114374999,0.0003141,5.86802003,5.7963000000000005,7.272299999999999,1.476
mp-559933,Ba3In2Cl2O5,4,12,235.91745759628125,19.65978813302344,5.578266375326418,4.301208,4.301208,13.109704887384307,99.44186059616142,99.44186059616142,90.0,-5.888422031666667,-2.579075120694444,0.00497926916667,0.0,2.93125275,2.8712,4.2948,1.4236
mp-971712,ZnCdS2,3,4,89.42935917905643,22.35733979476411,4.492567439284081,3.95435425,3.95435425,5.7191168900000005,90.0,90.0,90.0,-12.12040641,-0.8494902226562481,0.020163146607144,0.0,1.48600633,1.3942,2.7628,1.368599999999999
mp-559978,CuAs2S8N8(OF7)4,6,102,1514.9688617266945,14.85263589928132,2.582198313320506,12.90929211647432,12.90929211647432,12.90929211647432,120.26954389938332,120.26954389938332,89.53376687199943,-5.125105162549019,-1.465799948529412,0.243583645679272,2.0415059,-0.43363992,-0.6299,0.5367000000000001,1.166599999999999
mp-1033433,SrMg6NbO8,4,16,179.95812925632325,11.247383078520205,4.192467168220049,8.92237953,4.49102413,4.49102413,90.0,90.0,90.0,-6.45197858625,-2.6294635075,0.342410471874997,1.1095444,7.01437082,6.6767,8.1858,1.5091
mp-9760,BaTb2PdO5,4,18,259.2960338733176,14.40533521518431,8.21758087355874,6.611646,6.611646,5.931666,90.0,90.0,90.0,-7.624605809444445,-3.056340362592593,0.00438836902778,0.000646299999999,3.14574734,3.0451,4.8803,1.8352
mp-29362,GaCuCl4,3,12,297.32681933848096,24.777234944873413,3.072597002824603,5.41123001,5.41123001,10.15411543,90.0,90.0,90.0,-8.841747101666668,-1.025192511666667,0.0,0.0,1.15015282,1.0046,2.8219000000000003,1.8173
mp-1034976,LiMg14CoO16,4,32,306.041818854123,9.563806839191344,3.592647457336389,8.48055116,8.48055116,4.25532385,90.0,90.0,90.0,-6.3057933659375,-2.8359091197916677,0.040818875312499,1.9999143,4.24291755,3.8903,4.9013,1.011
mp-865500,Na2Hf2O5,3,9,124.00540431410766,13.778378257123071,6.467203620556658,7.94834719,3.94986172,3.94986172,90.0,90.0,90.0,-8.42483044888889,-3.165094377528736,0.0,0.0,2.10313073,1.9593,3.9196,1.9603
mp-551403,Ba2Fe2S2OF2,5,18,341.0769847874762,18.94872137708201,4.912043456610995,4.190272642707273,4.189999048963735,19.42657381226646,90.00171523604072,90.0026641533132,89.99353391936887,-6.5795039227777785,-2.376342424999999,0.026352776666666,0.0,3.14638537,2.9295,4.7476,1.8181
mp-1397055,CoF4,2,10,141.74310160587123,14.174310160587122,3.16137057740592,6.18545312756869,6.185495445852007,6.18498747141328,128.27655181093857,128.27621454177066,76.18559924685157,-4.670773533,-1.713008289,0.007734817499999,5.9999999,-4.47033817,-4.5617,-2.9477,1.613999999999999
mp-16454,BaPr2ZnS5,4,18,435.5356472022997,24.196424844572206,4.917357723314304,8.883693358181775,8.883693358181775,8.883693358181775,126.76300052935127,126.76300052935127,78.6376712046734,-5.77698034,-2.059574781203702,0.001198959027775,0.000755999999999,3.58229738,3.5088,4.6808,1.171999999999999
mp-38805,Sm5AgSe8,3,14,347.2705495658693,24.80503925470495,7.131160275754582,7.669759137398906,7.669759137398906,7.669759137398906,109.84617306493534,109.84617306493534,108.72389060527532,-22.27203006406993,-1.9496743074627871,0.027154619947918,8.340000000000002e-05,3.63381958,3.5714,5.0436,1.472199999999999
mp-1178209,FeSbO4,3,12,154.80421156083295,12.900350963402746,5.183199498864777,5.571850000000449,5.712059753550028,5.5713475514455215,60.81295942445391,90.00005374141523,90.00003313322969,-7.204311489166667,-1.8058337441666672,0.028567729166666,3.9e-06,3.24241814,3.2417,4.6689,1.4272
mp-1038036,RbMg30MnO32,4,64,641.655770104961,10.025871407890016,3.5752745909021133,8.60072,8.60072,8.674261,90.0,90.0,90.0,-6.28266657765625,-2.885925921803609,0.082848835807292,4.0053835,4.15976433,4.1598,5.7402,1.5804
mp-1195072,K2Zn(SnSe3)2,4,44,1404.5585792095703,31.9217858911266,4.042280338826182,8.399394,8.399394,19.908748,90.0,90.0,90.0,-3.936648953863637,-0.980549351005682,0.0,0.0124275,1.35715929,1.1175,2.6859,1.5684
mp-4342,KNbO3,3,5,66.19193300770227,13.238386601540457,4.515683418789579,4.01297268,4.01297268,4.11029183,90.0,90.0,90.0,-8.066249072000002,-2.85093751645,0.001190164,1e-07,1.31004182,1.2815,2.7575000000000003,1.475999999999999
mp-1198996,K3Li2Nb5O15,4,50,668.770221328411,13.37540442656822,4.150041738082553,12.867914,12.867914,4.038877,90.0,90.0,90.0,-8.1255053464,-2.847989539336666,0.026317407599998,0.002044599999999,2.61327298,0.9546,2.6132,1.658599999999999
mp-551101,HoBi2IO4,4,8,150.17692026497537,18.77211503312192,8.556000610459362,3.937369,3.937369,9.687037,90.0,90.0,90.0,-6.53935935125,-2.32765876125,0.0,0.0,4.30774963,4.2119,5.603,1.391099999999999
mp-1021497,Li2SiSnS4,4,8,161.79144449128904,20.22393056141113,2.965496773110087,5.98892434363793,5.98892434363793,5.98892434363793,114.60512512836934,114.60512512836934,99.62946334938788,-4.860580875,-1.135290066458332,0.016868490312502,0.0001481,3.80801766,3.5113,5.4302,1.9189
mp-1225567,DyTl2InS4,4,8,216.6520500616731,27.081506257709137,6.2415796277478695,6.582593001757969,6.582593001757969,6.582593001757969,105.82070468973431,105.82070468973431,117.04847151935074,-4.710713355,-1.126952810625,0.1277008696875,0.0001627,3.65983155,3.5836,4.7491,1.1655
mp-561448,Na4Ce(As2O7)2,4,92,1260.3522619703597,13.699481108373472,3.982878587606918,11.001058,11.001058,10.414131,90.0,90.0,90.0,-6.4789881596739125,-2.163519586435531,0.0,0.000204,1.802337469999999,1.0397,2.5821,1.5424
mp-802523,LiVSiO4,4,28,269.3140102403904,9.61835750858537,3.698637693951825,5.795549722828543,5.795549722828543,8.01811,90.0,90.0,90.18790678298994,-7.962395905714287,-2.78954005047619,0.05445633616071,8.0000277,4.60872854,4.5448,6.083,1.538199999999999
mp-1038115,KMg30MnO32,4,64,633.1903595934056,9.893599368646962,3.501470246857461,8.61056,8.61056,8.540268,90.0,90.0,90.0,-6.32484579375,-2.925748330862203,0.044293576705729,4.0045452,4.29562433,4.2956,6.19,1.8944
mp-552992,DyBi2BrO4,4,8,142.79458737857396,17.849323422321746,8.423513003242995,3.915038,3.915038,9.316221,90.0,90.0,90.0,-6.64414945125,-2.415745113333333,0.0,3.6e-06,3.59795013,3.5089,4.8379,1.329
mp-3038,Al2HgSe4,3,7,183.20425656780225,26.172036652543174,5.16996714897972,5.81371898038272,5.813719415957236,6.802931556377627,115.29601585075108,115.29602806652385,90.0000169089648,-17.979266177142858,-0.825231304821429,0.0,0.0,1.64730415,1.6004,3.0258,1.4253999999999991
mp-1032864,Mg6MnCoO8,4,16,158.92434410346917,9.932771506466825,4.050890304021646,8.65875806,4.28417706,4.28417706,90.0,90.0,90.0,-6.74846064375,-2.64458938487069,0.047192606718748,7.9530598,5.4895697,5.237,6.8873,1.6502999999999992
mp-5048,LiGaTe2,3,8,239.65377548288564,29.956721935360704,4.598910538235989,6.357406651837215,6.357407017746545,7.440987084231192,115.28926397954146,115.28926325717296,90.00000411216179,-3.645618477499999,-0.839710808541665,0.0,0.0,2.3152225,2.2203,3.8088,1.5885
mp-2223055,K2Mg(CoO2)2,4,9,119.3531554334611,13.26146171482901,3.956327502836805,3.890387999999999,3.890387999999999,7.885842,90.0,90.0,90.0,-5.525692186666666,-1.308815862166666,0.440040586666665,6.0015257,3.33215828,3.2509,4.3053,1.054399999999999
mp-1036766,SrMg30VO32,4,64,638.3355117104511,9.973992370475798,3.58907333527203,8.596526,8.596526,8.637798,90.0,90.0,90.0,-6.375429527656251,-2.968785984375,0.043632511219613,3.004982,6.42613141,6.4261,7.8971,1.471
mp-767409,Li5SbS,3,7,118.75085040347324,16.964407200496176,2.636287901622821,4.301497,4.301497,6.417967,90.0,90.0,90.0,-3.528540375714286,-0.9841099063095232,0.053286801428571,0.0002942,2.90667043,2.9066,4.0195,1.1128999999999991
mp-984107,K3IO5,3,36,630.7621851376414,17.521171809378927,3.413906225322841,6.22815654,6.22815654,16.26097603,90.0,90.0,90.0,-4.8045666844444455,-1.509241483527778,0.0,0.0,0.99495435,0.9607,2.4587,1.497999999999999
mp-758688,Li2CuF4,3,28,336.89239744064747,12.03187133716598,3.024854032333119,7.87343,7.87343,5.434546,90.0,90.0,90.0,-6.56211535642857,-2.54435526690476,0.055769170714286,3.9966474,-0.62262625,-1.1614,-0.1125,1.0489
mp-1219637,RbNaCa2Nb4O13,5,21,304.86522459611905,14.51739164743424,4.184400072930342,3.979143,3.979143,19.254347,90.0,90.0,90.0,-8.324787853809525,-3.036113194946634,0.044464917738093,7.500000000000002e-05,2.87269104,1.3988,2.8727,1.4739
mp-14716,Nd2Au5F21,3,112,1881.914222293459,16.802805556191597,5.902270650672249,8.449152,8.449152,26.36171,90.0,90.0,90.0,-4.594174014732142,-2.233580988303571,0.0,0.0562093,-1.820985299999999,-2.0959,-0.446,1.6499
mp-768915,Na3AuO3,3,28,393.1232426623214,14.04011580936862,5.304187006593287,9.33766883,9.33766883,4.50870465,90.0,90.0,90.0,-4.527474841071426,-1.364199505233988,0.0,0.0,1.1383546,1.0909,2.8826,1.7917
mp-1037563,Mg30VZnO32,4,64,619.4297195661139,9.67858936822053,3.6390742317108993,8.523025,8.523025,8.527162,90.0,90.0,90.0,-6.363694614843751,-2.963811766562501,0.012859509348957,3.0000734,6.14532417,6.1452,8.0772,1.931999999999999
mp-32689,Pr2Se3,2,40,1094.1215182398769,27.35303795599692,6.297756108096001,23.386288553921304,9.00659710984679,9.006549185455274,90.00489026244433,54.71618471635412,54.71616810645064,-22.53929639975,-2.190777713854166,0.0,0.0,4.11208238,3.3646000000000003,4.8397,1.475099999999999
mp-662556,Re(TeBr2)2,3,28,962.4122150037468,34.37186482156238,5.252254293452466,10.895616047493457,10.895530757672956,10.895062429838571,115.94886413895549,115.94052495560528,97.18255322002604,-4.401331614999999,-0.789544167261904,0.0,0.0,0.8203971600000001,0.8111,2.7532,1.9421
mp-685003,Tb2Se3,2,40,990.005497837096,24.7501374459274,7.443611178360862,22.620424615889657,8.709429422619662,8.70942689,90.0,54.72247566152872,54.72247562289228,-6.073395114750002,-2.120702778822918,0.032878827749999,0.0,4.36759638,3.5675,5.1484,1.580899999999999
mp-16033,Sm2TeO2,3,5,102.16170203412248,20.432340406824498,7.482034218998491,4.005059936279053,4.005060375041126,6.970235304224588,106.6962117191339,106.69621427850588,90.00000195801803,-7.773760261999999,-3.278480227333331,0.0,0.0,4.25676128,4.2055,5.6948,1.4893
mp-753934,LiLa4CoO8,4,56,739.9044109292707,13.21257876659412,6.728217990484796,5.343945119228396,25.90907206681569,5.343945113090235,89.968401566485,90.03564297295408,89.96728348477119,-8.114287205892857,-3.230711773988095,0.03656881732143,0.0054153,6.84000161,6.7665,7.9333,1.1668
mp-1223088,La4Cu4Se3SO4,5,16,288.76276036516634,18.047672522822896,6.57141001124283,5.743644,5.743644,8.753186,90.0,90.0,90.0,-6.731604225625,-2.321739771533203,0.002649407812499,0.0004892,6.88831575,6.8884,8.451,1.5626
mp-546266,DyBi2IO4,4,8,151.13454136559216,18.89181767069902,8.475085632881713,3.945744,3.945744,9.707467,90.0,90.0,90.0,-6.540042978750001,-2.325755380833334,0.0,0.0010306,4.25411149,4.1969,5.5637,1.3667999999999991
mp-1043519,MgV(Si2O5)2,4,64,805.998691189147,12.593729549830424,2.8643933367432552,7.337143,7.337143,14.972019,90.0,90.0,90.0,-8.13879727515625,-3.020343634218751,0.100799137265624,11.7691834,4.47838244,4.1302,6.0108,1.880599999999999
mp-558050,Rb2NaMnF6,4,10,160.71936278326254,16.071936278326255,3.748975577831617,6.01657,6.149146517960846,6.01657,119.28932241433128,90.0,119.28932241433128,-5.380101318999999,-2.985309472431034,0.0,4.0000007,-0.8452329900000001,-0.9028,0.7758,1.678599999999999
mp-2231309,MgCd2Te2(MoO6)2,5,19,296.6789470783632,15.614681425177013,4.9713351128239545,5.342867,5.342867,10.39293,90.0,90.0,90.0,-6.578377193157895,-1.79395958991228,0.08594616105263,1.9988924,3.47045184,3.3472,4.4065,1.0593
mp-32755,La2Te3,2,40,1374.420027901538,34.360500697538455,6.38506570873069,16.126459379437208,16.126690675900022,16.126546481360094,144.97861702658028,144.97757229623832,50.36734897958879,-5.71780132175,-1.857414943749999,0.0,0.0,7.08416663,6.5556,7.5951,1.0395
mp-1406903,Ca(CoO2)2,3,14,171.31715579011504,12.23693969929393,4.302468637355364,6.531026584611948,6.531026584611948,6.531026584611948,127.19463610935053,127.19463610935053,77.93336791159656,-6.9292713657142855,-1.777231745714285,0.101353412499999,7.9992818,1.91085223,1.903,3.321,1.418
mp-641018,CsK5Zn4Sn5S17,5,32,949.8840065482292,29.68387520463217,3.022004642989998,11.020660197523604,11.020660197523604,11.020660197523604,101.16440847744065,101.16440847744065,127.78861911906944,-4.271677108125,-1.08457020151266,0.0,0.001403599999999,1.409760149999999,1.3458,2.9872,1.6414
mp-7523,Th2TeN2,3,5,111.05716210779045,22.21143242155809,9.265666775492171,4.105755680328787,4.105755692189419,7.199425315997429,106.56750759863816,106.56750675031076,90.00001295384807,-40.233013804,-2.107963813499998,0.0,0.0,6.32919292,6.2057,7.824,1.6182999999999992
mp-19894,Cr2WO6,3,18,186.8221519491064,10.379008441617025,6.823199267633029,4.592434280000111,4.592440350000227,8.858126870000293,89.99997395456487,90.00000672228127,89.99997479824623,-9.188791489444444,-2.305236911666666,0.0,0.0,3.33399085,3.1238,4.7334,1.609599999999999
mp-28650,CsBr2F,3,4,133.61336510753063,33.40334127688266,3.873936656706023,4.27837794,4.27837794,7.29947473,90.0,90.0,90.0,-3.009503719999999,-1.485572966163793,0.21437261275,0.0,-0.87485315,-1.0339,0.7424000000000001,1.7763
mp-1029656,Na6WN4,3,22,329.8494726470197,14.993157847591805,3.8039209053460974,7.528577,7.528577,5.819558,90.0,90.0,90.0,-5.345465255909091,-0.403504721206896,0.0,0.0006363,2.32706802,2.3185,3.5659,1.2474
mp-643431,AgH4WS4N,5,11,196.72060021601533,17.883690928728665,3.697259817031458,6.48008979705706,6.48008979705706,6.48008979705706,102.04312805591076,102.04312805591076,125.64096595808698,-5.53021115090909,-0.59661094560606,0.022874924772727,0.0002902,1.21567421,1.1438,2.8539,1.7101000000000002
mp-1216808,TiNbCrO6,4,36,402.1544767743979,11.17095768817772,4.769381444535038,4.704362000607202,9.408115000971184,9.086352000220383,89.99991954125318,90.00079917484601,89.9983496535635,-9.3590327475,-2.988187130092593,0.018518896547591,1.0100000000000002e-05,2.75603625,2.719,4.3922,1.6732
mp-4419,NaNbO3,3,10,124.81392265583447,12.481392265583448,4.3609392924035895,5.573516,5.573516,4.01795,90.0,90.0,90.0,-8.071345507,-2.8139637402758613,0.030859024999998,1.9200000000000003e-05,1.64400349,1.5733,3.1337,1.5604
mp-36592,Nd5AgSe8,3,14,355.52216886033096,25.394440632880784,6.822770196671549,7.730001288710739,7.729953749495699,7.73002045834507,109.81663434087906,109.81707042229314,108.78242670813545,-22.17347787642857,-1.9635918832142831,0.009306078962058,0.0,5.0874428,3.4956,5.0878,1.5921999999999992
mp-10931,HoSF,3,6,95.13320942562316,15.855534904270527,7.5402904554460175,3.74383227,3.74383227,6.78733651,90.0,90.0,90.0,-18.013631415,-3.333161717604165,0.0,0.0,4.23545661,4.1659,5.4655000000000005,1.299599999999999
mp-555736,BaHg2(ClO)2,4,28,644.1561321866062,23.00557614952165,6.613858339360985,12.133525,12.133525,4.375394,90.0,90.0,90.0,-3.9640420025,-1.659566770357145,0.0,0.007293399999999,0.48727674,0.4655,2.0765,1.610999999999999
mp-1032787,YMg6CoO8,4,16,172.11380176973745,10.75711261060859,4.068180149478327,8.91479079,4.39392127,4.39392127,90.0,90.0,90.0,-6.686937674375,-2.7488741525,0.227139659570313,2.1108839,7.34141356,6.9709,8.6872,1.7163
mp-1036803,Mg30VCrO32,4,64,623.7568459815141,9.746200718461155,3.578121988978859,8.562581,8.562581,8.507578,90.0,90.0,90.0,-6.494666460625,-2.96363823953125,0.017460446553819,7.000433,6.41083406,6.4108,8.1413,1.730499999999999
mp-6983,NaAgO,3,12,203.02887841412408,16.919073201177007,4.804486944170164,7.037442622715021,7.037442622715021,7.037442622715021,96.09559139500313,96.09559139500313,141.96410316214136,-4.081103235833329,-1.036896748515321,0.0,0.0,0.50018036,0.3962,1.605999999999999,1.2098
mp-20098,Ba2PbO4,3,7,125.83651068209676,17.976644383156682,7.203059759468319,4.339554789339323,4.339554907329229,7.353027620330051,107.16271173403707,107.16271119023229,89.99999862505899,-6.275102857142855,-2.3690398614285693,0.0,0.0,2.40060852,2.3316,3.5548,1.2232
mp-1211283,Li(BH)4,3,18,169.69387910140088,9.427437727855605,1.061075962447404,5.619877,5.619877,6.682818461734315,114.86438998760325,114.86438998760325,90.0,-4.9136023544444445,-0.223918387222221,0.176714954623013,8.599999999999999e-06,-0.01388636,-0.0138,1.6975,1.7113
mp-1029845,Na3Mo2N5,3,40,641.3065653612646,16.032664134031613,3.427027624924468,9.624724471316464,9.624724471316464,9.624724471316464,101.78707971993305,101.78707971993305,126.2599281055061,-7.2721184655,-0.5313333374137941,0.0,3.2800000000000004e-05,1.59521523,1.595,3.4134,1.8184
mp-1219751,PrTl2InSe4,4,8,239.5087844088821,29.938598051110255,6.796744442549592,6.79172423353643,6.79172423353643,6.79172423353643,65.06865561372503,73.18789652995434,106.81210347004568,-27.985766880625,-1.03734227661458,0.093985935624999,7.15e-05,4.68032357,3.4486,4.6802,1.2316
mp-796340,MnO2,2,18,248.41649036305813,13.800916131281006,3.486774019835767,2.85580047,9.326665925467358,9.326659894800464,90.0001235390063,90.0,90.0,-8.1390910175,-1.7864452501436792,0.036082673888889,18.000001,-0.89599851,-0.9816,0.0337,1.0153
mp-1216050,Y2O3,2,5,80.50603006525942,16.101206013051886,4.65761583661604,3.806143999999999,3.806143999999999,5.557225,90.0,90.0,90.0,-9.262773512,-3.690360309,0.263511613749999,1.5e-06,2.33305585,2.2091,3.796,1.5869
mp-552008,DyBi2ClO4,4,8,137.8567719620325,17.232096495254062,8.189800366409605,3.897351999999999,3.897351999999999,9.075882,90.0,90.0,90.0,-6.72164005375,-2.466786182708333,0.0,0.0001042,3.62287869,3.5389,4.9128,1.3739
mp-1036771,Mg30VSnO32,4,64,638.3379907259668,9.974031105093232,3.669935297057205,8.601568,8.601568,8.627708,90.0,90.0,90.0,-6.35334056734375,-2.910491652734375,0.063660924583333,2.9994221,6.85920848,6.859,8.5035,1.6445
mp-34903,MgGeP2,3,8,176.1966617198986,22.024582714987325,2.994917621221658,8.145139405277629,10.543010594985915,6.693643056563635,29.542253033253655,52.52263047386284,39.416235455171226,-4.5686804125,-0.297569182321427,0.0135239905,0.0,3.13780775,3.0805,4.5767,1.4962
mp-770737,Ga2WO6,3,18,195.6585327119453,10.869918483996962,7.116835596051686,4.652697,4.652697,9.038352,90.0,90.0,90.0,-7.599616911666666,-2.188273766666665,0.045995763472223,0.0005063,2.71526158,2.6361,4.6336,1.9975
mp-654105,RhC2ClO2,4,48,976.508431898318,20.34392566454829,2.6443063020967843,11.213220204171904,11.213220204171904,11.213220204171904,100.20077219239894,100.20077219239894,130.22598273222513,-7.249465707708333,-0.987676046041666,0.136830647847223,4.1e-06,0.29588831,0.1662,1.8863,1.7201
mp-553242,NdBi2BrO4,4,8,148.82622783044317,18.6032784788054,7.878409326036207,3.979225,3.979225,9.399018,90.0,90.0,90.0,-6.607568649999999,-2.3604428240625,0.0,0.0001406,3.31002276,3.2517,4.4716000000000005,1.219899999999999
mp-773510,TiV2CrO10,4,14,197.0150268302308,14.072501916445058,3.048922600829853,6.649408,6.649408,4.455879,90.0,90.0,90.0,-8.354856336428572,-2.269430502380953,0.098171093428572,1e-05,-0.31544059,-0.4464,0.9427,1.3891
mp-8962,Rb2HgF4,3,7,144.58428896944054,20.65489842420579,5.139722588154414,4.583198147799428,4.583199563304262,7.60787970554894,107.53051964078664,107.53052938082185,90.00000317422992,-3.845862434285712,-2.427841051071428,0.0,0.0,-1.53014884,-1.585799999999999,0.3524,1.9382
mp-1002063,SnS2,2,6,172.4950489553003,28.749174825883383,3.520251332150652,5.926497994453385,5.926496104876978,6.456065380895937,117.32175879039612,117.32173953450892,89.99999135154512,-14.00206363,-0.397310885208331,0.076658843333333,1.6e-06,2.01514123,1.9834,3.8188,1.8354
mp-1196957,MoP4H36(C6Cl)2,5,55,625.6645081811319,11.375718330566034,1.250465308370464,9.48071020911213,9.48071020911213,9.48071020911213,117.18754299060176,117.18754299060176,94.9445105572321,-5.146057730727273,-0.251468397155844,0.040294058545448,1.9991151,1.885661429999999,0.6614,1.886,1.2246
mp-23520,InPb2I5,3,16,632.108396367293,39.506774772955815,6.11425611701856,10.060666127055551,10.060666127055551,10.060666127055551,126.79597067029088,126.79597067029088,78.58379570553579,-3.023077454375,-0.7975110845833321,0.056993978749998,0.0020735,3.15518005,3.0382,4.8954,1.8572
mp-1094063,Sr12Al14O33,3,59,962.8284719874824,16.319126643855636,3.375412780306001,10.77441314502247,10.77441314502247,10.77441314502247,109.31231027658764,109.31231027658764,109.7895109753378,-7.40352480898305,-3.403017828220338,0.001463213471046,0.0066687,2.7215231600000003,2.7215,4.3115,1.589999999999999
mp-1035811,KMg14WO16,4,32,332.588838683832,10.39340120886975,4.090069438412761,8.692423999999999,8.692423999999999,4.401755,90.0,90.0,90.0,-6.35328749375,-2.7256794861640623,0.179630049921875,3.0008451,5.49215502,5.4919,7.0787,1.5868
mp-2991,Cs2UO4,3,7,144.21224791468762,20.601749702098232,6.538392007104804,4.392605962582612,4.392604566869428,8.093786131822647,105.74501323828936,105.74500990272998,89.99998980910988,-7.718702774285719,-3.018815749901482,0.0,0.0,2.41630776,2.4088,4.2299,1.8211
mp-2227249,Sr2MgFeO4,4,8,118.61106529217211,14.826383161521516,4.471383726983654,3.489661923166146,3.4896619552978123,10.047700578565893,100.00039428125775,100.00040453767863,89.99999138533941,-6.45225311125,-2.292604183125,0.389696558124994,4.0000973,3.26091215,3.1963,4.6087,1.412399999999999
mp-17522,K4Rb2Co2O5,4,26,524.4108496246805,20.169648062487717,3.326026338289419,6.701919840007416,6.701919840007416,11.67543876,90.0,90.0,90.00017047023401,-4.896069117692308,-1.396593309923077,0.0,0.0,1.45463318,1.3595000000000002,2.4538,1.0943
mp-569124,MnH12C2(NCl2)2,5,84,1045.0686523977945,12.441293480926122,1.658079163576701,7.284671,7.284671,19.693592,90.0,90.0,90.0,-5.071898595119047,-0.670151929544335,0.03815525035714,19.9995812,1.5741947,0.7543000000000001,2.4042,1.6499
mp-1215422,Zr2SO3,3,6,82.27601101440837,13.712668502401394,5.298143379164412,3.859267,3.859267,5.524126,90.0,90.0,90.0,-8.867129105,-2.854348773750001,0.476011841249999,0.000122099999999,5.24674767,5.189,6.1961,1.0071
mp-1032172,Mg6FeBO8,4,16,152.82274720404544,9.55142170025284,3.699595409628138,8.5730763,4.22207221,4.22207221,90.0,90.0,90.0,-6.35935458375,-2.327109514322917,0.517530856093748,4.1390409,6.15819262,5.9898,7.0465,1.0567
mp-1036758,SrMg30VO32,4,64,638.7556935354055,9.980557711490713,3.586712396028478,8.614188,8.614188,8.608076,90.0,90.0,90.0,-6.377768119843751,-2.9711245765625,0.041293919032113,3.0058845,6.03729514,6.0369,7.8967,1.8598
mp-1226874,Ce4ThO10,3,15,204.6503606507035,13.643357376713569,7.728581143876622,13.943701909836992,13.943701909836992,13.943701909836992,164.051253485753,164.051253485753,22.62897446054821,-9.386682908,-4.010598389333333,0.004700602666662,0.0,5.24999993,5.2212,6.8473,1.6261
mp-1247785,CeSe2,2,12,855.6158802212335,71.30132335176945,2.31365701686244,8.500541,8.500541,11.840927,90.0,90.0,90.0,-5.70829772,-1.398706778229165,0.54042135125,0.0015144,-2.58311921,-2.5832,-1.5723,1.0109
mp-558535,La10Se14O,3,100,2710.92764932226,27.109276493222595,6.151065714440611,15.49724743272098,15.49724743272098,15.49724743272098,117.85110512087286,117.85110512087286,93.76412240297697,-6.5687988521000005,-2.4387671424125,0.0,0.0027981,7.03208033,5.5086,7.0321,1.523499999999999
mp-1214642,Ba5Lu8Ni4O21,4,38,523.6271383901648,13.779661536583284,8.42636136980609,10.028984966083456,10.028984966083456,10.028984966083456,94.5601787099437,94.5601787099437,147.24456973382897,-7.563994525263157,-3.016728679166666,0.161867031513149,0.0001228,3.42288181,3.3007,4.7784,1.4777
mp-1208036,TlSn2I5,3,16,622.9905276742561,38.936907979641006,5.73774627643506,10.096280695124172,10.096280695124172,10.096280695124172,127.85145078204025,127.85145078204025,76.86579572684398,-3.006304129999999,-0.754969267291667,0.027724183541668,0.006130099999999,3.1214559,3.1171,4.6625,1.545399999999999
mp-1227696,BaSr2ScInO6,5,11,180.26280451333977,16.38752768303089,5.235391250736887,10.829904268553207,10.829904268553207,10.829904268553207,157.86093516989166,157.86093516989166,31.5105650029885,-6.994990776363636,-2.9874235037878782,0.03547350818182,0.0007813,2.59332548,2.584699999999999,4.2411,1.6564
mp-1208215,ThV2O6,3,18,224.9137484831801,12.49520824906556,6.348164508020997,4.811587,4.811587,9.714922,90.0,90.0,90.0,-9.112221947777778,-2.971173456666667,0.166402052222219,4.0015645,3.41485759,3.4147,4.9129000000000005,1.498199999999999
mp-1192212,Rb3NiO2,3,24,598.8115987158462,24.950483279826926,3.850064393415128,6.33921358343044,6.339175508423394,14.901254052448405,89.95893207016364,90.0980421175016,90.02074299793807,-4.170525813333334,-1.06758232875,0.026281582083332,0.0014141,1.517316329999999,1.3994,2.7423,1.3429
mp-1214148,BiWO4,3,12,168.15692274033938,14.013076895028282,9.02209820403791,6.90839693145928,6.90839693145928,6.90839693145928,133.93666621111024,133.93666621111024,67.18694656339822,-7.967218775,-1.860550681666667,0.116030532499999,1.9995349,5.39701448,5.3651,6.7064,1.3413
mp-1030850,Mg6CdSiO8,4,16,171.65966702969575,10.728729189355985,4.007915085091637,8.71217015,4.438855,4.438855,90.0,90.0,90.0,-5.936484225625,-2.451994453749999,0.472902626250001,3.1e-06,6.94070756,6.635099999999999,8.4908,1.855699999999999
mp-1228218,Ba4Ti5PbO15,4,25,325.221843567783,13.00887374271132,6.310002471912171,4.022182,4.022182,20.102787,90.0,90.0,90.0,-8.322241904,-3.318825024466666,0.0244148957625,0.009091799999999,5.12442965,3.3693,5.1245,1.755199999999999
mp-1215580,Zn5SeS4,3,10,201.4377188798352,20.14377188798352,4.404179660842348,13.872576357988732,13.872576357988732,13.872576357988732,164.0551910730866,164.0551910730866,22.62335042940504,-3.659548987999999,-1.025126950234373,0.016090218999999,0.0,1.96060894,1.8495,3.6137,1.7642
mp-756289,LiMnFeO4,4,28,286.5028379749305,10.232244213390375,4.212954997614657,5.888174,5.888174,8.263569,90.0,90.0,90.0,-7.502509234285715,-1.883537321609196,0.064540287857131,32.0016785,2.6787566,1.956,3.4053,1.4493
mp-1033144,Mg6AlCuO8,4,16,154.42824016288867,9.651765010180542,3.917819408094201,8.71259684,4.21007228,4.21007228,90.0,90.0,90.0,-6.298028443124999,-2.722322778749999,0.164124961718751,0.1093778,8.25946457,7.9544,9.9089,1.954499999999999
mp-1522095,NaPrNb4O12,4,18,255.4977768142136,14.194320934122976,4.728292831758268,5.64887044,5.64887044,8.00689065,90.0,90.0,90.0,-8.939895212222222,-3.055564964613666,0.08454115638889,1.07e-05,1.23006229,1.1762,2.5119,1.335699999999999
mp-757813,LiCoSbO4,4,28,323.45841524328097,11.552086258688606,5.167210451852508,6.136019000005867,6.138353000126826,8.587760000150272,89.9993023817835,89.99988392847912,90.00011202971434,-6.587976840357143,-1.878950433690477,0.014876954285713,4.93e-05,3.64143463,3.6402,5.2807,1.6405
mp-30228,Li4HN,3,12,113.93344890586192,9.494454075488491,1.246966604069204,4.812216285225533,4.812217940423856,5.98202629916084,113.71722950528596,113.71721580673804,89.99999746770773,-3.698390784166666,-0.470201509097221,0.0,0.0,0.13456772,0.1257,2.0336,1.9079
mp-680303,Hg2N2O3,3,140,2298.269947985696,16.416213914183544,6.895580693189243,9.29185356,15.72712508,15.72712508,90.0,90.0,90.0,-4.902773117428572,-0.311375606000002,0.243282079535712,0.0,0.72451806,0.1734,1.1796,1.0062
mp-768705,Li3CoBO4,4,72,648.3598232281943,9.004997544836032,3.166894322854264,9.565497258927316,9.565497258927316,9.565497258927316,116.381861244988,116.381861244988,96.39007676859303,-6.507867431944445,-2.137709530740741,0.14458802784722,8.0000171,3.01358651,2.1193,3.8728,1.753499999999999
mp-1215550,Zn2InAgTe4,4,8,258.18005683601547,32.27250710450193,5.556380657282835,6.378959,6.378959,7.784792312483809,65.81360923604713,65.81360923604713,90.0,-3.16723813,-0.5803853531249981,0.008196252499999,0.0009314,4.38220439,3.0979,4.3822,1.2843
mp-559639,K4U(PO5)2,4,34,584.8274304254637,17.200806777219523,3.5001637756421493,6.957224,6.957224,12.082471,90.0,90.0,90.0,-7.38892838617647,-2.910843327252099,0.0,0.0001307,0.60249176,0.5437000000000001,2.3286,1.7849
mp-1037774,YMg30NiO32,4,64,632.6714039431524,9.885490686611757,3.64492608108075,8.602153,8.602153,8.549956,90.0,90.0,90.0,-6.395908708593749,-2.9656261962499992,0.056953142021484,0.9988163,6.81681553,6.8167,7.987999999999999,1.1713
mp-20032,VPbO3,3,10,145.6213593813756,14.562135938137562,6.981900647635635,5.41937668451502,5.419376684200592,6.2661796895346855,64.38122015803836,64.38136608140583,89.99844494289776,-7.642703820000001,-2.114616589,0.022054172312493,1.2e-06,4.3340615,4.2493,5.6208,1.3715
mp-1222091,MgTi2Pb4WO12,5,20,259.4762367030358,12.973811835151787,8.47734383029768,9.009271174869196,9.009271174869196,9.009271174869196,143.3092270157924,143.3092270157924,52.86150262284297,-7.634745380999999,-2.404460150083332,0.029601336625002,0.0007142,4.86402508,4.864,6.7964,1.9324
mp-2755271,Ba4Sn3O10,3,34,517.1909316664813,15.211497990190628,6.841540910646369,15.26757868380463,15.26757868380463,5.87562169,90.0,90.0,157.8135679257397,-16.610019052058824,-2.494593746617648,0.0,0.0,3.68017929,3.6597,5.0641,1.404399999999999
mp-1038101,CaMg30CoO32,4,64,627.001349585353,9.79689608727114,3.549207890797093,8.566145,8.566145,8.544716,90.0,90.0,90.0,-6.346682978906251,-2.965622522500001,0.025850153710936,1.0134859,4.89866401,4.8984000000000005,6.7044,1.806
mp-1043518,VZn(Si2O5)2,4,64,811.6987025685733,12.682792227633955,3.180633975969645,7.347829,7.347829,15.034077,90.0,90.0,90.0,-7.93484556921875,-2.83956232859375,0.127163305468746,12.0723095,4.10507953,3.8113,5.4939,1.682599999999999
mp-677075,Gd2CdS4,3,14,303.4532154411424,21.675229674367312,6.075949024321322,7.334155934070192,7.334155934070192,7.334155934070192,110.40187036958316,110.40187036958316,107.6255375991676,-21.67361217,-1.811448284464286,0.078185488214284,27.3516838,3.5835761,3.5835,5.0034,1.4199
mp-1203760,Si7Tc4,2,44,594.6515215027969,13.514807306881748,6.574545046632411,5.7421248,5.7421248,18.03504706,90.0,90.0,90.0,-15.578621689772728,-0.553621656590911,0.0,0.0,10.93376325,9.8692,10.934,1.0648
mp-1232369,MgCdTe2,3,8,276.6080321242669,34.576004015533364,4.705516494425118,7.98356609843876,7.98356609843876,7.98356609843876,131.856611576643,131.856611576643,70.4555877978095,-3.0775071925,-0.858234194583332,0.002924921249999,0.0,3.66580796,1.7931,3.6658,1.8727
mp-1224211,K3Ag9(SbS3)4,4,28,716.1581685061146,25.57707744664695,4.544440484270988,9.772051198909162,9.772051198909162,9.772051198909162,111.33608769039252,111.33608769039252,105.80260731240178,-15.0790104272123,-0.454317721498016,0.006626980912704,0.0006464,2.51974815,2.518399999999999,4.1437,1.625299999999999
mp-1329473,CaCr2(Si2O5)4,4,62,848.0498446938166,13.678223301513173,2.697207804640187,7.405973,7.405973,15.461696,90.0,90.0,90.0,-8.305008752419356,-3.025219747258065,0.132646098924727,12.0731614,1.72734367,1.491,3.0488,1.557799999999999
mp-1519357,BaSrNb4O12,4,18,263.03035820010655,14.612797677783696,4.978298054210685,5.70869477,5.70869477,8.07109075,90.0,90.0,90.0,-8.892843485555556,-3.148834860555556,0.078074299166647,5.799999999999999e-06,1.10776836,1.1032,2.4392,1.336
mp-557147,BaMo4(PO8)2,4,23,330.5824003821264,14.373147842701146,4.21448226688,7.85067281101034,7.85067281101034,7.85067281101034,122.09800216859308,122.09800216859308,86.40301037017048,-8.209244171739131,-2.3266398886645963,0.077769711521755,4.2900000000000006e-05,2.2057961,2.1751,3.9138,1.7387
mp-772290,LiAgO,3,12,157.26726779742015,13.105605649785014,5.524678938965225,6.736214245034993,6.736214245034993,6.736214245034993,94.46325433879396,94.46325433879396,147.60348893411845,-4.487755839166666,-1.254481989166664,0.0,0.0,1.346573,0.7316,1.9544,1.222799999999999
mp-1217925,TaNb(Cu3S4)2,4,16,340.0458879585868,21.252867997411677,4.451842899480709,7.834252,7.834252,5.540417,90.0,90.0,90.0,-5.83694061,-0.8580247160833321,0.0,0.0005914,2.88884684,2.883099999999999,4.6169,1.7338
mp-862664,Rb2Zr2O5,3,9,155.51158454528982,17.27906494947665,4.627600053788692,4.110843,4.110843,9.202397,90.0,90.0,90.0,-7.88001573,-3.013763015555556,0.09114419138889,5.35e-05,1.8345027999999992,1.7493,3.4413,1.6920000000000002
mp-1223904,Ho2O3,2,5,78.30300057960383,15.660600115920769,8.013094794738013,3.765265,3.765265,5.523156,90.0,90.0,90.0,-8.572429008,-3.764580618999998,0.26297882575,1.6e-06,2.14073328,2.0104,3.5274,1.517
mp-4763,ZnSiP2,3,8,151.00927439980956,18.876159299976194,3.418565574455873,5.373406715982899,5.373406229801289,6.46451592271959,114.55759759449543,114.55759553146834,89.99999641590213,-9.3137867975,-0.391656841488096,0.0,0.0,4.44458853,4.401,5.7651,1.3641
mp-7471,Li3AuO3,3,28,293.2172005031508,10.47204287511253,6.02080605219084,9.0850405,9.0850405,3.55251326,90.0,90.0,90.0,-5.077512329642857,-1.671150384642856,0.0,0.0,0.77384911,0.6058,2.4561,1.8503
mp-29169,Cd(AuF4)2,3,22,338.5392843903722,15.388149290471462,6.458245754222658,5.7271754900000005,5.7271754900000005,10.32115001,90.0,90.0,90.0,-14.834109401818182,-1.535642893636362,0.0,0.0,-2.28454081,-2.4384,-0.6595000000000001,1.7789
mp-27824,PICl6,3,16,518.1727837290273,32.385798983064205,2.375229037473215,5.68064054,9.55077568,9.55077568,90.0,90.0,90.0,-3.231292379375,-0.9774495118303572,0.0,0.0,0.12593311,0.0166,1.8073,1.7907000000000002
mp-625502,H2W2O7,3,22,282.6946237223716,12.849755623744164,5.658882664013583,7.353205017534327,7.353205017534327,7.353205017534327,119.62842942784928,119.62842942784928,90.64479304601689,-7.8920608154545455,-1.770031690681817,0.172413203181818,0.0007234,0.21598547,0.2159,1.8469,1.631
mp-20459,TiPbO3,3,5,64.50656431866487,12.901312863732974,7.801556471692714,3.8795519,3.8795519,4.2858876200000005,90.0,90.0,90.0,-8.020994205999997,-2.7305897856666643,0.0,0.0,4.8839500000000005,4.8162,6.6292,1.812999999999999
mp-1033512,CsMg6BiO8,4,16,216.54245226278707,13.533903266424192,4.721532635903524,9.48143693,4.77897155,4.77897155,90.0,90.0,90.0,-5.3550562375,-1.969773736853448,0.7275374262500001,0.0,5.55899813,5.2195,7.0547,1.8352
mp-1037017,SrMg30CoO32,4,64,635.877301534685,9.935582836479451,3.623817802949783,8.591014,8.591014,8.615579,90.0,90.0,90.0,-6.3092312853125,-2.9330641381249998,0.051208667304686,1.0024433,4.84410055,4.844,6.4156,1.5716
mp-15514,NaSe2,2,24,636.4851691485202,26.52021538118834,3.775833329419609,9.4354901545578,9.435489980638962,9.43548941352712,101.08664555369693,113.8192989119284,113.81929052424708,-11.414884175416669,-0.6857838314583321,0.0,1.699999999999999e-06,1.36652948,1.3087,2.4902,1.1815
mp-556911,FeF2,2,6,72.16258851761452,12.027098086269088,4.318802548760486,3.33813423,4.649481146274233,4.649481146274233,90.10100834092584,90.0,90.0,-6.689816664999999,-2.590574678333332,0.0,8.0000005,0.97110852,0.7211000000000001,2.4132,1.6921
mp-1043605,CaV(Si2O5)2,4,64,864.3314699105939,13.50517921735303,2.7922898740520843,7.482913,7.482913,15.436148,90.0,90.0,90.0,-8.271812285625,-3.129913028124999,0.06257623267361,12.1348133,4.4052828,4.0817,5.9435,1.8618
mp-1032714,Mg6MnNbO8,4,16,164.73975942828784,10.29623496426799,4.250333301086752,8.76677325,4.33490243,4.33490243,90.0,90.0,90.0,-6.9067911825,-2.61742690362069,0.220639688790014,3.444565899999999,7.44550676,7.3136,9.0271,1.7135
mp-780241,Na5GdO4,3,80,1261.9435475554612,15.774294344443266,3.539095449274096,15.08398344,15.08398344,5.54635717,90.0,90.0,90.0,-6.07779660725,-2.020139591939655,0.065168036249999,55.9999438,0.86404252,0.5375,2.501,1.963499999999999
mp-1202414,Nd10Se14O,3,100,2586.3788160257272,25.863788160257272,6.584323485160012,15.248883391945656,15.248883391945656,15.248883391945656,117.73501445959454,117.73501445959454,93.96998748316317,-6.342571127799999,-2.279683287112499,0.005979263575002,0.0019018,4.83534294,3.4518,4.8353,1.3835
mp-1219969,PaInO4,3,6,74.55329614535043,12.425549357558404,9.128696237882878,3.76766973,3.76766973,5.25195743,90.0,90.0,90.0,-8.484202325833337,-3.134983168611114,0.000454033333342,0.0,6.92243461,6.8687000000000005,8.6167,1.748
mp-1031539,BaMg6SnO8,4,16,209.4466185258184,13.090413657863648,4.200864588826785,9.26893067,4.7535915200000005,4.7535915200000005,90.0,90.0,90.0,-5.761448813125,-2.305507880312499,0.569371274531249,0.0,6.09395187,5.7978000000000005,7.4983,1.7005
mp-1219697,Rb3Ag9(SbS3)4,4,28,735.7336469922935,26.2762016782962,4.737493367464797,9.85931392744637,9.85931392744637,9.85931392744637,111.24154961889984,111.24154961889984,105.98578438340492,-3.962453521428571,-0.58056713455357,0.002567341904761,0.0010608,2.47767591,2.4777,4.1195,1.6418
mp-555993,CrAg3ClO4,4,18,300.141958796784,16.674553266488,5.256454282176617,7.475634,7.475634,5.370697,90.0,90.0,90.0,-5.456477886666666,-1.031783739444443,0.012102440555561,1.07e-05,0.95693861,0.8669,2.253,1.386099999999999
mp-37478,La5AgS8,3,14,332.4071004932075,23.743364320943392,5.289810706198067,7.558567909274415,7.558567909274415,7.558567909274415,109.72975992686442,109.72975992686442,108.9553703052265,-18.96773187083332,-2.22829787172618,0.023943576577384,0.0012012,7.87843818,6.2044,7.8785,1.6741
mp-1043700,Fe(Si2O5)2,3,60,848.4968904761861,14.141614841269767,2.569048290135834,7.356473,7.356473,15.678733,90.0,90.0,90.0,-8.037647910166667,-2.727587684833334,0.175192615777779,16.0783633,0.6096652,0.2109,1.3929,1.182
mp-757842,LiVCoO4,4,28,294.0976226548483,10.50348652338744,4.083644572136371,5.9736920144709496,8.237991000613013,5.976231014166538,89.99930274080113,90.00787283237632,90.00120241578612,-7.511686562142857,-2.094816608333333,0.035572931703296,8.730000000000001e-05,2.19980123,2.0707,3.5982000000000003,1.527499999999999
mp-1221886,MnCd(GaSe2)4,4,14,373.2545071580499,26.661036225574996,4.795467895515253,5.830245,5.830245,10.980736,90.0,90.0,90.0,-4.441715955714286,-0.8558801419057881,0.001890039999999,5.0000446,2.50760673,1.4594,2.5073,1.047899999999999
mp-619928,Zr(Se2Cl3)2,3,44,1296.5586939018635,29.467243043224173,3.17508872869701,11.00808973,11.00808973,10.69961768,90.0,90.0,90.0,-11.648978170227274,-1.02073578715909,0.0,0.0,-0.50040893,-0.5640000000000001,0.7568,1.3208
mp-27743,BiF5,2,6,87.48976145342537,14.581626908904228,5.769338760918803,4.280533447390971,5.001972724233712,5.001972132839339,79.4504770887732,64.66660398074809,64.66662422561969,-14.226718183333332,-1.871315934166666,0.0,0.0,-3.29028788,-3.3261,-1.5123,1.8137999999999992
mp-754909,LiVBO4,4,7,77.78027991980517,11.111468559972169,2.832835720921884,4.915521780832733,4.915521780832733,4.915521780832733,124.33235708309547,124.33235708309547,82.64683275764574,-7.907126888571429,-2.555117641785714,0.100885598928553,1.0000605,1.65735344,1.6229,3.2132,1.5903
mp-1227367,BeZn3O4,3,8,86.18009943056134,10.772512428820168,5.187719643290688,5.396931315402855,5.396931315402855,5.396931315402855,131.56490437754178,131.56490437754178,70.91708730926123,-5.4908233225,-2.077012358124999,0.041875926874999,0.0005934,1.34843143,1.1904,2.7336,1.5432
mp-1038308,Mg30AlCuO32,4,64,616.0554400307371,9.625866250480268,3.589402107217205,8.496527,8.496527,8.533691,90.0,90.0,90.0,-6.336715207499999,-2.975877158906249,0.024466653710938,0.0004543,7.02028014,7.0202,8.2487,1.228499999999999
mp-1195785,NaP7,2,64,1522.926106728392,23.795720417631127,2.091801571441959,12.557229497377325,12.557229497377325,12.557229497377325,107.50848907244009,110.46141106662868,110.46141106662868,-8.51324551984375,-0.190906175572916,0.0,0.0,3.02766051,3.0181,4.761,1.7429
mp-1223851,In2AsP,3,4,108.31683357232905,27.07920839308226,5.143825906787227,4.25012339007275,5.99643152,4.25012339007275,90.0,90.0,90.0,-17.5844630275,-0.367766012619046,0.005625690000002,2e-07,5.448516899999999,4.1192,5.4487,1.329499999999999
mp-680356,ZrN6O17,3,192,2614.963336069049,13.619600708692966,2.272101423217829,16.63674485479996,16.63674485479996,16.63674485479996,130.31548448707693,130.31548448707693,72.90291233416531,-7.046156525833333,-1.100627184791666,0.0,0.0199406,-1.147951009999999,-1.2987,0.272,1.5707
mp-2224173,K3MgSbS4,4,9,284.1512112786876,31.572356808743063,2.288570723600362,7.421933144644721,7.421933904769681,7.421933390112864,121.0926283289755,88.11770510933503,121.09262990123108,-3.9544047511111113,-1.09849683186111,0.194530120833333,0.0,1.573214,1.5208,3.2599,1.7391
mp-30032,TlIO4,3,12,238.273690418052,19.856140868171,5.509519730766773,7.865250008654715,7.865250008654715,7.865250008654715,135.17467167725977,135.17467167725977,65.25892000908773,-4.7704742583333335,-0.8225861330555571,0.095200914166676,0.0006046,1.01316046,0.9427,2.9165,1.9738
mp-695470,NaSr8NdTi10O30,5,100,1214.379904146155,12.14379904146155,4.996040262371038,5.55392,5.55392,39.369086,90.0,90.0,90.0,-8.45654824,-3.515687375044253,0.009508529622245,1.0900000000000002e-05,3.2977208,3.2068,4.9912,1.7844
mp-3992,PrSF,3,6,110.34971618427754,18.391619364046257,5.777548769814879,3.98126766,3.98126766,6.9619110200000005,90.0,90.0,90.0,-16.86480690666667,-3.3434663914930542,0.0,0.0,3.82995601,3.7714,5.0255,1.2541
mp-1210218,P(H2I)2,3,28,5363.707011075396,191.56096468126407,0.357653910744767,20.586506,20.586506,12.656096,90.0,90.0,90.0,-1.401021927857143,1.748144430765306,2.018554265867346,28.000607,-5.19339053,-5.4886,-3.8502,1.638399999999999
mp-1224674,Gd2O3,2,5,83.0920639406954,16.61841278813908,7.244282957055915,3.83917,3.83917,5.637478,90.0,90.0,90.0,-12.287612186,-3.688386687,0.207025104999999,14.4114499,2.16824898,2.0334,3.3584,1.325
mp-1040015,CsLaMg30O32,4,64,679.3786689163005,10.615291701817196,3.697935996005694,8.740441,8.740441,8.892937,90.0,90.0,90.0,-6.178648197499999,-2.8490726149164862,0.1814940440625,0.0038196,6.29261876,6.2925,7.3839,1.091399999999999
mp-2226848,MgV2(MoO5)2,4,15,253.17561575571293,16.878374383714196,3.135533510553004,5.792731000002158,6.610395006674716,6.611669010757495,90.00584128370409,89.99986511334761,89.99991832367711,-8.219300724666665,-2.154687896333333,0.221092173833342,3.999832,1.23162873,1.2286,2.2939,1.0653
mp-1181092,H2W2O7,3,22,255.79369832402372,11.626986287455624,6.254007490700278,7.063311994547033,7.063311994547033,7.063311994547033,118.1229208997065,118.1229208997065,93.28315617699845,-7.619775328636364,-1.497746203863635,0.44469869,0.0002964,1.56181815,1.561599999999999,2.5654,1.003799999999999
mp-1033258,Mg6GaBO8,4,16,156.3838350298344,9.77398968936465,3.7627117604377993,8.6101046,4.26178676,4.26178676,90.0,90.0,90.0,-6.081140479999999,-2.389015734791666,0.482461591979169,2.2000000000000003e-05,6.34211437,6.1051,7.9463,1.841199999999999
mp-32688,Nd2Se3,2,40,1070.8416557522758,26.771041393806893,6.517396416166739,23.21959153017785,8.94112552404763,8.941127341160147,89.98698798446152,54.71454768194417,54.71455215599779,-22.54515296525,-2.191013233687499,0.0,0.0,4.11333425,3.3642,4.8423,1.4781
mp-37741,Ba(LaSe2)2,3,14,404.3218212982402,28.88013009273144,6.004214278098245,8.068296835463201,8.06846595855495,8.068436432239832,109.27609861980945,109.27398811205322,109.86388531289911,-5.986407100714284,-2.304316377767856,0.000545330535719,0.0,4.58079902,4.5243,6.2845,1.7602
mp-1097013,KGaTe2,3,8,305.567763052512,38.195970381564,3.956383249895635,7.419765410176456,7.419765410176456,7.419765410176456,115.39356980317338,115.39356980317338,98.1828404050314,-3.48930798625,-0.8777886032708331,0.02564097625,0.0003506,1.7931332,1.749099999999999,3.1358,1.3867
mp-1037531,Mg30CrFeO32,4,64,625.2608833274712,9.769701301991738,3.582537464641699,8.577412,8.577412,8.498626,90.0,90.0,90.0,-6.466710509999999,-2.945274239843749,0.023077793906253,8.0026899,6.42608014,6.4261,8.0414,1.615299999999999
mp-1223856,InGa(AgTe2)2,4,8,266.96799909360413,33.37099988670052,5.664406988492665,6.503247,6.503247,7.80981870114659,65.39559856388978,65.39559856388978,90.0,-22.65811879875,-0.357866566249999,0.001259418749999,0.0007735,4.11925771,3.0536,4.1193,1.0657
mp-2230542,MgFe4(TeO6)2,4,19,213.1222452409219,11.216960275837994,5.41413089989118,4.812280174643721,4.804758182740209,9.217357014284028,90.00623873739649,90.00142900426158,89.96909116674917,-6.974287884210526,-1.6494090051754382,0.160771684561409,1.9906472,4.264365,4.2121,5.6028,1.390699999999999
mp-1078680,MgSiSb2,3,8,248.0026910008189,31.000336375102364,3.96262591735762,7.511673368034448,7.511673368034448,7.511673368034448,129.19695377193335,129.19695377193335,74.6938726218549,-3.95590356,-0.127455928749999,0.050932129270834,0.0019719,5.08588894,3.8116,5.0861,1.2745
mp-1194666,CsPSe6,3,64,2144.9157886120333,33.51430919706302,3.949152057898646,12.7946,12.7946,13.10258,90.0,90.0,90.0,-15.422455107968764,-0.424968770762662,0.00913618203125,0.0,1.16189847,1.1275,2.8307,1.7032
mp-775461,Li2V3FeO8,4,56,604.6684804723513,10.797651437006277,3.850681878195413,8.419902,8.419902,8.529101,90.0,90.0,90.0,-7.995743370178572,-2.344080999226191,0.028865770133928,35.9998625,3.26550194,2.6337,3.8694,1.2357
mp-10489,Cs2Ti(CuSe2)2,4,18,508.47692004534247,28.248717780296804,4.941739748283294,5.913543,5.913543,14.540379,90.0,90.0,90.0,-4.71254498,-1.168822045779853,0.0,0.0006646,2.6260982,2.5359,3.9001,1.3642
mp-754564,Li2CoOF3,4,28,298.4335734609909,10.658341909321104,3.245249842685825,5.894588000748144,5.894583000935181,8.588971000199384,89.99975453429711,89.99945833493597,90.00163296727776,-5.582543901071427,-2.491003817738094,0.049025921785717,0.0,-0.05885029,-0.1756,0.859,1.0346
mp-1218457,Sr4ZrTi3O12,4,20,259.5903240553371,12.979516202766854,4.972193659294816,4.028131,4.028131,15.998576,90.0,90.0,90.0,-8.4612501085,-3.5422790535,0.036882372375,0.0048451,4.59089983,2.8372,4.591,1.7538
mp-559613,K6Se2O9,3,68,1146.3912181880664,16.858694385118625,3.108490370367237,8.11316167,8.11316167,17.41616739,90.0,90.0,90.0,-5.15306113485294,-1.7229617032757352,0.0,0.0,1.11626525,1.0715,2.7033,1.6318
mp-1206880,Li2HgO2,3,5,57.68750319890507,11.537500639781014,7.094680294360936,3.024982858909595,3.02498253890729,6.657085840665327,103.12198696946652,103.1220005641378,90.05651457065555,-4.307147351999999,-1.502459395833334,0.0,0.0,2.15678336,0.9799,2.1566,1.1767
mp-626182,SbHO3,3,20,291.3018060569421,14.565090302847103,3.893746496951761,7.360286074637113,7.360286074637113,7.360286074637113,117.6066431229844,117.6066431229844,94.1979454868918,-6.053281105,-1.57967096625,0.027953794749986,0.0029606,2.288277019999999,0.8723000000000001,2.2883,1.416
mp-1211399,KP(HO)4,4,20,349.00797163229794,17.4503985816149,1.314140793469433,7.880398911238124,7.880398911238124,7.880398911238124,101.3837059879428,101.3837059879428,127.24632153461582,-5.157512887999999,-1.165577585689285,0.584884784249998,0.0003168,2.05815905,0.5706,2.0582,1.4875999999999991
mp-1211284,La2Cd(SeO)2,4,14,316.6528409272359,22.61806006623113,6.084558471512983,4.092894,4.092894,18.902637,90.0,90.0,90.0,-6.690039807142857,-2.730072754955357,0.003132327857144,0.0003078,6.27898244,4.2949,6.2792,1.9843
mp-2352325,HBr,2,2,64.0968089581845,32.04840447909225,2.096164216412822,6.177065735995883,4.663658556290912,4.695807805662526,82.59600898025715,48.47795925887884,48.926031760864014,-2.724474945,-0.208418458124999,0.3089136725,0.0,-3.81156546,-3.8545,-2.3027,1.5517999999999992
mp-1218629,Sr8SnPb3O16,4,28,461.8893805308805,16.496049304674305,6.101822902171518,6.026541,6.026541,12.7175,90.0,90.0,90.0,-6.3148489675,-2.462909186607142,0.082949611607151,0.001153,2.8150849300000003,2.7636000000000003,4.2291,1.4655
mp-774732,Li5BiS4,3,80,1640.520151661238,20.506501895765474,3.01187335841859,16.620004,16.620004,5.939082,90.0,90.0,90.0,-4.225324696875,-1.226900747541666,0.069674055124999,0.0080301,2.36311472,1.6228,3.0913,1.4685
mp-1211906,K5Zn4Sn5H4S17N,6,36,968.6846769967138,26.907907694353163,2.766444865099282,11.08670980967902,11.08670980967902,11.08670980967902,101.2377281621918,101.2377281621918,127.60682252600928,-4.367221813055555,-0.950599953576387,0.0,0.001826,1.235682849999999,1.1717,2.706,1.5343
mp-1205717,KRb2MnF6,4,10,185.203248571038,18.5203248571038,3.397790348606249,6.297161,6.297161,6.452925170650052,119.20465999173403,119.20465999173403,90.0,-5.345922172,-2.972165431018103,0.0,3.9998888,-1.06311945,-1.0631,0.6416000000000001,1.704699999999999
mp-1199104,Ba5Y8Mn4O21,4,38,573.4713118189702,15.091350311025533,5.656890860931278,10.34835057014416,10.34835057014416,10.34835057014416,94.52592064839332,94.52592064839332,147.37102335704952,-8.56975327131579,-3.248099350966425,0.013970802138157,20.0008939,3.62600127,3.6429,5.2011,1.5582
mp-1190476,Na2Zn(GeSe3)2,4,22,601.7438170156992,27.35199168253178,4.031300660981383,11.060071670028996,11.060071670028996,11.060071670028996,137.88447240151257,137.88447240151257,61.07998053851383,-3.978456999090909,-0.8725742951655561,0.006700648636368,0.000377,1.34576631,1.2377,2.5853,1.3476
mp-1197353,Ba4LiGa5Se12,4,44,1271.5281880449352,28.898367910112164,4.838203395355748,6.58024475,13.9008697,13.9008697,90.0,90.0,90.0,-4.500561832272726,-1.4698236290435611,0.022521868181819,1.63e-05,1.62245542,1.573599999999999,3.309,1.7354
mp-1029275,SrZrN2,3,8,136.4617568377772,17.05771960472215,5.034301211930637,4.05992818,4.05992818,8.27893087,90.0,90.0,90.0,-15.6284600325,-1.590221453125,0.0,0.0,3.0463492,3.0008,4.228,1.227199999999999
mp-1037834,CaMg30SnO32,4,64,644.1011914587162,10.06408111654244,3.60909106875451,8.637652,8.637652,8.633018999999999,90.0,90.0,90.0,-6.27074644109375,-2.938496060703125,0.067749547460937,0.0030082,6.63896634,6.6389,8.5237,1.8848
mp-37680,LiGdSe2,3,8,192.30724435198584,24.038405543998227,5.562743110213666,7.0886862377134445,7.0886862377134445,7.0886862377134445,132.0890703462805,132.0890703462805,70.08838629249148,-20.515157035,-1.913448991197917,0.012981377499997,14.0043272,2.52599179,1.9641,3.2313,1.267199999999999
mp-1031975,YMg6CO8,4,16,172.37101166258816,10.77318822891176,3.610081009323856,9.03745394,4.36726019,4.36726019,90.0,90.0,90.0,-6.442467120624999,-2.3733057284375,0.6190551219140631,1.0000001,6.91263013,6.6809,7.798,1.117099999999999
mp-1287570,CaMn2O4,3,14,180.9254631042347,12.923247364588192,3.927309440190976,5.91839286187061,6.646478874198052,5.918397688115003,116.4086701457848,90.05952084869284,116.4084506881451,-8.141818930000001,-2.410179717980295,0.037721716071427,0.0,2.52433558,2.5192,3.7481,1.228899999999999
mp-546672,LaBi2IO4,4,8,159.5889019714755,19.94861274643444,7.780607084812007,4.037423,4.037423,9.790259,90.0,90.0,90.0,-6.555715865000001,-2.301724320000001,0.0,1.44e-05,4.87872658,4.8,6.0225,1.2225
mp-2630,SrC2,2,3,57.20419148927592,19.06806382975864,3.240757387239209,4.097781607387848,4.097781875712951,4.47228315769777,117.26656850289352,117.26655694099126,89.99999721794565,-11.804059683333334,-0.124015866666664,0.003305768333333,0.0,0.7438409500000001,0.6255000000000001,2.3172,1.6917
mp-505145,Ag3BiO3,3,56,931.8928544762628,16.640943829933267,8.276325591559287,11.155254507547689,11.155254507547689,11.155254507547689,99.17646558933524,99.17646558933524,132.92563799164665,-4.678125754285714,-0.7834499885714281,0.01554486485714,0.0007203,3.46429242,2.6783,4.2253,1.546999999999999
mp-1025201,Rb2PdCl4,3,7,228.49132659374052,32.64161808482008,3.046260817114228,4.34642365,7.25051461,7.25051461,90.0,90.0,90.0,-3.809887898571429,-1.733442019285714,0.0,0.0,-1.21783317,-1.2929,0.4556,1.7485
mp-8298,Sr4P2O,3,7,185.3628959651904,26.48041370931291,3.837983005071672,4.814256094693773,4.814255219639518,8.692039544459822,106.07734843388346,106.07733545365478,90.0000029680872,-4.855025417142857,-1.633793929183673,0.0,0.0,2.6742856,2.6107,3.8241,1.2134
mp-23195,Bi2O3,2,20,342.89865926787417,17.144932963393707,9.025910157664596,5.57877357,7.83995421,7.83995421,90.0,90.0,90.0,-6.147045854000003,-1.622255527000005,0.019471687999999,0.0,3.56988044,3.5322,5.1904,1.6582
mp-22142,SiSe2,2,6,196.062263029096,32.67704383818267,3.150727677835988,8.158081192819772,8.122528392154853,6.47558898325972,128.89323046572608,129.07091691356644,89.98199242570583,-12.973589268333331,-0.507960916041665,0.010612622083332,0.0,-0.31079493,-0.3738,1.5639,1.9377
mp-1309882,Ba2TaMnO6,4,40,557.4106788280999,13.935266970702497,7.227541927197976,8.006084001118461,10.378326218238904,8.004000000522801,67.3168306508198,90.00057257857462,112.68977476696205,-8.5268908955,-3.071425021026436,0.006158234416668,8.5e-06,2.6393324700000003,2.5214,3.6908,1.1694
mp-1101329,Tb2SeO2,3,5,90.70279929559442,18.140559859118884,7.850418425992266,6.688003593666798,6.688003593666798,6.688003593666798,146.51140983075132,146.51140983075132,48.08776852261185,-7.97577822,-3.442266073135417,0.04122113,2.499999999999999e-06,3.4107784,3.3621,5.1851,1.823
mp-546621,ErBi2BrO4,4,8,141.1609268058397,17.645115850729958,8.576980871338387,3.898706,3.898706,9.286959,90.0,90.0,90.0,-6.645790428750001,-2.423718180625001,0.0,0.0003293,3.71168487,3.5739,4.9309,1.357
mp-10074,GeSe2,2,6,168.66356540046758,28.110594233411263,4.539852887448027,5.936629746886471,5.9366304358556725,6.3658686669788045,117.79348957747668,117.79348327512666,90.00000218767529,-4.438445596666665,-0.5668286598958321,0.012493755416668,0.0,1.20458002,1.1481,2.6669,1.5188
mp-625950,Te(HO)6,3,13,137.7940283234044,10.599540640261877,2.767412379706758,5.951534036563515,5.951534036563515,5.951534036563515,124.42487676375828,124.42487676375828,82.4928220517256,-5.209592363076923,-1.11712539724359,0.190608326923077,1.9200000000000003e-05,-0.38947301,-0.476,1.0969,1.5729000000000002
mp-35717,LiDySe2,3,8,185.45072015953303,23.18134001994163,5.862427807383192,7.034592017049084,7.034592017049084,7.034592017049084,132.53464419149975,132.53464419149975,69.38591399586235,-17.69871257125,-1.950805046197913,0.014099803749999,0.0,2.84805252,2.0024,3.6713,1.668899999999999
mp-562809,GdBi2BrO4,4,8,145.83880843715707,18.229851054644637,8.187904483538329,3.944661,3.944661,9.372463,90.0,90.0,90.0,-7.7956794525,-2.385056775625001,0.0,6.9999932,3.59930058,3.5467,4.5699000000000005,1.023199999999999
mp-28796,Sr5(AuO4)2,3,15,226.6389091572896,15.10926061048597,7.033940315983889,6.538915461818179,6.734123190253041,6.734265341391043,76.36644440454491,60.95502953348491,60.954363087668646,-5.983084594666673,-2.343511762000006,0.0,0.0,2.61405342,2.5533,3.6747,1.1214
mp-27401,NaIO4,3,12,164.80504403446315,13.733753669538595,4.310253454100542,5.2951764055897925,5.29517611065223,6.969014656978606,112.3280213025643,112.3280243081833,89.99999432888355,-4.867186216666667,-1.090923314396552,0.007896585000004,0.0,0.85372797,0.7681,2.6522,1.8841
mp-22859,HgI,2,4,151.3211478162347,37.83028695405868,7.187592340905009,5.070441172072168,5.07044047076725,6.888747225895806,111.5517488898586,111.55175722200552,90.02089924104857,-1.3604090299999991,-0.443566703750002,0.0,0.0,0.57835375,0.5617,2.213,1.6513
mp-626307,FeHO2,3,16,177.74841852821731,11.109276158013582,3.320238494993165,7.741865032485131,7.741865032485131,7.741865032485131,92.2802380327897,92.2802380327897,156.98839397469885,-6.8365373425,-1.396259927812499,0.152859580624999,20.000345,-0.22485338,-0.1947,1.5755,1.7702
mp-1396678,FeF4,2,10,150.14498306370507,15.014498306370507,2.9161569380958112,6.355141527414868,6.355141527414868,6.355141527414868,129.20677618194105,129.20677618194105,74.6780889472754,-5.18217454,-1.9570883979999991,0.200879542888888,8.0000417,-3.78347285,-3.9791,-2.3286,1.6505
mp-1030823,Mg6NbSiO8,4,16,165.63554812827118,10.352221758016949,3.958143000759848,8.79593692,4.33946032,4.33946032,90.0,90.0,90.0,-6.497534179375,-2.441713479375,0.496067566151319,0.379201299999999,8.05504166,7.8979,9.2994,1.4015
mp-1222371,LiZn2CrO4,4,8,77.31944833349671,9.664931041687089,5.449680263984546,5.329016042274784,5.329016042274784,5.329016042274784,133.88157089831628,133.88157089831628,67.27304216899351,-6.21403292,-1.979870222916667,0.119890259999999,2.9999911,2.9824124,2.9822,4.3898,1.4076
mp-1038041,CsMg30MnO32,4,64,651.1459239041567,10.174155061002448,3.644141133438137,8.693829,8.693829,8.615017,90.0,90.0,90.0,-6.25008468359375,-2.854477723087284,0.107983651357421,4.00535,4.5622000400000005,4.5621,6.3723,1.8102
mp-1226344,CrGeSbO6,4,36,387.0303371312832,10.750842698091198,5.876088438700169,4.604142,9.208284,9.128882,90.0,90.0,90.0,-7.453679400277778,-2.110030223055556,0.022019890000001,0.0032082,4.53415976,4.4119,6.2026,1.7907000000000002
mp-5459,Nd2TeO2,3,5,106.5119351805277,21.30238703610554,6.985686563767754,4.060112680857363,4.06011339991511,7.070435522728183,106.68554285320596,106.68555317718533,90.00000364949909,-7.758013819999997,-3.242909266333329,0.0,0.0,4.48993688,4.4508,5.7223,1.271499999999999
mp-37923,Sm5AgS8,3,14,306.32561829604,21.88040130686,6.050666353300868,7.355421281471375,7.355421281471375,7.355421281471375,109.6813798524818,109.6813798524818,109.0517149024365,-6.366669955,-2.114166379761904,0.024017178839282,0.000590399999999,5.9373061,4.1834,5.9376,1.7542
mp-13949,Cd(GaTe2)2,3,7,230.2900681691512,32.8985811670216,5.496361772578052,6.2185065433684965,6.218506185762778,7.402730313000092,114.83549878162523,114.83549703421326,90.00000565400451,-21.13475266714286,-0.469118834285715,0.0,0.0,2.78075164,2.7556000000000003,3.7913,1.0357
mp-2232123,Sr4MgNi2(ClO3)2,5,15,253.33993953005748,16.889329302003834,4.319960204136287,3.871871999999999,3.877873,16.872875,90.0,90.0,90.0,-5.748814746666668,-2.192461741,0.358262039222223,2.059362,3.06021979,2.9773,4.3272,1.3499
mp-22863,CuI,2,4,109.60395949501547,27.40098987375387,5.770785054562077,4.09019619,4.09019619,6.55145804,90.0,90.0,90.0,-3.1416019383333342,-0.329992295833334,0.013425672499998,0.0,4.17128791,4.1318,5.704,1.5721999999999992
mp-555212,Ba2InBrO3,4,14,292.8269888193814,20.916213487098677,5.867765636048222,4.314163,4.314163,15.733234,90.0,90.0,90.0,-5.858184360714287,-2.561333907380952,0.0,0.001661599999999,2.35183911,2.2675,4.0912,1.8236999999999992
mp-1232258,Lu2MgSe4,3,14,318.86478485852507,22.77605606132322,7.187392229898821,7.455904223583482,7.455904223583482,7.455904223583482,110.3075264542544,110.3075264542544,107.8112529356596,-5.339002225714286,-1.816503535386905,0.130362262857143,5e-07,3.72004375,3.6168,5.5324,1.9156
mp-37233,Nd2CdS4,3,14,318.3997996459922,22.742842831856585,5.5193662229918,7.454174220666163,7.454174220666163,7.454174220666163,110.7216960508169,110.7216960508169,106.99821541081045,-5.700825686428572,-1.8371262714285697,0.096072817499998,0.0007051,3.55785643,3.5578000000000003,5.4809,1.9231
mp-1223091,La2Ti3CoO10,4,16,201.25270690231105,12.57829418139444,5.283447690750743,13.959174953635728,13.959174953635728,13.959174953635728,164.21473096933696,164.21473096933696,22.395504191187264,-9.003754620625001,-3.368034806250001,0.053840857499999,3.0473624,4.7618476,4.7173,6.1643,1.447
mp-1228048,Ba4Ta2TiZnO12,5,20,277.9905295553307,13.899526477766534,7.266435344247421,5.812201,5.812201,8.229032,90.0,90.0,90.0,-8.2630887335,-3.266062606899999,0.019100291999992,0.0043704,2.7576861,2.7792,4.0684,1.289199999999999
mp-1038023,RbMg30MnO32,4,64,640.909498296712,10.014210910886124,3.579437622720225,8.647576,8.647576,8.570535,90.0,90.0,90.0,-6.2931514925,-2.896410836647359,0.072363920963542,4.004884,4.22452961,4.2244,6.2194,1.995
mp-1395287,CaWF4,3,12,180.52812232160525,15.044010193467104,5.517311576466899,6.972711959437375,6.972711959437375,6.972711959437375,132.5477674132798,132.5477674132798,69.36525158081207,-6.677913194166667,-2.908056592499999,0.39251768583333,7.9999181,2.96641074,2.9623,4.3918,1.4295
mp-505814,CsBa2Nb3O10,4,16,260.8671724870714,16.304198280441963,5.386912758877064,4.029055,4.029055,16.069895,90.0,90.0,90.0,-8.413842181875,-3.130751393103448,0.0,0.0203525,1.37831518,1.319,2.7267,1.4077
mp-1038189,Mg30AlCO32,4,64,615.8099527056281,9.62203051102544,3.451867424861404,8.461779,8.461779,8.600493,90.0,90.0,90.0,-6.323374492499999,-2.882352444296874,0.126844893339844,1.0069519,6.16092534,6.1609,7.9913,1.8304
mp-40830,NaSr3LaTi5O15,5,50,604.3957922035044,12.087915844070087,4.967811611431924,20.106142519574902,20.106142519574902,20.106142519574902,164.17414502550162,164.17414502550162,22.453462483793253,-8.5038788218,-3.501803329321839,0.007614784590066,0.000838499999999,4.58121417,3.6348,5.4941,1.8593
mp-753195,Li2WS4,3,7,193.8570111803974,27.69385874005677,2.792294396330491,6.778646037169517,6.778646037169517,6.778646037169517,126.68228743645447,126.68228743645447,78.76961683659248,-5.901140415714286,-1.140345156666665,0.031546194285713,0.000146499999999,-0.41925948,-0.5627,1.418,1.9807
mp-1413546,As2O5,2,28,344.1904214795091,12.29251505283961,4.435435821073583,8.61841547,8.61841547,4.63387087,90.0,90.0,90.0,-6.425987411428571,-1.557408827142856,0.00010126,0.0,1.36852507,1.2178,2.5832,1.3654
mp-5986,BaTiO3,3,5,65.32709969254628,13.065419938509256,5.927475120567493,3.99037921,3.99037921,4.10265539,90.0,90.0,90.0,-8.421991397999998,-3.490321403666664,0.00195657399997,0.0,3.06901686,3.0618,4.7898,1.727999999999999
mp-1381564,Fe2CoO4,3,14,146.88087045671404,10.491490746908145,5.30493854949021,5.932913866224252,5.932913866224252,5.932913866224252,120.49478920816328,120.20238002063404,89.39747523991598,-7.349091833571429,-1.082619953571429,0.500111340357142,6.0392225,2.76226882,2.7565,4.194,1.4375
mp-1274542,Ba2CoWO6,4,10,139.77699294262504,13.977699294262504,7.287421359034614,5.7564605601186045,5.861298041461123,5.8617783395835605,87.94667655128318,60.59830104532168,119.39824689563078,-7.927125534000001,-2.565399248000001,0.010751375500013,3.0001636,2.87892904,2.8151,4.6578,1.8426999999999991
mp-1038016,CaMg30SiO32,4,64,633.8423605493388,9.903786883583418,3.43008683254054,8.589811,8.589811,8.590413,90.0,90.0,90.0,-6.304296621718749,-2.949925207343749,0.088617919863281,0.000449299999999,6.67471051,6.6744,8.5505,1.8760999999999992
mp-1036763,Mg30VSnO32,4,64,636.4115771127827,9.943930892387227,3.681044166804406,8.603458,8.603458,8.597892,90.0,90.0,90.0,-6.35579247859375,-2.912943563984375,0.061209013333333,3.0083938,6.77858043,6.7785,8.6402,1.8617
mp-1282288,Sr2CrWO6,4,20,256.55382715121806,12.827691357560903,6.56403145646491,5.672735354756997,7.973475002894409,5.67233923101475,89.99854308828694,89.39944064407224,90.00271630655841,-8.3310994725,-2.762719481499999,0.002808716999998,4.0017218,4.49494639,4.4030000000000005,5.5405,1.1375
mp-1031776,Mg6VNiO8,4,16,156.33977483750198,9.771235927343874,4.07286294990622,8.51804867,4.28415014,4.28415014,90.0,90.0,90.0,-6.681093056875,-2.666683626875,0.097548971249999,4.9999978,6.77159546,6.3247,7.7997,1.474999999999999
mp-1036927,Mg30CdCoO32,4,64,626.5082907630648,9.789192043172887,3.74371727297725,8.549017,8.560622,8.560622,90.0,90.0,90.0,-6.26565179984375,-2.90092868234375,0.029298117460936,1.0066769,5.05984727,5.0595,6.3046,1.245099999999999
mp-560754,SiO2,2,48,669.7213451671146,13.952528024314889,2.383614099773126,12.372788,12.372788,4.374808,90.0,90.0,90.0,-7.845271967708332,-2.738191954374999,0.53463938951389,1.9200000000000003e-05,1.42053114,1.3145,2.6745,1.36
mp-989196,SbClO,3,6,113.78361256736102,18.963935427893503,5.055665759412736,3.791071999999999,3.791071999999999,7.916908999999999,90.0,90.0,90.0,-5.202763014999999,-1.5609279999999992,0.045034536666666,0.0,4.58826949,4.5237,6.3791,1.8554
mp-3074,KAgO,3,12,264.0651098774407,22.00542582312006,4.099159386853135,5.448483189535678,7.475779789074681,7.475780825095334,82.3689255474526,68.62879014024868,68.62878880538283,-4.001340740833331,-1.027251272138884,0.0,0.0,0.02597026,-0.0769,1.4089,1.4858
mp-36125,Li2MnBr4,3,7,167.2573839260045,23.893911989429217,3.85641107410512,6.735110766332726,6.735110766332726,6.735110766332726,131.6137664893064,131.6137664893064,70.83972904175928,-4.286645464285714,-1.496981583513957,0.053115172857143,4.9997812,2.72120744,1.1012,2.7212,1.62
mp-556500,NClOF4,4,14,209.00303573016052,14.92878826644004,2.247697071579463,7.01942949459591,7.01942949459591,7.01942949459591,127.92200106908275,127.92200106908275,76.75141733980799,-4.184614522142857,-0.928872943571428,0.0,0.004557999999999,-1.5403148,-1.5916,-0.2601,1.3315
mp-1037024,Mg30CrNiO32,4,64,619.7958740853832,9.684310532584112,3.621757602832468,8.508366,8.508366,8.561628,90.0,90.0,90.0,-6.418712929375,-2.939306105,0.025120367890625,6.00598,6.51788131,6.5179,8.2221,1.704199999999999
mp-758081,LiCoSnO4,4,28,318.789735751728,11.385347705418855,5.179335913933234,6.088666020455383,8.600187022870724,6.087995004169599,90.00021937536994,89.99577457928906,89.99162586777845,-6.495133089642858,-1.803168023690476,0.097558418928572,6.3e-06,3.24861031,3.1527,4.4155,1.2628
mp-1033099,Mg6AlCoO8,4,16,153.55360250311,9.597100156444377,3.890252028094171,8.55440022,4.23677326,4.23677326,90.0,90.0,90.0,-6.51284217,-2.7474983775,0.16234252046875,2.0000026,8.53346972,8.2871,9.4216,1.134499999999999
mp-2740809,Co(SbO2)2,3,28,427.5413316750645,15.269333274109446,5.693071672860841,5.920194870029452,8.498534320305628,8.497634960227042,90.00088531559467,90.00007344312039,90.00030608734114,-14.024362438571428,-1.376219982142856,0.004408127040823,11.9999998,5.87793439,5.8775,6.9154,1.037899999999999
mp-569349,Rb2HgPSe5,4,72,2407.3875707030475,33.43593848198677,4.399613105885109,18.064917,18.064917,7.376902999999999,90.0,90.0,90.0,-3.653050265277778,-0.8568534768179571,0.0,0.1727062,1.60718239,0.7918000000000001,2.415,1.6232
mp-561294,SrLi2Nb2O7,4,12,148.3112548155138,12.35927123462615,4.470805573122048,4.013016,4.013016,9.636679088948071,102.01780888619314,102.01780888619314,90.0,-8.038102840833334,-3.009051929305555,0.016421269583339,0.0,1.59520774,1.4166,2.8839,1.4673
mp-1227324,Ca2MnO3,3,24,318.06054651386575,13.252522771411073,3.823571693457356,3.361314108756871,14.075425,6.722629631727305,90.0,90.0,90.0,-7.509578563333334,-2.84006221882184,0.041473965,3e-07,3.65804942,3.614,5.3489,1.7349
mp-14873,K4Nb8Si(P2O17)2,5,51,758.4321643970592,14.871218909746258,3.493474493158848,10.781159,10.781159,6.52508,90.0,90.0,90.0,-8.44573324137255,-2.942717447011205,0.0,0.000193399999999,0.80489614,0.5541,2.4873,1.933199999999999
mp-560465,K11LiMn4O16,4,32,564.3940708049079,17.63731471265337,2.685502595197144,7.964432112291874,7.964430080646699,10.53017879058784,112.221271344256,112.2213722871454,89.99818871644547,-5.900056711249999,-1.8322621154627328,0.0,8.0022794,0.27736425,0.2754,2.0216,1.7462
mp-1025221,Zn(NF2)2,3,7,108.44155580542326,15.49165082934618,2.594226038833136,7.514099410863487,7.514099410863487,7.514099410863487,149.5847111043025,149.5847111043025,43.55134524337946,-4.107282725714286,-0.451324354285714,0.8059885292857151,4.0011019,-1.70556572,-1.7603,-0.338,1.4223
mp-39033,Sr(NdSe2)2,3,14,370.3221078421252,26.451579131580367,6.205408856601719,7.8355109636378595,7.835511247945617,7.835511996069708,109.43573266539288,109.54221168149915,109.43574280005804,-20.98957908071429,-2.242733372321428,0.0,0.0,3.2562593,3.2475,4.9999,1.7524000000000002
mp-5488,LiInO2,3,8,87.12220979913899,10.890276224892371,5.861211148870394,5.561942173719977,5.561942173719977,5.561942173719977,134.16111763350608,134.16111763350608,66.8364652018882,-5.70235671375,-2.061352058749999,0.0,0.0,3.91786744,3.8778,5.6921,1.814299999999999
mp-552738,TmBi2IO4,4,8,148.74466340154652,18.593082925193315,8.683084204108507,3.921361,3.921361,9.673146,90.0,90.0,90.0,-6.5339895437500015,-2.336686201875002,0.0,0.0030983,4.31253312,4.2629,5.6888000000000005,1.425899999999999
mp-1095700,Mg30CdSnO32,4,64,645.5285161396633,10.08638306468224,3.787178364159577,8.63757,8.63757,8.652314,90.0,90.0,90.0,-6.190999631875,-2.875086590390625,0.07469929609375,0.012977599999999,6.8336624,6.8337,8.5525,1.718799999999999
mp-1019888,KNa2BN2,4,6,94.3060654457998,15.717677574299964,2.181667813151634,5.994630477588089,5.994630477588089,5.994630477588089,138.30447073448138,138.30447073448138,60.43700617299712,-5.146985715,-0.6185259581958811,0.0,0.0064468,1.63765743,1.58,3.1618,1.581799999999999
mp-768368,K4I2O,3,7,243.8457159501792,34.83510227859703,2.902344643035187,9.502075666145004,9.502075666145004,9.502075666145004,147.71947970816905,147.71947970816905,46.29964326925711,-3.3139624142857143,-1.525181681999999,0.0,0.0,1.76651458,1.7202000000000002,2.7372,1.017
mp-19395,MnO2,2,12,134.76660221473986,11.230550184561656,4.284801280941089,2.8546976562691504,7.015764235394808,7.019539628216182,87.57534311708623,78.26880630193568,78.25214817006923,-8.158475707500001,-1.80582994014368,0.016697983888889,11.9999997,0.85480126,0.6272,1.7739,1.1467
mp-1197741,MoP2H18(C3Cl)2,5,232,3615.762381575973,15.585182679206785,1.172008502177462,13.06563937,13.06563937,21.18061413,90.0,90.0,90.0,-5.134849452801725,-0.242691710449507,0.107503989224135,32.0000039,0.11091601,-0.2042,1.0961,1.3003
mp-1038310,Mg30AlCuO32,4,64,616.110924122679,9.62673318941686,3.589078862313187,8.511372,8.511372,8.504715000000001,90.0,90.0,90.0,-6.3311925565625,-2.970354507968749,0.029989304648437,0.0002958,7.14712722,7.147,8.2512,1.1042
mp-5532,Sr2TiO4,3,7,95.59542788402864,13.656489697718376,4.987146509547847,3.8962357014417193,3.8962353236820353,6.873493424657987,106.46470611647372,106.46470502710056,90.0000029170611,-7.88231787,-3.443433267619047,0.0,0.0,2.51677959,2.4457,4.3599,1.9141999999999992
mp-29391,SbCl3F2,3,24,604.9230933108859,25.205128887953578,2.921995854701883,9.886916868671356,9.886876686196064,9.887106582540584,97.41971825876792,97.42016971389172,137.87787517983207,-4.01483876375,-1.764449698750001,0.0,0.0,-1.75114224,-1.8412,-0.0129,1.8283
mp-551816,YBi2IO4,4,8,151.3342340540907,18.916779256761338,7.656378784706029,3.95211,3.95211,9.689004,90.0,90.0,90.0,-6.75915224375,-2.308525149375,0.0,0.000114399999999,4.35321325,4.199,5.5826,1.3836
mp-1222369,LiCoNiF6,4,18,200.24455882794,11.124697712663334,3.95651102380261,4.702824,4.702824,9.054058,90.0,90.0,90.0,-5.37690713,-2.454063739259259,0.002659737222221,4.0,-1.13800815,-1.138,0.5759000000000001,1.713899999999999
mp-1025340,Cu2WSe4,3,7,173.33187043550686,24.76169577650098,6.004547168596251,6.847860890406847,6.847860890406847,6.847860890406847,132.09565722802543,132.09565722802543,70.07798859637433,-19.01609805428572,-0.400722725178574,0.0,0.0,2.21600756,2.0609,3.3366,1.275699999999999
mp-505366,AuBr,2,8,234.9855081665895,29.37318852082369,7.826089358503499,4.2405203,4.2405203,13.06780925,90.0,90.0,90.0,-2.85840536125,-0.402991093749999,0.0,0.0,0.54207735,0.5007,2.1892,1.6885
mp-550635,LuBi2IO4,4,8,147.7127098202603,18.464088727532538,8.81156484290883,3.903233,3.903233,9.695471,90.0,90.0,90.0,-6.53657030875,-2.334368720208334,0.0,0.0009343,4.3971935,4.3305,5.773,1.4425
mp-1043669,Co(Si2O5)2,3,60,837.2617837720443,13.954363062867404,2.628021249843174,7.289308,7.289308,15.757549,90.0,90.0,90.0,-7.907739454,-2.686786194666666,0.145965412444445,12.0019071,0.25998746,0.2599,1.309,1.0491
mp-1222411,LiCa2CuN2,4,12,186.46158851929184,15.538465709940986,3.182059469234032,5.303525,5.303525,6.629185,90.0,90.0,90.0,-5.207935544166667,-0.7586214130555551,0.0,0.0004988,3.97277782,2.9329,3.9726,1.039699999999999
mp-1228482,Ba2Ti5(Bi2O9)2,4,29,376.9567903374469,12.9985100116361,7.215141562091505,3.926667,3.926667,24.605168185115154,85.42330259081011,85.42330259081011,90.0,-7.918595635172415,-2.817256142298852,0.068800800172425,0.0003432,4.55080684,4.5506,5.9059,1.355299999999999
mp-9297,Ba(AuO2)2,3,14,217.3158006240782,15.522557187434158,9.09688780849218,6.495624702225594,6.495624502186121,6.901031603920754,118.0750103813571,118.07501884016436,90.00000047043491,-5.482577204285714,-1.445636781428571,0.0,0.0,2.20246243,2.1562,3.334699999999999,1.1785
mp-556048,Nb2O5,2,56,817.0278638882543,14.589783283718829,4.32188433489156,14.711328061979671,14.711328061979671,14.711328061979671,90.97627692753122,90.97627692753122,164.99940875024,-9.448015723392857,-3.027670708392857,0.006534566301022,0.0,0.94618144,0.1453,1.7019000000000002,1.5566
mp-1222826,Li2Zr6MnCl15,4,24,589.4911497491261,24.56213123954692,3.233688651459102,9.149585173844386,9.149585173844386,9.149585173844386,108.9597993238804,108.9597993238804,110.49897763175863,-5.845248362916667,-2.012156412691572,0.004665175972224,0.001718599999999,2.52055177,2.5202,3.6846,1.1644
mp-32780,AuCl,2,8,205.9167224305555,25.73959030381944,7.497045788439865,6.518946347554417,6.518945688159357,6.518944588482559,96.98049784193998,116.05503938842512,116.05503047544342,-28.6329015475,-0.264202023750002,0.0,0.0,0.79990707,0.7245,2.3989000000000003,1.674399999999999
mp-1035776,KMg14FeO16,4,32,327.15933110406326,10.223729097001977,3.508292864382284,8.63577881,8.63577881,4.3868854200000005,90.0,90.0,90.0,-6.232867905312499,-2.745513304601561,0.129489339316407,4.9992776,4.86085102,4.449,6.0098,1.5608
mp-36031,Ca(LaTe2)2,3,14,457.3961640624167,32.67115457588691,6.014069427635227,8.407348644355908,8.40731722325739,8.407045408724137,109.84342514859551,109.84274425798732,108.72833216273892,-5.337939997857144,-1.844963188809525,0.013001080535683,0.0,6.87221325,6.1807,7.579,1.398299999999999
mp-1261307,MgV2(SiO4)3,4,72,803.0445973520898,11.15339718544569,3.328646307866403,10.142185236380223,10.142185236380223,10.142185236380223,109.76077230138208,109.76077230138208,108.89365653158872,-8.004277415138889,-2.701512509305555,0.19825448847223,0.003538,2.18408421,2.1841,3.6374,1.4533
mp-568968,K2SnHgSe4,4,8,242.20797196969767,30.275996496212212,4.890521489869919,6.831497033699201,6.831497033699201,6.831497033699201,105.84137454611064,105.84137454611064,117.0038242963398,-3.5204261925,-0.9497225364218752,0.0,7.82e-05,1.36335561,1.3103,2.7888,1.4785
mp-1009085,BeSiP2,3,8,133.16868998197077,16.646086247746346,2.470076621534859,5.11196259,5.11196259,6.247798645066255,114.14838485156235,114.14838485156235,90.0,-5.37151493,-0.372595443571428,0.0,0.0,5.46849711,5.2578,6.408,1.1502
mp-1209957,NaTlSe2,3,8,218.02412870523864,27.25301608815483,5.869021905319852,6.584165997382583,6.584165997382583,6.584165997382583,106.65493423333967,106.65493423333967,115.26375630848874,-21.998732898625,-0.6570814956562501,0.029554007624998,0.0001008,2.41694827,2.417,3.4613,1.0443
mp-6189,CaCu(Si2O5)2,4,64,839.861926025441,13.122842594147516,2.973328106125029,7.376571,7.376571,15.434723,90.0,90.0,90.0,-7.837203851875,-3.006848306875,0.029483759010418,4.1957988,3.17076579,2.8032,3.8553,1.0521
mp-1038167,Mg30MnVO32,4,64,623.138505826466,9.736539153538532,3.5895122514058637,8.541506,8.541506,8.541136999999999,90.0,90.0,90.0,-6.4946730809375,-2.9713172376239223,0.009906270572915,7.9998992,6.1397562,6.1395,8.1392,1.9997
mp-7386,NaAgF4,3,12,155.4217440461332,12.951812003844433,4.420039617235297,5.462085052814418,5.462085538619325,6.485054743725869,114.9058801903066,114.9058736585698,89.99999451577843,-8.110474405833333,-1.873112819999999,0.0,0.0,-2.36872036,-2.4591,-0.9127,1.546399999999998
mp-1384628,Ca(CrS2)2,3,14,294.49502911142986,21.03535922224499,3.071121013345756,7.537287211501695,7.537287211501695,7.537287211501695,121.71796963883077,121.71796963883077,87.04928506758617,-6.702054747857143,-1.293299652142856,0.101815324285715,11.9997632,4.7443196400000005,3.3763,4.7445,1.3682
mp-1216868,TiFeSbO6,4,18,201.3980566923813,11.188780927354516,5.301052509088971,4.718114,4.718114,9.047288,90.0,90.0,90.0,-7.937578323888889,-2.361769379814815,0.030516753055553,10.0012185,4.09685988,4.097,5.4929,1.395899999999999
mp-33606,Ba(PrSe2)2,3,14,396.4956860304456,28.32112043074611,6.156267850620727,8.015946189706003,8.015898796676574,8.015971703993683,109.38486749675538,109.38419246741417,109.64471320484904,-5.832736246428571,-2.190798565386904,0.00676337910702,0.0,3.21730218,3.2037,4.8227,1.619
mp-1037884,Mg30MnCO32,4,64,619.0187180166765,9.67216746901057,3.508968506885013,8.524203,8.524203,8.519149,90.0,90.0,90.0,-6.365893218125,-2.840239303327047,0.119611591210937,5.0003762,5.57525047,5.5752,7.4849,1.9097
mp-1227631,Ca3CdO4,3,8,109.4035286361873,13.675441079523411,4.502474757974714,3.38757159,3.38757159,9.53354379,90.0,90.0,90.0,-6.175232763749999,-2.829151032499998,0.002081245000001,0.0,2.355262289999999,2.2075,3.9424,1.7349
mp-861559,TaFeO4,3,36,414.070353403246,11.501954261201275,7.237528677861396,10.37328082636212,10.37328082636212,10.37328082636212,142.32776535089403,142.32776535089403,54.33538510639265,-9.328597315277776,-2.6404651864999997,0.033517803888887,30.0022251,2.5440487,2.5148,4.3839,1.869099999999999
mp-1289694,Sr2VMoO6,4,20,255.4980873387385,12.774904366936926,5.434883013227806,6.9236707645088815,6.923903017761875,6.923411914747597,70.48487950579772,70.73900284086396,109.63649379134056,-8.045238249499999,-2.745020410499999,0.020710915828129,0.0039899,4.17875847,4.1545,5.364,1.2095
mp-31218,K3FeO2,3,24,561.6337504839661,23.401406270165253,2.426070905660519,6.192363671644456,6.1923166740207165,14.646844042295154,90.00829235818453,89.99818643393694,89.91602277658767,-4.842456572083333,-1.215781174041666,0.073928023145833,0.0001868,1.10438116,0.974,2.1332,1.1592
mp-1037038,RbMg30CoO32,4,64,636.7260867856043,9.948845106025066,3.613374292906289,8.62236,8.62236,8.564467,90.0,90.0,90.0,-6.22658904078125,-2.861545237617187,0.076229352336419,0.000737999999999,3.97089358,3.9708,5.8759,1.9050999999999991
mp-12444,SrCuSF,4,8,134.19405957745002,16.774257447181252,5.004838895047967,3.93943137,3.93943137,8.64701502,90.0,90.0,90.0,-11.568100305,-2.279969743203125,0.0,0.0,4.70281359,4.4361,5.9487000000000005,1.5126
mp-1220889,NaSr2LaTi4O12,5,20,242.13710665422144,12.106855332711072,4.941736898551508,5.541277,5.541277,7.885725,90.0,90.0,90.0,-8.520863389,-3.489859179485633,0.00899788998749,0.0005999,3.75476803,3.7547,5.6186,1.8638999999999992
mp-556603,FeWClO4,4,14,257.8593048649655,18.418521776068964,4.3678696254124905,5.576939,6.799759,6.799757,90.0,90.0,90.0,-7.970484744999999,-1.817837299285713,0.07392136232143,0.0,-1.06055006,-1.0391,0.2049,1.244
mp-10165,KAlTe2,3,8,263.0227051443566,32.87783814304458,4.056666689770674,6.9785128706382,7.061534265771397,7.061536032689563,75.86803354950783,60.38815333080796,60.38816393363669,-16.85513851625,-0.9589357946875012,0.004704532499999,0.0,2.8793588100000003,2.8082000000000003,4.5119,1.7037
mp-20488,CrF4,2,20,245.74376516367715,12.287188258183855,3.459406884007943,8.05643998,8.05643998,3.78613553,90.0,90.0,90.0,-6.0623226185,-2.600631224499999,0.0061190655,8.0000005,-2.25494739,-2.3056,-1.291399999999999,1.0142
mp-1038358,Mg30AlNiO32,4,64,615.5115733213843,9.61736833314663,3.579482268457653,8.523513,8.523513,8.472254,90.0,90.0,90.0,-6.3518753765625,-2.9647727965625,0.040181789257813,0.9991298,6.98605155,6.986,8.3138,1.3278
mp-707337,K3H3Pd,3,56,1234.487960118361,22.04442785925644,2.439933087300614,10.909408,10.909408,10.372525,90.0,90.0,90.0,-7.536771220375002,-0.196687988589287,0.071486638107142,0.004824999999999,-0.34143643,-0.3705,1.4085,1.779
mp-23097,K2Os(Cl2O)2,4,9,229.45855466924343,25.495394963249268,3.200370892556848,6.73929148593374,6.73929148593374,6.73929148593374,115.15862991084543,115.15862991084543,98.61233983100102,-4.846493078888889,-1.4264708471666672,0.274856350277778,0.0001515,0.09738449,0.0611,1.4908,1.4297
mp-753719,SrLiNb2O6F,5,11,156.8373425205988,14.257940229145346,4.186024414516485,10.799974298739048,10.799974298739048,10.799974298739048,159.33226470471448,159.33226470471448,29.39158899449905,-8.228826395454545,-3.191955537121212,0.032498097272711,0.0011312,1.60416188,0.7156,2.4812,1.7655999999999992
mp-1218897,Sr10Mg4Fe(MoO6)5,5,50,640.3670850251999,12.807341700504,5.157548337711488,8.040658,9.787961115914792,9.787961115914792,80.28721849499377,114.25147563516944,114.25147563516944,-7.484224994399999,-2.792559736999999,0.002528194283342,3.9972969,3.07734277,3.0958,4.9756,1.8798
mp-758596,LiFeSiO4,4,28,264.9825461664162,9.463662363086296,3.8820095056023,5.732473000201832,5.732419000106848,8.063755000131204,90.0000000019956,90.00065667931541,89.99930035022295,-7.565389426071428,-2.48023140797619,0.06824485714286,0.0,3.41714429,3.3006,5.2047,1.904099999999999
mp-1036184,Mg14MnZnO16,4,32,314.0180693240023,9.813064666375071,3.789446449373336,8.563221,8.563221,4.282332,90.0,90.0,90.0,-6.3924075328125,-2.879416433060345,0.018070895625,5.0073502,5.7651284,5.7652,7.5456,1.7804
mp-1031012,NaLiMg6O7,4,15,161.0626403437153,10.737509356247688,2.966740293965847,8.700232,4.30261008,4.30261008,90.0,90.0,90.0,-5.668105602666666,-2.490159551314176,0.289221444666666,0.0,3.88918774,3.584,4.695,1.111
mp-1247493,Na6CrN4,3,22,311.7517269168902,14.170533041676828,2.620217759214987,7.337504,7.337504,5.790448,90.0,90.0,90.0,-4.893158153181819,-0.251659687570533,0.0314263014532,0.0009771,3.69713358,2.6561,3.6971,1.041
mp-1218746,Sr2MnNbO6,4,40,519.9883540974803,12.999708852437006,5.353197443687364,8.123075144376852,8.118085801607297,9.7544197727564,65.41154208689058,65.3976186501197,90.009229794239,-8.22229925425,-2.988705000043104,0.006156893750002,0.0,3.27859513,3.1163,4.6264,1.5101
mp-29536,Ag5CF4,3,40,604.5568390251768,15.11392097562942,6.89252909177272,7.540229,7.540229,10.6333,90.0,90.0,90.0,-13.660440880708329,-0.7373676092083281,0.248403451916667,0.0040183,0.48975469,0.3875,2.3656,1.9781
mp-773116,La20S29O,3,100,2487.3930768097666,24.873930768097665,4.972143121510441,15.058307683601669,15.058307683601669,15.058307683601669,117.83968447441292,117.83968447441292,93.78436282794624,-7.0187738066,-2.545721071249999,0.006076079849994,3.34e-05,7.79085141,5.8896,7.7908,1.9012
mp-2221664,Cd(FeO2)2,3,14,169.03937462611523,12.074241044722516,5.660207645596174,6.018591831743701,6.319057153318207,6.316115354124322,56.93513205657658,61.50486156813408,61.4634094213276,-6.950078202142857,-1.565521540714285,0.051528645,19.9997298,2.49029581,2.438,3.8681,1.4301
mp-8017,AlCuTe2,3,8,218.71279783515297,27.33909972939412,5.249753008760489,6.034586344720993,6.034586700333153,7.3674374798383475,114.17621994552456,114.176234582174,89.99999775944846,-17.52852994375,-0.425194206250001,0.0,0.0,4.91045025,4.7877,5.8063,1.0186
mp-1178119,LaNb2AgO7,4,88,1359.1678870760074,15.44508962586372,5.322668826948682,22.4684905359197,22.4684905359197,22.4684905359197,159.74204771792446,159.74204771792446,28.802390896619205,-8.586143243863637,-2.893663071287879,0.055639301720782,0.0322266,2.17514387,2.1101,3.247,1.136899999999999
mp-1119092,Cs3W2N5,3,40,969.3089602552146,24.23272400638037,5.73160677889433,11.023984350283069,11.023984350283069,11.023984350283069,102.08374815842568,102.08374815842568,125.54326792469224,-7.671307047500001,-0.6381488578965531,0.022667108842103,0.0056399,1.64655798,1.6465,3.6147,1.9682
mp-1220387,NbAgO3,3,10,127.91798090285629,12.791798090285628,6.458777991663299,5.632712,5.632712,4.031777,90.0,90.0,90.0,-7.722826699,-2.165201552333332,0.053432297285715,4.299999999999999e-06,2.24970641,2.145,3.1693,1.024299999999999
mp-763481,Nb2CoO6,3,36,429.6740006556189,11.935388907100524,5.267397992519299,4.829102013629449,10.39951890846365,9.65930110335722,62.344609472468825,90.00166627856555,90.0082641993174,-8.982397385277778,-2.6464204041666672,0.022069751666684,2.5800000000000004e-05,2.91569421,2.0138,3.9731,1.9593
mp-1031226,RbMg6TiO8,4,16,184.042528529905,11.502658033119063,3.673635065533214,8.65829641,4.61044527,4.61044527,90.0,90.0,90.0,-6.146040808125,-2.505882419427083,0.4704435975,0.9999731,6.10419372,5.8076,6.8835,1.075899999999999
mp-557950,TiZn(BiO3)2,4,10,138.91922704553247,13.891922704553249,7.497487962031001,6.201072716774171,6.201072716774171,6.201072716774171,129.36286176726577,129.36286176726577,74.42741035129879,-6.860302966000001,-2.197995938333334,0.057508676499997,2.9300000000000004e-05,3.99609448,3.9698,5.5878,1.617999999999999
mp-1238789,CsPb2I5,3,16,712.2071523580712,44.51294702237945,5.510956267572832,10.637205873342491,10.637205873342491,10.637205873342491,128.7614977872811,128.7614977872811,75.39463771292492,-3.0914747675,-1.097307919331895,0.037908745625001,0.0032462,1.89415336,1.8931,3.839,1.9459
mp-16452,BaLa2ZnS5,4,18,442.2446535368493,24.56914741871385,4.812688562979128,8.914714654459054,8.914714654459054,8.914714654459054,126.55322795842632,126.55322795842632,78.98075914419876,-5.898902267222223,-2.150266564722222,0.0,0.002239,4.82198747,4.7413,6.1978,1.4565
mp-553248,CsLaNb2O7,4,11,179.6799083471451,16.334537122467736,5.26422465089392,3.952105,3.952105,11.503833,90.0,90.0,90.0,-8.711360054545453,-3.194785346332288,0.033342005795452,0.0004482,2.43994709,2.3658,3.8072,1.441399999999999
mp-560748,SbCl3F2,3,24,609.0477514796448,25.3769896449852,2.902207202593907,9.912425909874267,9.912404543648798,9.912924213634456,97.39937809812756,97.39910821047488,137.93869005937103,-4.0101014125,-1.7597123475,0.00473735125,0.0,-1.6155464,-1.6960000000000002,0.0174,1.7134
mp-1080777,Pr2Fe2Se2O3,4,9,160.31486056652014,17.812762285168905,6.208820165957686,9.90720207231194,9.90720207231194,9.90720207231194,156.03124204799894,156.03124204799894,34.15373113824398,-7.648779023333333,-2.274702211446759,0.025389835,7.9992701,3.66700926,3.4273,4.7357,1.308399999999999
mp-1199790,Cs10P4PdSe16,4,62,2434.859158822596,39.27192191649348,3.85012225735223,11.94830588,14.27525111,14.27525111,90.0,90.0,90.0,-4.033378741129033,-1.070277603794295,0.0,0.0,1.05513827,0.9991,2.2522,1.2531
mp-1189897,Ba2ThS6,3,18,495.5714916064818,27.531749533693432,4.684906581797498,5.53901505,5.53901505,16.15255486,90.0,90.0,90.0,-5.992021996666671,-1.9835559516666696,0.0,0.0,3.34037603,3.256,4.5651,1.3091
mp-38771,Gd2MgS4,3,14,290.9332277649132,20.780944840350944,5.331667923254413,7.233313049612051,7.233313049612051,7.233313049612051,110.71393921289508,110.71393921289508,107.0133893590308,-8.719896635,-2.10099587142857,0.176323435714289,28.0020572,5.51306668,4.1097,5.5132,1.4035
mp-2041196,Rb2CrF6,3,9,151.851083096319,16.872342566257668,3.684348704832016,5.887051491174348,6.041562831113732,6.045821677576811,58.29254280940093,60.81750721348049,60.8899479911961,-5.531312068888889,-2.964953194999999,0.0,2.0,-2.76175345,-2.8022,-0.9241,1.878099999999999
mp-1232057,Sm2MgSe4,3,14,343.67770451874406,24.54840746562457,6.192903146899184,7.646621310019413,7.646621310019413,7.646621310019413,110.75438953888477,110.75438953888477,106.9342823408752,-5.472323718571428,-1.893568262053571,0.078869225357141,0.000198799999999,5.24716439,3.4839,5.2473,1.763399999999999
mp-569282,LiCa10MgSb9,4,84,2459.8276581780924,29.283662597358244,4.125624286067264,11.964099,11.964099,17.184808,90.0,90.0,90.0,-3.942000488095238,-1.048838448015872,0.0,9.9e-06,4.69241946,4.079,5.2921,1.213099999999999
mp-861184,Li2WS4,3,7,200.795648546268,28.685092649466856,2.695804664729433,6.069813,6.069813,5.45009,90.0,90.0,90.0,-5.895956347142857,-1.135161088095237,0.036730262857141,0.000412999999999,-0.64511253,-0.6578,1.2553,1.9131
mp-1249697,Mn2Fe3(SiO4)3,4,80,840.7384986774025,10.509231233467531,4.37412921459072,10.30157689541407,10.30157805888996,10.301578088421405,111.5445131556982,108.4446203499527,108.44462862978077,-8.344682194999999,-2.375403176793102,0.105827315541676,79.999888,4.07386544,4.0739,5.2305,1.1566
mp-30308,TlAuF6,3,64,925.4473320408964,14.460114563139005,7.397440364428537,5.75117948,5.75117948,27.97936576,90.0,90.0,90.0,-16.87016781734375,-1.5551137635937482,0.0,0.0,-1.14995703,-1.4035,0.1235,1.527
mp-559299,VPO5,3,14,161.3066148420819,11.521901060148709,3.33354756313978,6.184539330002103,6.184539330002103,4.21732884,90.0,90.0,90.0,-8.08552007285714,-2.479922269948976,0.021853144285714,0.0,0.76051907,0.7193,2.492,1.7727
mp-1038482,Mg30BCO32,4,64,616.0266098361348,9.625415778689606,3.407064680428392,8.542078,8.542078,8.442526,90.0,90.0,90.0,-6.31211617921875,-2.825253256940104,0.164955904121093,0.9999874,4.76961476,4.7696000000000005,6.5752,1.8056
mp-1039906,SrMg30SiO32,4,64,643.2010897777529,10.05001702777739,3.502916457914445,8.630373,8.630373,8.635503,90.0,90.0,90.0,-6.2694224596875,-2.9199443545312502,0.115612469121093,0.0006636,6.57505698,6.575,8.3275,1.7525
mp-675003,Ce8Nd2O19,3,29,415.1846851192364,14.31671327997367,6.852778377937469,3.8809633910678674,38.89138722154612,37.10695041952776,5.200299978451195,58.493773147027845,60.09166417893365,-9.082019622413794,-3.873635038965517,0.028432734396549,0.0009563,4.2709655,4.2709,6.196,1.9250999999999991
mp-734188,O2,1,12,201.66216220440137,16.805180183700113,1.580919007643098,5.168494,5.168494,7.549120999999999,90.0,90.0,90.0,-4.51321712,0.434743884999999,0.434743884999999,0.001072,-3.16025749,-3.1805,-1.8979,1.2826
mp-1202124,Ba6Zr(Zn3S7)2,4,54,1362.055108831859,25.22324275614553,4.282968990788906,12.722459781761112,12.722459781761112,12.722459781761112,98.75131606456202,98.75131606456202,134.0836484256306,-4.8896590433333325,-1.721378306111109,0.007840124930555,0.001737799999999,2.494102739999999,2.4296,3.9065,1.476899999999999
mp-10930,TbSF,3,6,97.81704624855097,16.30284104142516,7.129524793647941,3.78629042,3.78629042,6.82317797,90.0,90.0,90.0,-17.489294133333335,-3.3604610242708333,0.0,0.0,4.22292167,4.1732,5.4319,1.2587
mp-1080205,KMnO2,3,16,220.6576319510087,13.791101996938044,3.793864371454185,7.023511789144231,7.023511789144231,7.023511789144231,125.65595453643712,125.65595453643712,80.45434133592472,-6.841037481250001,-1.793710725045259,0.152322246041666,15.999996,1.73307487,1.695,3.1932,1.4982
mp-1456,Fe2O3,2,160,1860.0826885883928,11.625516803677453,4.561835814321036,8.525216,8.525216,25.593016,90.0,90.0,90.0,-7.94451655875,-1.58773147175,0.119359881249999,320.043733,2.4904807,2.2267,3.794,1.5673
mp-2236644,NbVO5,3,14,199.88618021397207,14.277584300998004,3.719148244270734,6.8775870000002906,6.8775870000002906,4.225816,90.0,90.0,90.0,-8.961538217142857,-2.6865359121428583,0.028948351428571,1.55e-05,-0.23411567,-0.2579,1.4941,1.752
mp-1205663,Sr2ZrTiO6,4,10,136.39727724598058,13.639727724598057,4.995441929296163,4.057875,4.057875,8.283395,90.0,90.0,90.0,-8.513280478999999,-3.561698993333332,0.044961566749999,0.0002879,2.635655019999999,2.5011,4.37,1.8689
mp-1038146,KMg30MnO32,4,64,634.1596198292591,9.908744059832172,3.49611854080242,8.567548,8.567548,8.639438,90.0,90.0,90.0,-6.31628610078125,-2.917188637893453,0.052853269674479,4.0049443,4.21794278,4.2179,5.7620000000000005,1.544099999999999
mp-559122,WO3,2,16,223.8109228311719,13.988182676948243,6.880386057308288,7.58914586,7.58914586,3.88593452,90.0,90.0,90.0,-9.134737194375,-2.184233883125,0.006626723437499,0.0,0.48708798,0.3757,1.6299,1.2542
mp-773418,Li2NiSnO4,4,32,319.02106681745107,9.969408338045346,5.315102212750286,5.98818842499065,5.988167000345765,9.852962153051944,72.3095478600587,107.69047143424264,89.99880530110113,-6.134510994375,-1.959586208333333,0.013450210312504,0.0,5.54388881,4.7581,6.3208,1.5627
mp-570502,Cs2LiCr(CN)6,5,32,639.5364973746804,19.98551554295876,2.497040294201137,7.668816,7.668816,10.874485,90.0,90.0,90.0,-7.69818197875,-0.27358899016523,0.161281940937499,5.9995945,-1.00026412,-1.0003,0.8731,1.8734
mp-1219447,SbPbIO2,4,5,109.40494638709656,21.88098927741931,7.404747643930754,7.440388511681967,7.440388511681967,7.440388511681967,148.925663881213,148.925663881213,44.52073661576557,-5.268023972,-1.415707384999999,0.047260269374989,0.0015848,5.38275432,5.3397,6.5443,1.2046
mp-1037910,Mg30MnCrO32,4,64,624.0798121392087,9.751247064675136,3.5869042099172272,8.517857,8.517857,8.601604,90.0,90.0,90.0,-6.49156009421875,-2.959311416530172,0.017157589547413,9.0009061,6.39520867,6.3952,8.0926,1.6973999999999991
mp-28002,Rb3Mn2Br7,3,12,406.7563080275255,33.896359002293785,3.778693451457324,5.408384,5.408384,14.422187858114768,100.8070513948133,100.8070513948133,90.0,-4.321616181666667,-1.5945946361135062,0.023726977708332,9.9981704,0.86209766,0.7767000000000001,1.9057,1.129
mp-1412709,MgCuF4,3,12,130.6990113432656,10.891584278605466,4.163311988516723,6.185702302523215,6.185702302523215,6.185702302523215,131.31399230707032,131.31399230707032,71.31468359774912,-7.318626597500002,-2.731924700000002,0.08761073333333,2.0031467,1.36397737,1.3638,2.4407,1.0769
mp-1039822,BaMg30SiO32,4,64,654.3818979294516,10.22471715514768,3.569200349069381,8.680035,8.680035,8.68537,90.0,90.0,90.0,-6.22561460984375,-2.87259671015625,0.159676245878905,0.0005899,6.49187751,6.4918,8.1127,1.6209
mp-558848,Ba2MnSi2ClO7,5,52,818.035667151136,15.731455137521843,4.32948896949638,8.61307400000476,8.613078000004702,11.02695700000009,89.99999480403164,89.99998815184458,90.00011973933948,-7.716787507884614,-3.075644051956232,0.0,0.0,2.21699644,2.0666,3.5399000000000003,1.4732999999999992
mp-1014168,CsPbBr3,3,10,406.1413352248064,40.61413352248064,4.741253582787796,8.19814187,8.19814187,8.373861776600569,119.30823798314472,119.30823798314472,90.0,-3.533178795499998,-1.626885946431032,0.007483645000001,0.0,0.65729676,0.6554,2.4732,1.8177999999999992
mp-673650,Lu2Se3,2,40,945.2444086275935,23.63111021568984,8.246989353727807,14.208778910358518,14.208778910358518,14.208778910358518,144.86648740670705,144.86648740670705,50.53353310426069,-25.8570173155,-2.038129103604165,0.110370257999999,0.0053904,4.4023025,3.5148,5.3077,1.792899999999999
mp-722891,Na2Ni(H7N3)2,4,46,465.8573819607689,10.127334390451498,1.445926090070993,8.55839798455406,8.55839798455406,8.55839798455406,116.07414281151613,116.07414281151613,96.9459111354436,-4.997488663913043,-0.387681061750375,0.011874941884058,0.0035738,0.98574798,0.7941,1.8567,1.0626
mp-1221096,NaCa2Ta3O10,4,16,228.7946305735842,14.299664410849012,5.849643126613741,14.953465081870055,14.953465081870055,14.953465081870055,164.83474539681396,164.83474539681396,21.51046235856529,-8.9576920175,-3.305609941461206,0.046400138459832,0.0001885,1.46976583,1.4408,3.3068,1.8659999999999992
mp-1038035,Mg30MnSiO32,4,64,624.2965648701896,9.754633826096711,3.52206009741193,8.541819,8.541819,8.556383,90.0,90.0,90.0,-6.38311541328125,-2.9169250080926723,0.093031139407328,5.0001971,6.71913356,6.7189,8.6954,1.976499999999999
mp-1216730,TiNF,3,6,76.2486045078831,12.70810075131385,3.522458873272175,5.714576855817586,5.714576855817586,5.714576855817586,140.05721423974933,140.05721423974933,57.76643726620786,-8.38530153,-2.336094151111111,0.147872933749999,1.45e-05,2.46239819,2.4318,3.7426,1.3108
mp-13900,Sr(CuO)2,3,10,146.0255623515541,14.60255623515541,5.610975434093636,5.45096049872937,5.4509600857306655,6.24573345898046,115.87279585763484,115.87280996448368,89.99999956597573,-5.619746528999999,-1.662393840999998,0.0,0.0,3.5560962,3.4218,5.2378,1.815999999999999
mp-2232637,MgCr2(PO5)2,4,15,204.42677351459187,13.628451567639456,2.844955549800437,6.124342000241659,6.124586002336892,5.450064000793569,89.99755819525465,90.00013415268491,89.99902705197246,-7.738333286,-2.3218584822857142,0.22453848603333,3.9989628,1.54450541,1.508,2.6518,1.1438
mp-18773,WO3,2,16,216.60903676238735,13.538064797649213,7.109147318771005,5.23658196,5.23658196,7.89915727,90.0,90.0,90.0,-9.135362183125,-2.184858871875,0.006001734687499,0.0,0.44946265,0.3651,1.697,1.3319
mp-16742,BaAgTeF,4,8,206.5936401377877,25.824205017223463,6.298244067181046,4.583373,4.583373,9.83437,90.0,90.0,90.0,-4.63814405,-2.183376328333333,0.0,0.003588,3.4487153,3.3694,4.8804,1.510999999999999
mp-1036845,Mg30NiBiO32,4,64,637.1863364946873,9.95603650772949,3.9320193147090112,8.624797,8.624797,8.565815,90.0,90.0,90.0,-6.25125005609375,-2.86189031234375,0.07037087328125,0.9968573,6.97352622,6.9735,8.3568,1.3833
mp-1036665,Mg30SiSnO32,4,64,641.7588446738098,10.027481948028278,3.59123347007865,8.624954,8.624954,8.62697,90.0,90.0,90.0,-6.246937628437499,-2.861254151953124,0.148701995546875,0.0117925,7.12134118,7.1213,8.9145,1.7932
mp-760327,Na6NiO4,3,44,613.5542375553177,13.944414489893584,2.8214989466880773,5.462433194939687,10.591750575181234,10.604726656527315,89.92756359643593,90.01718796617955,90.02331373898825,-4.415311967954545,-1.35873875234326,0.029244772500001,8.0000001,1.64274065,1.5548000000000002,3.3465,1.7916999999999992
mp-1227389,BiPbIO2,4,5,115.18327577015268,23.036655154030537,8.29069059039695,7.51551144116766,7.51551144116766,7.51551144116766,148.55200331913676,148.55200331913676,45.07115434846119,-5.257524144,-1.4530009430000002,0.0,0.0002499,4.48073282,4.4013,6.1177,1.7164
mp-7469,NaCuO,3,12,177.46352725716636,14.78862727143053,3.837715995425951,4.652728974808185,6.599490721018177,6.599492047427868,82.8575644113002,69.36029742619,69.36027995771148,-4.689022076666666,-1.226059258793103,0.0,0.0,2.01292192,1.8851,3.1573,1.2722
mp-1219167,Sm2O3,2,5,86.54022531340051,17.3080450626801,6.691225869096116,3.891828,3.891828,5.713612,90.0,90.0,90.0,-8.502345376000001,-3.646134319,0.215818148249999,2.2e-06,1.88842201,1.7225,3.4417,1.7192
mp-758096,SbOF3,3,20,327.3997886531662,16.369989432658308,3.951103804576067,9.31185,9.31185,3.775778,90.0,90.0,90.0,-5.266244918,-2.302541044,0.039707912899999,0.000537199999999,-1.02969445,-1.1196,0.8035,1.923099999999999
mp-38442,CsNd5Se8,3,14,383.2845006431053,27.377464331650376,6.437049733857878,7.926243864574569,7.926243864574569,7.926243864574569,109.08688944537496,109.08688944537496,110.2426480808007,-22.54108185991071,-2.063154734196424,0.028645964776785,0.0008523,5.04097046,3.3132,5.041,1.7278
mp-1033183,Mg6AlFeO8,4,16,155.55458717423102,9.72216169838944,3.807243205581403,8.63775457,4.24366391,4.24366391,90.0,90.0,90.0,-6.512088963125,-2.6632073899999997,0.257385686718747,3.1907674,8.65510937,8.3949,9.7302,1.3353000000000002
mp-1080363,CeSe2,2,48,3829.483405223946,79.78090427549888,2.067748022944649,14.12713258,16.44876036,16.47984025,90.0,90.0,90.0,-5.703682803958333,-1.3940918621874991,0.545036267291666,0.0002242,-2.68609341,-3.0088,-1.9644,1.0444
mp-1203789,MnB4H24(C2N)2,5,140,1312.2163034585762,9.372973596132688,1.004403867785521,12.730992597935284,12.730992597935284,12.730992597935284,125.72304003426272,125.72304003426272,80.3438209001474,-5.050885524642857,-0.166198011059934,0.195214622499999,20.1353884,-1.46178473,-1.5373,0.3794,1.9167
mp-27806,Ni(NF7)2,3,17,204.0701939135492,12.004129053738188,2.869827717322747,6.5794852324545445,6.579484112296463,6.579484865933693,91.57363164111467,119.09566763234118,119.09566179655364,-3.871136139999998,-0.974040527058822,0.0,0.0,-1.63915087,-1.6908,0.263,1.9538
mp-1205224,GeH10Se3N4,4,144,1848.6807513287563,12.838060773116364,2.6991874247197503,12.93912263,12.93912263,14.340109774044882,116.8175837808478,116.8175837808478,90.0,-4.925693905555556,-0.34705292469618,0.066230367240306,0.0,0.56402578,0.554,2.0955,1.5414999999999992
mp-27483,Li5TlO4,3,80,816.3699014924835,10.204623768656043,4.931940548670556,13.17736073,13.17736073,4.70143152,90.0,90.0,90.0,-5.035327619124999,-1.864534572124999,0.0,0.0,1.7555033,1.7258,3.4096,1.6838000000000002
mp-6166,PrCuSO,4,8,133.81202691806052,16.726503364757566,6.267240646514073,3.968821,3.968821,8.495171,90.0,90.0,90.0,-6.7358191925,-2.240809981041666,0.007993972890623,0.008340199999999,5.25977428,5.1177,6.7593,1.641599999999999
mp-1032067,Mg6CoBO8,4,16,151.56318343478196,9.472698964673873,3.764175372649907,8.42903535,4.2404107,4.2404107,90.0,90.0,90.0,-6.415655368125,-2.466948079322916,0.387053535520834,2.0000064,6.68163815,6.4444,8.3041,1.8597
mp-1221916,Mn3V2O8,3,39,469.3389558620788,12.034332201591765,4.189309453449711,10.851355775465011,10.851378156755615,10.85129434589644,142.54915376418992,142.54920474773746,54.00216710141329,-8.819257477692307,-2.262523165676392,0.01831446076923,45.0000002,1.89993364,1.8999,3.7164,1.8165
mp-12622,SrPdF4,3,12,181.3603153121157,15.113359609342972,4.944867487441808,5.832180477133519,5.83218050761083,6.740631438409627,115.63355578677688,115.63355970241037,90.0000015045816,-5.285625199999999,-2.864338633333332,0.0,0.0,0.37337128,0.3399,1.665,1.3251
mp-1086652,BaAgSF,4,8,174.53310087318576,21.81663760914822,5.637314434554091,4.304429,4.304429,9.419909,90.0,90.0,90.0,-4.9533515875,-2.250060911041666,0.0,1.67e-05,2.57443434,2.4148,3.8472,1.4324
mp-1030675,NaMg6CO8,4,16,153.90179815259873,9.61886238453742,3.332105893264849,8.23073359,4.32416816,4.32416816,90.0,90.0,90.0,-5.942691209375,-2.196490487273707,0.567813390514322,0.1104641,5.07615914,4.7122,5.7404,1.0282
mp-1205327,Sr2NiTeO6,4,10,128.31484464822938,12.83148446482294,5.920952553202255,5.612026855418637,5.68674214162828,5.68674214162828,91.44215982256677,60.424240798425366,60.424240798425366,-6.512011597999999,-2.312405119666665,0.002400895,2.0000129,3.71420053,3.7142,5.6295,1.9153
mp-557403,LiFe2F6,3,18,213.0242805197013,11.834682251094517,3.62660024826429,4.75622,4.75622,9.416841,90.0,90.0,90.0,-6.123767502222222,-2.753536442592592,0.0,18.001008,0.28057056,0.1953,1.9011,1.7058
mp-1036069,Mg14MnCdO16,4,32,322.61834047731696,10.081823139916157,3.930350993595778,8.635781,8.635781,4.325993,90.0,90.0,90.0,-6.334868576875,-2.831244146497844,0.038446446875001,5.0077326,5.63505139,5.6349,7.2025,1.567599999999999
mp-29842,CsReF8,3,20,310.6666135773861,15.533330678869303,5.036134457728252,7.77976452,7.77976452,5.13288672,90.0,90.0,90.0,-12.6342317475,-2.381502616749999,0.0,0.0,-2.85396562,-2.9502,-1.2321,1.7181000000000002
mp-1032301,NaMg6CoO8,4,16,156.01486014845509,9.750928759278445,3.786393963344678,8.59102046,4.261481489999999,4.261481489999999,90.0,90.0,90.0,-6.16560844625,-2.550505594461207,0.117602201874999,1.9999945,3.99434577,3.6853,4.8497,1.1644
mp-34380,HoTaO4,3,6,67.8138274036397,11.302304567273284,10.036519164488247,3.591118,3.591118,5.258464,90.0,90.0,90.0,-9.528219935,-3.485478097055554,0.250773658333315,0.001192699999999,4.24484858,4.1297,5.7189,1.5892
mp-2232138,MgV2(PO5)2,4,15,212.7742696347628,14.184951308984186,2.716882430526814,5.278685999999999,6.348873,6.348873,90.0,90.0,90.0,-7.923866242666666,-2.58327695895238,0.141699110500001,1.997313999999999,1.61273009,1.5783,3.4882,1.9099
mp-1040077,LiMg30BO31,4,63,612.3541142840394,9.719906575937133,3.370364292141129,8.465057999999999,8.465057999999999,8.545603999999999,90.0,90.0,90.0,-6.223290851111112,-2.875843132976191,0.113190629120876,0.0005983,6.42860522,6.4285,8.3121,1.883599999999999
mp-1080311,CeSe2,2,12,845.0808676279206,70.42340563566005,2.342499707240308,11.025225434279836,11.025225434279836,11.025225434279836,97.5800901329446,97.5800901329446,137.40668999891798,-5.712972873333332,-1.403381931562498,0.535746197916667,1.63e-05,-1.52270571,-2.5254,-1.5227,1.0027
mp-1025252,Cs2MnCl4,3,7,224.45757030811163,32.06536718687309,3.422029941389792,5.14018026,5.14018852,9.240143501310415,106.14948845318295,106.14946179203687,90.0,-14.774618332857145,-1.987476009211824,0.0,4.9999998,1.39948301,1.363999999999999,2.5975,1.2335
mp-1042098,TiS2,2,6,170.69679107548046,28.449465179246744,2.17901452827855,6.499118575822263,6.499118575822263,6.499118575822263,126.72127604332942,126.72127604332942,78.70587052373739,-6.770336645,-1.38024083111111,0.227273081666666,2.299999999999998e-06,0.206392599999999,0.1288,1.767,1.638199999999999
mp-637582,Rb2BaPt2(CN)8,5,21,434.54253261795657,20.692501553236028,3.464320420904044,7.863323999999999,7.863323999999999,7.027809,90.0,90.0,90.0,-7.792960996190477,-0.336942289285715,0.065727611428563,0.000337299999999,-0.54764605,-0.6383,1.0688,1.7071
mp-22956,K2PdCl4,3,7,204.0405207788224,29.14864582554605,2.656567630226341,4.09634545,7.05764687,7.05764687,90.0,90.0,90.0,-10.062401124285714,-1.547152971071427,0.0,0.0,-0.4736166,-0.5472,0.8807,1.4279
mp-1200872,CaTi2FeO6,4,40,437.4384411038195,10.935961027595487,4.367789050591931,7.573507,7.573507,7.626457999999999,90.0,90.0,90.0,-8.719011236750001,-3.123574121416667,0.019325853499998,15.9990178,3.86344666,3.893,5.2742,1.3812
